Date,Price_0939,Prev_Delta_Close,Gap,atr10m_pct,vwap_gap,ret939_pct,MACD_Hist,Bollinger_Width,OBV,MA5,Composite_HL,ATR_14,Stoch_K,Stoch_D,Delta_Close
2021-01-11,147.5241,-1.979995727539,-0.011884881675,0.007311169674,0.00203647113,-0.003148185688,-0.312493364454,0.268457159278,-67571000.0,146.252001953125,-0.194278153309,11.636213030134,33.631824760547,35.630442318128,0.605904882812
2021-01-12,145.5,0.605904882812,-0.00033756194,0.004551323609,0.001411873739,-0.017423014587,-0.297166117032,0.267677130823,-70372900.0,148.048004150391,0.032675093422,11.245498657227,29.312627139055,33.508921253266,15.300003051758
2021-01-13,165.81,15.300003051758,6.2154892e-05,0.010631428394,0.002690956207,0.031092593744,0.527355679646,0.271954884771,-62249300.0,150.548004150391,0.376792766538,10.772641863142,62.681070018386,41.875173972663,4.180005493164
2021-01-14,179.9462,4.180005493164,0.032648906486,0.009585507577,-2.9257889e-05,0.025100831719,1.592555000361,0.270901480194,-49719600.0,155.992004394531,0.294874196284,11.154784066336,79.264799045466,57.086165400969,0.5538
2021-01-15,181.28,0.5538,0.022603888261,0.007673474916,-0.001650701834,-0.017878426698,2.833375876779,0.271379945682,-39793100.0,161.838003540039,0.233750877009,11.489069257464,86.275290715758,76.073719926537,-12.009995727539
2021-01-19,170.96,-12.009995727539,0.022035774995,0.007340346821,-0.002126691223,-0.011791907514,2.725373836324,0.266721689244,-48368800.0,165.738003540039,-0.299765618813,12.378855024065,64.00239080472,76.514160188648,2.730002441406
2021-01-20,173.39,2.730002441406,0.01335708465,0.006988979151,-0.000539975873,-0.014997443618,2.770151739016,0.280718896373,-43683400.0,170.850003051758,0.063294404306,12.084569658552,72.768750045843,74.348810522107,-11.559998168945
2021-01-21,157.605,-11.559998168945,0.019526686191,0.007760623144,-0.003697631116,-0.044644480815,1.863076593374,0.282108541266,-52200800.0,171.056002807617,-0.415793133293,12.568783351353,49.246336240162,62.005825696908,22.794993896484
2021-01-22,182.8942,22.794993896484,-0.012804864949,0.010970015161,0.001987032332,0.026976247965,2.34467348964,0.310257492447,-34582400.0,173.138000488281,0.351802672748,14.063569205148,86.076944608765,69.364010298257,-1.024204882813
2021-01-25,186.5499,-1.024204882813,0.022983493962,0.017161971831,-0.006699169425,0.002848618428,2.574791561447,0.337144599164,-27445600.0,173.411999511719,0.2146279674,14.506212506975,88.992456854022,74.77191256765,-9.019901220703
2021-01-26,179.15,-9.019901220703,0.013913148413,0.007601388889,-0.000764405469,-0.004722222222,2.258575466689,0.35213949465,-34918500.0,175.063998413086,-0.1266390536,15.108712332589,72.944581470718,82.671327644502,13.590005493164
2021-01-27,196.78,13.590005493164,-0.026460547671,0.012432903432,0.00869475606,0.048710296312,2.85899204283,0.393203640616,-28457600.0,178.873999023438,0.446461171242,15.390854971749,99.498950643883,87.145329656208,4.47
2021-01-28,209.28,4.47,0.006708104862,0.010805665025,0.001812745889,0.030935960591,3.568366042119,0.437526152396,-17437800.0,186.757998657227,0.298891161612,17.052283150809,79.624257321232,84.022596478611,-21.910004882812
2021-01-29,182.55,-21.910004882812,0.017825754837,0.011200776047,-0.005786745946,-0.04278747837,2.871835404211,0.44314197821,-24515500.0,188.151998901367,-0.22644874101,18.062283107213,60.450331365093,79.857846443403,1.080004882812
2021-02-01,185.99,1.080004882812,0.020966022667,0.009954837681,-0.001319896519,-0.011795334998,1.97119081575,0.437410988586,-29045300.0,188.504000854492,-0.210833997197,18.483712332589,55.283885356174,65.1194913475,-5.549997558594
2021-02-02,184.36,-5.549997558594,0.015406776445,0.004365571444,0.001612184889,0.006222028163,1.020431028473,0.422456988066,-32922700.0,189.086001586914,-0.362504027335,18.669427054269,50.877195940152,55.537137553806,-5.190001831055
2021-02-03,180.02,-5.190001831055,0.01568341568,0.004632102429,-0.004802582149,-0.010770414331,0.208304433528,0.386342213204,-37336300.0,186.37200012207,-0.18999284579,17.890784127372,39.294539404981,48.485206900436,5.700001220703
2021-02-04,191.9499,5.700001220703,0.007269039924,0.008363126103,0.001925336642,0.026085957128,0.024223286375,0.368223561539,-33167300.0,183.266000366211,0.200905215348,17.352213178362,50.09065486457,46.754130069901,3.850103051758
2021-02-05,193.58,3.850103051758,0.006128687076,0.008339949239,-0.001206126929,-0.017360406091,0.468659762155,0.342324542672,-29535800.0,184.952001953125,0.4704333502,16.840785435268,66.705130116109,52.030108128554,1.729997558594
2021-02-08,196.2486,1.729997558594,0.023654678076,0.007720024041,-0.000597639236,-0.017086046279,0.608119468758,0.32617708451,-32405500.0,187.288000488281,-0.10279423048,15.831142970494,65.897473106146,60.897752695609,4.181392675781
2021-02-09,204.0,4.181392675781,-0.006121787112,0.008775527553,-0.000505895901,0.020102010201,0.905746042244,0.305148028417,-28917400.0,191.285998535156,0.049994474092,15.721143450056,74.336562065479,68.979721762578,-4.119995117188
2021-02-10,208.05,-4.119995117188,0.028016763598,0.007161378236,0.000748288428,0.012507299981,0.922997025249,0.265969839619,-33643200.0,195.42799987793,0.058588510615,15.560429164342,73.430038562004,71.22135791121,3.610003662109
2021-02-11,211.45,3.610003662109,0.008693169735,0.007764309133,-0.000555184623,-0.009601873536,1.548376935904,0.272008808816,-28386000.0,200.616000366211,0.274678706548,14.610143389021,90.55906847172,79.441889699734,5.389996337891
2021-02-12,209.65,5.389996337891,-0.010985075744,0.007538702148,-0.002291540977,-0.021241830065,2.097410793738,0.295663892557,-24790800.0,204.823999023438,0.158894695615,14.811786106655,93.788808100595,85.92597171144,3.029992675781
2021-02-16,215.6,3.029992675781,0.016738823303,0.006442937173,0.001163425269,-0.00180563915,1.968973992857,0.313140000222,-27832500.0,208.297998046875,-0.093298145723,13.77607182094,83.049242456041,89.132373009452,-5.739999389648
2021-02-17,204.7,-5.739999389648,-0.013389867294,0.009363422706,0.003160578202,-0.018178329896,1.503673296793,0.307324518589,-31320400.0,210.183999633789,-0.306118709796,13.346786499023,76.465091289091,84.434380615242,-2.739993286133
2021-02-18,198.7634,-2.739993286133,-0.014606912799,0.006218933722,0.00016370381,-0.001239133712,0.524003644073,0.295937384199,-35411000.0,210.6,-0.168132819511,12.156786237444,58.02009115236,72.511474965831,-0.723406713867
2021-02-19,203.995,-0.723406713867,0.029842475573,0.006986614366,0.002066847917,0.000220642314,-0.473907858416,0.252503617634,-38202400.0,207.875997924805,-0.038540968337,11.013930184501,48.867596965912,61.117593135788,-2.924992675781
2021-02-22,202.6242,-2.924992675781,-0.001840206707,0.00892939711,-0.001116589683,0.009587443946,-0.986326180799,0.243054474839,-35596600.0,204.72200012207,-0.254801356515,10.536787850516,55.942109943911,54.276599354061,-7.284203662109
2021-02-23,181.67,-7.284203662109,-0.032456212024,0.009579047619,0.002473300892,-0.038783068783,-1.72438126343,0.233064752301,-39270800.0,201.254000854492,-0.203607648794,10.709644862584,42.563611832245,49.124439580689,5.919996337891
2021-02-24,190.55,5.919996337891,0.018071322863,0.003904294929,0.002437008276,-0.000734175888,-2.690151795147,0.218878504776,-45173200.0,196.8,0.002140345782,11.493287222726,28.015121614703,42.17361446362,9.649996948242
2021-02-25,194.0,9.649996948242,-0.013936030613,0.007429649379,0.001569268022,-0.024095779466,-2.442563597257,0.218053424694,-39189700.0,196.447998046875,0.288608615822,12.123645237514,56.074756516842,42.21782998793,-11.940002441406
2021-02-26,200.405,-11.940002441406,0.066571434031,0.012815306963,0.003656745136,0.032164194479,-3.404270702642,0.228634969554,-50758200.0,193.251998901367,-0.333248670192,12.832930428641,15.709829049613,33.266569060386,5.945006103516
2021-03-01,198.8,5.945006103516,-0.051029796306,0.012306280983,0.001764703259,0.015996320335,-2.357983396873,0.2277748161,-31389600.0,194.307998657227,0.283332617894,14.621502467564,69.75968936293,47.181424976461,-2.380001831055
2021-03-02,197.4244,-2.380001831055,-0.004021959543,0.007131066223,-0.000446867553,0.009585272309,-2.286439391375,0.217763617613,-47188100.0,194.523999023438,0.060429291051,14.855074201311,47.663544737,44.377687716514,-7.524406103516
2021-03-03,184.77,-7.524406103516,-0.015429135176,0.006401133872,-0.00109496254,-0.011766593571,-2.606766332364,0.204856066109,-56333000.0,194.985998535156,-0.218851817194,14.743645804269,33.155302818641,50.192845639524,-4.370006103516
2021-03-04,181.8342,-4.370006103516,-0.009756067441,0.006727648637,0.003226238827,0.016060572195,-3.340153340999,0.202393152115,-66925900.0,191.025997924805,-0.312530890285,14.476788112095,12.016007127291,30.944951560977,-1.604204272461
2021-03-05,180.4899,-1.604204272461,0.012706034507,0.007589224849,-0.001229989076,-0.007752061572,-3.690961233493,0.211359362079,-76919600.0,190.659997558594,0.097161164478,14.483216421945,19.536630963689,21.56931363654,-0.679902441406
2021-03-08,180.055,-0.679902441406,0.001012217554,0.008996768752,0.000729959572,0.000347792462,-3.791127987072,0.22777585401,-85708100.0,185.351995849609,-0.002668201123,15.458930969238,31.487345506903,21.013327865961,0.754997558594
2021-03-09,186.87,0.754997558594,0.023118234561,0.006700394787,-0.001092426533,0.01059975123,-3.629685110447,0.24057548242,-80719600.0,182.229995727539,0.069560768928,15.436073303223,36.226052183183,29.083342884592,-3.759999389648
2021-03-10,186.83,-3.759999389648,0.007973385992,0.006105821251,0.002666401393,0.010766067951,-3.2214975439,0.248436442418,-74639700.0,180.871997070312,-0.083686248145,15.071788242885,40.632187267197,36.115194985761,-3.040006713867
2021-03-11,191.35,-3.040006713867,0.033244468326,0.006538125329,0.003556160387,0.007635597683,-2.776095885696,0.254379398989,-68494100.0,181.549996948242,-0.015561915447,15.047501700265,41.934854923809,39.59769812473,6.519995117188
2021-03-12,192.28,6.519995117188,-0.008086071078,0.007958778626,-0.002157463434,-0.021475826972,-1.469233283218,0.24266523512,-62462900.0,185.077996826172,0.35038644469,15.74035862514,68.908032199979,50.491691463662,14.460005493164
2021-03-15,206.885,14.460005493164,0.013533853232,0.007945751232,3.7689025e-05,-0.012663072735,-0.020072350576,0.226081692397,-56906400.0,190.463998413086,0.357177958115,16.097501482282,85.900385268072,65.581090797287,3.105005493164
2021-03-16,213.9648,3.105005493164,-0.004190698889,0.008572439514,-0.000158206601,0.023069714067,1.083700824043,0.221461304169,-52577000.0,196.3,0.046403857674,15.353930882045,92.12643745183,82.311618306627,-13.954805493164
2021-03-17,199.68,-13.954805493164,-0.021898853779,0.010129325768,-8.2660434e-05,0.020702346266,1.066351662677,0.210076169929,-57182600.0,199.679998779297,-0.219580953774,15.122145516532,71.113999557338,83.04694075908,1.680000610352
2021-03-18,197.6,1.680000610352,-0.022645994958,0.006570223577,0.001265278055,0.00406504065,1.067839003119,0.209553792824,-53400700.0,203.194000244141,0.340024813351,14.323574611119,73.633137104183,78.957858037784,-6.150003051758
2021-03-19,191.5,-6.150003051758,0.008148328981,0.005885653593,-0.00038882004,-0.007823428838,0.360033390231,0.208587380807,-57112200.0,201.910000610352,-0.266051046724,12.797860281808,55.140878254703,66.629338305408,2.889999389648
2021-03-22,196.515,2.889999389648,0.012655006541,0.005491033782,0.000708610569,-0.001701803404,0.06399781595,0.205153249941,-52667600.0,199.439999389648,0.101819567979,12.437145778111,60.626979775781,63.133665044889,-1.515
2021-03-23,194.13,-1.515,0.002564102564,0.0056998619,-0.000256525122,-0.007058462483,-0.107270738981,0.205066241634,-48927200.0,196.441998291016,-0.085658122264,12.25214603969,61.765252734054,59.177703588179,-6.990000610352
2021-03-24,186.945,-6.990000610352,0.009939086333,0.005963544974,0.00086542509,-0.010873015873,-0.731650761389,0.205339659734,-52387800.0,193.867999267578,-0.350238611262,12.245717729841,47.098339299962,56.496857269932,-8.094993896484
2021-03-25,175.65,-8.094993896484,-0.032149845143,0.011210167533,9.0779661e-05,0.014731369151,-1.633074788816,0.211871346881,-56143900.0,189.366000366211,-0.418803257283,12.120003836496,31.629051201335,46.83088107845,0.510003662109
2021-03-26,180.0,0.510003662109,0.012806520534,0.006109818565,0.00370944804,0.008877562059,-2.299790053411,0.219782725814,-61408000.0,186.308001708984,0.194906250946,11.222860063825,12.580580064262,30.43599018852,-5.600006103516
2021-03-29,176.02,-5.600006103516,0.005504625846,0.006003420558,0.000191088661,0.003477566843,-2.719852449996,0.221010427159,-64970900.0,182.310000610352,-0.117191143779,11.482146126883,13.476506961598,19.228712742398,6.48
2021-03-30,181.7916,6.48,-0.000821884364,0.005666575267,0.000685716067,-0.003062242939,-2.327854970547,0.221206617247,-60462100.0,179.810000610352,0.331261931855,11.712146214076,30.532740203161,18.863275743007,1.308406103516
2021-03-31,188.305,1.308406103516,0.012725212969,0.006201533229,-0.00191430192,0.016600982562,-1.920750074909,0.223076297959,-57558800.0,179.002001953125,0.073450198425,11.526431492397,31.796176787916,25.268474650892,-0.364997558594
2021-04-01,191.57,-0.364997558594,0.024263049374,0.007704,0.002125691839,-0.004831168831,-1.250553205505,0.219100524255,-54479300.0,180.820001220703,0.194656955967,10.952501569475,41.987787185783,34.77223472562,-3.329994506836
2021-04-05,189.99,-3.329994506836,0.018168285535,0.004990660545,7.5256992e-05,-0.008713346551,-0.737469712779,0.214546662764,-51557900.0,183.236001586914,-0.224202822403,10.389645167759,42.619505478161,38.801156483953,-3.299997558594
2021-04-06,192.46,-3.299997558594,0.010766481764,0.007244873086,-0.002353602635,0.019871760903,-0.466140750205,0.209544759508,-54149300.0,185.694003295898,-0.378224971214,10.129645211356,39.355654409648,41.320982357864,-2.430001220703
2021-04-07,187.29,-2.430001220703,-0.003420480454,0.005392024475,-0.000397743387,-0.012079333263,-0.047431589958,0.204574306323,-50583700.0,187.200003051758,0.113859101441,9.449643816267,62.126324330504,48.033828072771,-7.349997558594
2021-04-08,180.425,-7.349997558594,0.009492011396,0.004855162102,-0.000297741447,-0.006732255094,-0.415259454571,0.207740106934,-57247200.0,186.568002319336,-0.392336194459,9.601785932268,33.824366597253,45.102115112468,-0.245007324219
2021-04-09,179.695,-0.245007324219,-0.003107989685,0.005035630776,0.003934072893,0.000417548157,-0.596609273537,0.211047896755,-54621900.0,185.016000366211,-0.14680079916,9.16749899728,34.504225559351,43.484972162369,-0.195
2021-04-12,180.25,-0.195,0.001002744712,0.004041501866,-0.00092735558,0.004122333018,-0.708922975858,0.213005009741,-57532100.0,183.267999267578,0.002996722183,8.919641767229,32.57790086537,33.635497673991,-3.759994506836
2021-04-13,173.48,-3.759994506836,-0.006940937534,0.006187492868,-0.002139211519,-0.010156339153,-0.919158002538,0.201841180778,-60151900.0,181.22799987793,-0.289542721979,8.657499040876,29.530453888239,32.204193437653,4.469996948242
2021-04-14,178.405,4.469996948242,0.008710329184,0.004340557103,-0.00068513885,-0.006100278552,-0.892388342379,0.171848127364,-56578300.0,178.811999511719,0.22567517574,8.333213806152,37.575523237409,33.227959330339,-1.975007324219
2021-04-15,176.52,-1.975007324219,0.003230784718,0.005247090724,0.001927586756,-0.0028245396,-0.906614477847,0.161622793118,-59516900.0,178.109997558594,-0.231861576707,7.967999049595,31.835324907911,32.980434011186,-1.169993896484
2021-04-16,174.33,-1.169993896484,0.003775233999,0.005370148268,-0.000480655683,-0.009555603911,-0.915642966815,0.143034975423,-62411800.0,177.144000244141,-0.195388606952,7.607285635812,27.756825110036,32.389224418452,4.360002441406
2021-04-19,178.0,4.360002441406,-0.007666881742,0.004322662602,0.000361366494,0.004968383017,-0.636780464366,0.138260033284,-59353500.0,176.982000732422,0.22218987931,7.147999354771,29.319624553184,29.637258190377,-3.419998168945
2021-04-20,171.96,-3.419998168945,-0.0079963116,0.004366605336,-0.002746882562,-0.011269549218,-0.666081948247,0.129459377457,-62479200.0,176.6,-0.16907283844,6.809427533831,13.402969554209,23.493139739143,-2.389992675781
2021-04-21,166.4,-2.389992675781,-0.008728023367,0.007312689631,0.000262869563,-0.010054137664,-0.942915988858,0.122749705194,-67054200.0,174.924002075195,-0.162658772604,6.99728502546,13.984821293543,18.902471800312,0.670007324219
2021-04-22,169.52,0.670007324219,0.008499420044,0.004991097395,-0.00179647193,0.006113122441,-1.198055460776,0.133987744187,-70932800.0,173.052005004883,-0.063701884169,6.784786769322,9.716772554768,12.36818780084,1.190006713867
2021-04-23,174.935,1.190006713867,0.012940071155,0.005731688915,-0.000269004703,0.015293093442,-1.03165133699,0.140840001655,-67076300.0,172.124005126953,0.15560878492,6.87264251709,21.706230118506,15.135941322272,-0.685
2021-04-26,174.87,-0.685,0.005509364212,0.003602876548,-0.000552133934,-0.001940528509,-0.613785847027,0.142169294243,-63746400.0,171.236004638672,0.12441349504,6.961927141462,33.366286820906,21.596429831393,0.010004882812
2021-04-27,177.04,0.010004882812,0.007347829183,0.003951913808,0.000118269747,0.00391267366,-0.244524163369,0.141788894911,-61197000.0,171.296005249023,-0.019075610552,6.759856087821,40.603810434789,31.892109124734,0.900002441406
2021-04-28,174.45,0.900002441406,-0.019686444495,0.003811631815,-0.000922919288,7.3952158e-05,0.230550064169,0.140579567741,-58314000.0,172.970004272461,0.198028264612,6.306999206543,69.868595431791,47.946230895829,5.55
2021-04-29,179.1001,5.55,0.015277777778,0.006148446932,-0.001410998223,-0.017121611239,0.682698234201,0.138851061517,-55904300.0,175.556002807617,0.357463627683,6.572642735073,86.586667615966,65.686357827515,-1.420107324219
2021-04-30,173.86,-1.420107324219,-0.026316946566,0.006644145186,0.000393396389,0.004854930066,0.815696754825,0.129605530925,-59020300.0,176.95,-0.229064765383,6.905499049595,70.99472892518,75.816663990979,-1.149993286133
2021-05-03,170.6599,-1.149993286133,0.002779200445,0.004458340551,0.000229116252,-0.014608811132,0.570711872208,0.119982737187,-62600300.0,176.642001342773,-0.020253162851,6.936212812151,44.973868331114,67.518421624087,-2.549899389648
2021-05-04,165.65,-2.549899389648,-0.006513599528,0.005929992085,0.001597931139,-0.008175294015,0.123967309984,0.117081668483,-65750000.0,175.288000488281,-0.433580091959,6.876926967076,20.890074439404,45.6195572319,3.249993896484
2021-05-05,168.2,3.249993896484,0.002368319537,0.00468389345,-0.000751456292,-0.006556021499,-0.082122600072,0.096725807589,-61092000.0,173.479998779297,0.154080441878,6.942854745047,32.643410044435,32.835784271651,-5.869998168945
2021-05-06,157.69,-5.869998168945,-0.002587310813,0.005103020196,0.000476420667,-0.02606386264,-0.596081159623,0.113334643908,-64682100.0,169.945999145508,-0.407556376652,7.233568464007,1.740334961287,18.424606481709,-4.050000610352
2021-05-07,156.63,-4.050000610352,0.018614948072,0.008015639962,0.001137965907,-0.000127673157,-1.409998787229,0.151350540852,-73211100.0,165.138000488281,-0.325444525064,7.594997950963,9.040596725276,14.474780576999,-5.419993286133
2021-05-10,147.6002,-5.419993286133,-0.006124000335,0.006667819839,5.8506054e-05,-0.018028075311,-1.966545169377,0.185132996661,-80345100.0,160.838000488281,-0.29231630057,7.670283726283,7.055771667363,5.945567784642,-0.870204272461
2021-05-11,141.23,-0.870204272461,-0.052000203409,0.010617181884,0.001362556434,0.015312724659,-2.458946385111,0.224989055029,-86172300.0,156.561999511719,-0.27677992407,7.47099849156,5.710572685514,7.268980359384,1.499995727539
2021-05-12,142.295,1.499995727539,-0.012821424268,0.009513129879,-0.000444603533,0.009900638751,-2.849092551892,0.264510485817,-94429700.0,151.32799987793,0.246841018329,7.793854849679,14.234272961005,9.000205771294,-2.045
2021-05-13,138.8,-2.045,0.014260249554,0.006076485062,-0.004803921887,-0.024253075571,-3.051198348351,0.301923643308,-99737200.0,146.911999511719,-0.032524474892,7.520284380232,8.981158420019,9.642001355513,-3.05
2021-05-14,134.405,-3.05,0.01421725728,0.016197459165,0.002852920884,-0.024283121597,-3.246807019165,0.342957220695,-112742600.0,143.333999633789,-0.253448255905,7.770927429199,8.60608588854,10.607172423188,6.794996948242
2021-05-17,136.135,6.794996948242,-0.028640164138,0.006124081751,0.001702640633,-0.009855262201,-2.785703597556,0.358784895333,-92417200.0,141.331997680664,0.20381637644,8.172284807478,19.098955915424,12.228733407994,-3.635
2021-05-18,134.4241,-3.635,0.011320754717,0.008045981308,7.4411837e-05,0.00504,-2.833827933859,0.392352069251,-132172200.0,138.485998535156,-0.280435658105,8.610641479492,4.242253139644,10.649098314536,0.595904272461
2021-05-19,131.81,0.595904272461,-0.037550045651,0.007254,0.000753750323,0.013923076923,-2.476110473189,0.417208680584,-113616600.0,136.944000244141,0.099395269058,8.509997776576,8.999940943209,10.780383332759,6.380002441406
2021-05-20,136.95,6.380002441406,0.004696447382,0.007036803886,0.003573424883,-0.013602845318,-1.835646728422,0.433310472087,-98051100.0,136.532000732422,0.506572108462,8.424283708845,18.142912920681,10.461702334511,-0.750003051758
2021-05-21,134.03,-0.750003051758,0.002569795238,0.006060490663,0.000650590866,-0.018454778469,-1.376652827106,0.44605212227,-106954700.0,136.62200012207,-0.395359270224,8.250712803432,14.841049321529,13.99463439514,0.680006713867
2021-05-24,136.3799,0.680006713867,0.005864399427,0.004005756458,0.001064007476,0.006493726937,-1.020414450818,0.451928612811,-117011200.0,135.324002075195,-0.198529054861,8.154283796038,12.354835024114,15.112932422108,-0.469896337891
2021-05-25,136.9828,-0.469896337891,0.010963065221,0.004338911525,0.001496496749,-0.003326542491,-0.573261422616,0.448804390767,-108467600.0,136.006002807617,0.070310888033,7.904998779297,15.319987889108,14.171957411584,-2.992794506836
2021-05-26,134.52,-2.992794506836,0.007090058283,0.004616199793,-0.000607302681,-0.003112494442,-0.290369573289,0.434999364805,-118903400.0,135.800003051758,-0.381425065538,7.635713849749,13.211916131098,13.628913014773,0.23
2021-05-27,137.05,0.23,0.002374822443,0.005471977493,-0.002269206012,0.01465906567,0.046429575799,0.403714788723,-110724200.0,135.112002563477,-0.039026163443,6.950642177037,18.431810876015,15.654571632074,6.119998168945
2021-05-28,144.365,6.119998168945,0.011105653127,0.005117975977,0.000500877636,-0.003417092365,0.888098924245,0.357689220669,-89454000.0,136.506002807617,0.467097267821,7.025356837681,64.742644546252,32.128790517788,-3.965006103516
2021-06-01,142.525,-3.965006103516,0.024857590063,0.005343526305,-0.004994713609,-0.009486413232,1.285945463634,0.315190517941,-101454600.0,137.644000244141,-0.442031477421,6.886785234724,69.914923975887,51.029793132718,1.784997558594
2021-06-02,147.43,1.784997558594,0.007206767116,0.006013977828,0.001161722448,0.01514838532,1.808128262412,0.274484818497,-84902500.0,139.323999023438,0.062264749925,6.527428763253,89.138487102048,74.598685208063,3.57
2021-06-03,148.84,3.57,-0.009602628796,0.00643671013,0.001098416967,-0.004747576062,2.554160872058,0.22263479159,-68657400.0,142.725997924805,0.36784440673,6.696714128767,92.605490772996,83.886300616977,-4.649997558594
2021-06-04,147.05,-4.649997558594,0.011373877258,0.004595419324,0.000758766381,0.008365905506,2.534030033487,0.178017652285,-79740700.0,144.613998413086,-0.340737510046,6.430356706892,62.983914213493,81.575964029512,3.679995727539
2021-06-07,148.04,3.679995727539,0.001525980182,0.005116451998,-0.000165117287,-0.01712919931,2.880927741118,0.170044908502,-71205800.0,146.125997924805,0.394700234549,6.201785496303,91.431048027711,82.340151004733,0.930001220703
2021-06-08,150.62,0.930001220703,0.01094183305,0.003874509804,0.002146984476,0.001129943503,2.903434832193,0.164763126574,-78986000.0,147.839999389648,-0.202896605451,5.745572771345,83.775566277537,79.396842839581,-3.610005493164
2021-06-09,148.366,-3.610005493164,0.010611610609,0.003772525253,-0.001398060215,-0.000902356902,2.702058483321,0.165204554278,-86111800.0,148.379998779297,-0.345792077835,5.605573381696,75.250087607036,83.485567304095,-3.515993896484
2021-06-10,144.45,-3.515993896484,-0.018640055873,0.007170465738,-0.002488592426,0.016251582946,2.351991910519,0.166813630982,-91718300.0,147.15,-0.36267840681,5.336287362235,60.39357221024,73.139742031605,1.669995117188
2021-06-11,147.395,1.669995117188,-0.001710922587,0.004505038733,0.001033238535,0.010454514294,2.140612734546,0.169991215,-82235800.0,147.535998535156,0.331606345238,5.562715802874,66.801188365763,67.481616061013,1.045002441406
2021-06-14,149.37,1.045002441406,0.005456733665,0.004501206596,0.000350494364,0.001273629173,2.089371803897,0.171821806128,-77415900.0,147.07799987793,0.355299009139,5.524144853864,77.742974694569,68.312578423524,-0.159993286133
2021-06-15,150.97,-0.159993286133,-6.7085083e-05,0.004189555645,-9.2129022e-05,0.013357497651,2.037508882631,0.177893899058,-71308400.0,147.126000976562,0.001943693072,5.464145115444,81.765985650552,75.436716236962,0.809998779297
2021-06-16,151.09,0.809998779297,-0.005468453273,0.004362636635,-3.794945e-05,0.000927459424,2.098201970684,0.17522442184,-59300700.0,148.080001831055,0.279406815471,5.507716587612,90.209273711429,83.239411352183,-1.940006103516
2021-06-17,151.67,-1.940006103516,-0.00107266785,0.005422009698,0.000973697213,0.021484375,1.889627469033,0.170294855501,-68933500.0,148.939999389648,-0.147542716602,5.749931335449,76.143397676929,82.70621901297,-0.970003051758
2021-06-18,151.7199,-0.970003051758,-0.002123371413,0.004373919404,0.002556832181,0.008910094427,1.785666576652,0.170978040621,-60762200.0,149.855999755859,0.244665559072,5.346930367606,77.464734560434,81.272468649597,0.800104272461
2021-06-21,148.68,0.800104272461,0.0,0.00601480458,0.000979516491,-0.02171338334,1.765886416184,0.168754322889,-49133300.0,150.67200012207,0.215850381552,5.393359592983,83.430253183199,79.012795140187,1.019996948242
2021-06-22,150.57,1.019996948242,0.000334021729,0.004680934891,-0.001863751134,0.005475792988,1.499766309036,0.155918402208,-57173500.0,150.769998168945,-0.185319892351,5.471287318638,62.936028454822,74.610338732818,-0.890007324219
2021-06-23,149.69,-0.890007324219,0.000534485803,0.004363648504,0.000346549342,-0.00046741453,1.268466934122,0.142886563662,-62963900.0,150.349996948242,6.6226175e-05,5.103930882045,62.790648670939,69.718976769653,1.890001831055
2021-06-24,152.93,1.890001831055,0.007190898039,0.003570494804,-0.000160237185,-0.000392182496,1.190757293749,0.120265761713,-53628200.0,150.835998535156,0.156418681884,5.066073826381,76.598844940407,67.441840688723,-2.200004272461
2021-06-25,152.38,-2.200004272461,0.003317189771,0.00342623818,-0.000417360847,0.007604311314,1.0351748652,0.089963927247,-61801600.0,150.841998291016,-0.245003928948,4.808001926967,70.42147938666,69.936990999335,-2.710001831055
2021-06-28,148.665,-2.710001831055,-0.007048791934,0.004646322589,0.000775349297,0.000370096225,0.823178632663,0.084192297101,-68254000.0,150.271997070312,-0.187518602071,4.760143824986,62.71801422514,69.912779517402,1.275002441406
2021-06-29,148.77,1.275002441406,-0.001267189798,0.003743572621,-0.000516470366,-0.006544240401,0.669937932636,0.06658934111,-61803000.0,150.319998168945,0.184916372883,4.681571960449,64.680253184561,65.939915598787,-2.689998168945
2021-06-30,146.52,-2.689998168945,-0.003662401803,0.004510911337,0.001415664938,0.005489980785,0.296463005577,0.06253678652,-69282000.0,149.6,-0.425774940551,4.629429408482,36.627943078547,54.675403496083,6.619999389648
2021-07-01,156.255,6.619999389648,0.008880766722,0.005997282784,-0.004507579233,0.010901209808,0.500740777352,0.066158801062,-59483400.0,149.911999511719,0.417872604583,4.874786376953,84.272833585324,61.860343282811,-3.174998168945
2021-07-02,153.13,-3.174998168945,0.001502454434,0.005553735726,0.001299682149,-0.000783034258,0.600911425183,0.061792997712,-69270500.0,150.382000732422,-0.098735584932,5.035500662667,67.109768163455,62.670181609109,-2.900004272461
2021-07-06,151.22,-2.900004272461,-0.000998428415,0.00332004533,0.001554993274,0.008066128925,0.451157207675,0.061547644007,-74097000.0,150.494000244141,-0.267775329438,5.224072047642,45.461425941919,65.614675896899,-2.850004882812
2021-07-07,147.43,-2.850004882812,-0.001482787814,0.004294851899,-0.000120083252,-0.00526280278,0.214756849165,0.061905227774,-79166400.0,150.179998779297,-0.154527082445,5.230500357492,31.333059797199,47.968084634191,-3.709998779297
2021-07-08,141.2692,-3.709998779297,-0.022891793188,0.005651303174,0.000889476747,0.003261132022,-0.242099462372,0.069791817058,-84817300.0,149.707998657227,-0.396215828836,5.224070957729,0.868900350414,25.887795363177,1.260798779297
2021-07-09,144.71,1.260798779297,0.005402401453,0.00417640512,0.000580946798,0.006608235949,-0.591823766417,0.076648733682,-89644500.0,147.585998535156,0.264734637888,5.261356898717,16.778518906983,16.326826351532,4.929999389648
2021-07-12,148.2884,4.929999389648,-0.004343717583,0.005433988858,0.000323514956,-0.004709040875,-0.325030987227,0.073866549043,-82579400.0,146.897998046875,0.478715851641,5.427784511021,56.543612130132,24.730343795843,-1.598397558594
2021-07-13,146.68,-1.598397558594,0.006851215939,0.004942857143,0.000294844202,-0.006905890318,-0.32706769336,0.075575435247,-85855700.0,146.189999389648,-0.24573939272,5.258499145508,40.044752272924,37.788961103346,-3.269996337891
2021-07-14,141.9,-3.269996337891,0.003137835135,0.004284929793,0.001475973737,-0.013624357014,-0.51780923778,0.083849400161,-91727200.0,145.198001098633,-0.439967029737,5.361927577427,21.700245095152,39.429536499403,-2.810003662109
2021-07-15,137.098,-2.810003662109,0.000647036741,0.004167840207,0.000360331984,-0.01495904584,-0.882019055768,0.101748524189,-100272700.0,144.27200012207,-0.443660233702,5.24549974714,0.272199365878,20.672398911318,0.402
2021-07-16,139.1562,0.402,0.015927290483,0.003570539419,0.000317377253,-0.004462727143,-1.159629723315,0.121652914302,-106848800.0,143.266000366211,-0.196581006388,5.260714939662,4.599934051428,8.857459504153,-4.846202441406
2021-07-19,131.35,-4.846202441406,-0.021964090551,0.005545828258,0.000388487369,-7.6126675e-05,-1.467874532059,0.146034935928,-112943400.0,140.2,-0.404965674465,5.43142918178,3.347291821216,2.739808412841,0.530004882813
2021-07-20,131.84,0.530004882813,0.00659686901,0.00375217227,-0.000514162079,-0.003853418965,-1.7273138941,0.169533303984,-120159100.0,137.238000488281,0.08826299126,5.442144121443,5.793383655206,4.58020317595,4.249996337891
2021-07-21,138.02,4.249996337891,0.004555885022,0.003733021761,-0.000961037553,0.007886665693,-1.514877534822,0.179061018223,-113884500.0,135.773999023438,0.312264687752,5.553930010114,21.328403975281,10.156359817234,1.23
2021-07-22,139.095,1.23,0.014649862019,0.004685688564,0.001760518761,-0.015534030057,-1.081369935815,0.181195687937,-108614900.0,135.805999755859,0.302894328348,5.166786193848,32.988931467128,20.036906365872,0.375001220703
2021-07-23,138.51,0.375001220703,0.002366113345,0.003112732475,-0.000433311546,-0.009227467811,-0.717183777891,0.17929353372,-103986500.0,136.2,-0.237674814826,4.997499738421,37.175340457134,30.497558633181,0.219995727539
2021-07-26,137.87,0.219995727539,0.002883364576,0.003458561151,-0.000983647428,-0.008129496403,-0.475168975274,0.177883207782,-106797600.0,137.083999633789,-0.197230746536,4.797499520438,37.438844428607,35.867705450957,4.13
2021-07-27,140.65,4.13,-0.005246444487,0.003576696688,-0.001552785959,-0.002553010425,-0.065423165833,0.174098767345,-100308100.0,139.107998657227,0.305144786289,4.797499520438,58.130293814151,44.248159566631,0.930001831055
2021-07-28,141.48,0.930001831055,-0.001907079171,0.004865119241,-0.001175764664,0.001203028802,0.192635414126,0.169165175357,-105421200.0,140.205999755859,0.053466093533,4.716785975865,56.041789805314,50.536976016024,1.820003051758
2021-07-29,144.8,1.820003051758,0.002414466397,0.003233342607,0.000617736335,0.007094171651,0.478222226679,0.168021346024,-100954400.0,141.016000366211,0.377940736851,4.609643118722,64.594754342432,59.588945987299,-1.329998779297
2021-07-30,143.43,-1.329998779297,-0.011988577445,0.004335680586,-4.0986956e-05,0.009999295824,0.666084730623,0.153999616339,-95948900.0,141.816000366211,-0.015281207594,4.292500087193,65.440095783393,62.025546643713,0.579994506836
2021-08-02,143.75,0.579994506836,-0.001110953471,0.002853000487,4.3577551e-05,-0.000417217162,0.804941550448,0.137424681839,-91781800.0,142.87200012207,0.393292646623,4.188213893345,78.803504468216,69.61278486468,1.740005493164
2021-08-03,146.425,1.740005493164,0.015382440364,0.004505294852,-0.002229126093,-0.008822948059,0.963958561878,0.128342395569,-87259400.0,143.570001220703,0.295576402463,4.057856968471,95.112791653338,79.785463968316,-0.775006103516
2021-08-04,145.98,-0.775006103516,-0.003776092111,0.003254171838,-0.000993579567,0.006619776583,1.040837842349,0.123415287703,-81768400.0,144.383999633789,-0.214895243057,4.011427743094,87.757437565305,87.22457789562,1.419993896484
2021-08-05,147.075,1.419993896484,-0.004952481396,0.003045544419,-0.000902458673,0.00276130088,1.161303190969,0.128267798205,-77137000.0,145.203997802734,0.477693685881,3.902142116002,97.768881659326,93.546370292656,3.245007324219
2021-08-06,149.7,3.245007324219,-0.008847803128,0.004840928921,0.001665032253,0.004765420498,1.374793128782,0.139259989766,-72399500.0,146.573999023438,0.46834125725,3.740070887974,99.552257156427,95.026192127019,0.290005493164
2021-08-09,149.2,0.290005493164,-0.008333888621,0.003072672269,0.001479363568,0.003025210084,1.424855768779,0.140063871755,-76443000.0,147.770001220703,0.198194567458,3.652214050293,97.755221703841,98.358786839865,0.240002441406
2021-08-10,149.76,0.240002441406,-0.000501853232,0.003878308651,-0.002302452238,0.003551564699,1.352573479848,0.144772906535,-81984900.0,148.560000610352,0.159868453871,3.406857081822,89.787245938929,95.698241599732,-1.810003051758
2021-08-11,146.37,-1.810003051758,-0.002771231298,0.004713840314,0.001489384469,-0.007930052867,1.144325368353,0.148974375645,-87134700.0,149.020001220703,-0.233295220255,3.298642839704,77.898533492365,88.480333711712,1.790003662109
2021-08-12,148.4,1.790003662109,0.004724601316,0.003890501142,-0.000389518028,-0.003090151821,0.967655882017,0.151132014658,-80417000.0,149.172003173828,0.089118194922,3.333786010742,79.420320937371,82.368700122888,2.749993896484
2021-08-13,148.16,2.749993896484,-0.029705527064,0.007744715669,-0.001975826502,0.010227737624,0.995247142795,0.15474672622,-71622900.0,149.338000488281,0.240166541929,3.515214102609,96.339786349161,84.552880259632,4.599994506836
2021-08-16,150.41,4.599994506836,-0.005040514803,0.003889532206,-0.000584858193,-0.010395420751,1.05908261974,0.151766958358,-54833800.0,149.891998291016,0.396699557942,3.748070853097,99.99999999308,91.92003575987,-1.839992675781
2021-08-17,144.95,-1.839992675781,-0.024029125316,0.005080799724,-0.000290615759,-0.000689417442,0.769733373388,0.129011070031,-62549000.0,149.717999267578,-0.215835966091,4.008784702846,64.279721147528,86.873169163256,-1.050006103516
2021-08-18,142.4,-1.050006103516,0.00083398458,0.005018955701,0.000603699908,-0.011248437717,0.241794418825,0.114809232491,-70404100.0,148.907998657227,-0.102995607227,4.172356741769,19.818910422802,61.366210521136,4.340005493164
2021-08-19,143.3,4.340005493164,-0.020096803984,0.005096018032,-0.001093158198,-0.003412599007,0.070708643662,0.106975777807,-65214000.0,148.623999023438,0.218626160871,4.435928344727,45.569707567883,43.222779712738,-0.650006103516
2021-08-20,142.055,-0.650006103516,-0.004556564489,0.002740599916,8.962825e-05,0.000246444163,-0.310158922712,0.100794644412,-69946400.0,146.923999023438,-0.158015519125,4.569500514439,8.589486056605,24.659368015763,1.644996948242
2021-08-23,145.42,1.644996948242,0.008350709629,0.004073775017,-0.003234661859,0.00358868185,-0.47381730271,0.090246729358,-66950200.0,145.111999511719,0.35560033398,4.539428710938,19.538170704357,24.565788109615,1.369993286133
2021-08-24,150.4,1.369993286133,0.001430660968,0.005568616768,-0.000362827085,0.024313832323,-0.361486398816,0.085536877119,-62222800.0,144.755996704102,0.283404485553,4.498001098633,46.98042510102,25.036027287327,11.019998168945
2021-08-25,158.7,11.019998168945,-0.016453912964,0.005122997351,0.000423172068,0.001009209032,0.655220956218,0.11786118756,-40126000.0,148.259997558594,0.513711779232,5.428714207241,97.265636345747,54.594744050375,1.650006103516
2021-08-26,157.186,1.650006103516,-0.006298782209,0.003487343358,-0.001607060369,-0.015125313283,1.182045962284,0.136466667256,-47393700.0,150.981997680664,0.172524908111,5.503571646554,87.434487157374,77.226849534714,-4.456004272461
2021-08-27,153.0715,-4.456004272461,-0.003136179276,0.004443977379,-0.000900094885,0.005389127165,0.953504176868,0.134413016118,-54636700.0,152.997998046875,-0.384205181634,5.941429138184,52.089580864048,78.929901455723,1.108492675781
2021-08-30,153.3,1.108492675781,0.001491834202,0.003196467848,3.5037105e-05,-0.008280502005,0.840147107823,0.133618316591,-49817900.0,155.093997192383,0.209467319826,6.133572169713,58.815294312262,66.113120777895,2.720004272461
2021-08-31,157.47,2.720004272461,-0.000512766497,0.002873380372,0.000231303886,0.01007055805,0.827902910889,0.136148919614,-45849200.0,156.939999389648,0.162374400295,6.323573521205,67.350064509991,59.418313228767,-2.479994506836
2021-09-01,156.95,-2.479994506836,-0.00096786341,0.004072069166,0.001348250502,0.01264597716,0.694631848819,0.135964192727,-53253200.0,155.654000854492,-0.089195716883,6.355573381696,62.572484357179,62.912614393144,-0.360003662109
2021-09-02,158.13,-0.360003662109,-0.000574725972,0.004078658147,0.00046675162,0.010415335463,0.658746368833,0.138782196118,-48928500.0,154.901998901367,0.215038938669,6.299860273089,69.993934419154,66.638827762108,-0.930003051758
2021-09-03,157.9288,-0.930003051758,0.005407163613,0.002534239646,0.000814054002,-0.001398672147,0.621101180998,0.14326245515,-45627500.0,155.795999145508,0.127657239313,5.922003609794,72.823381276565,68.463266684299,0.0712
2021-09-07,159.91,0.0712,0.010886083675,0.003398760331,3.9911542e-05,0.001189581768,0.59503636203,0.147986960099,-41171100.0,156.560000610352,0.003618203406,5.606289454869,76.534141695987,73.117152463902,5.09
2021-09-08,163.81,5.09,-0.010727298621,0.004874294479,0.001419036634,0.004969325153,0.971909367479,0.165841613464,-30162300.0,158.355999755859,0.445581613499,5.802360534668,96.967193757745,82.108238910099,0.119992675781
2021-09-09,162.1564,0.119992675781,-0.00567310875,0.004366196319,0.000246569708,-0.005175460123,1.064355496903,0.175408032877,-36028800.0,160.143997192383,0.085804705036,5.657360621861,89.540878013234,87.680737822322,3.8436
2021-09-10,167.7,3.8436,0.005722873182,0.002873495058,0.000277083313,0.004492362983,1.171644709576,0.186288704787,-30093000.0,162.025997924805,0.262793672577,5.751645769392,96.191593344422,94.233221705134,-2.500003051758
2021-09-13,161.455,-2.500003051758,-0.029963662468,0.00620723869,0.000175609168,0.00751950078,1.096785228837,0.195017088465,-34078300.0,163.625997924805,-0.261469983952,5.807145254953,87.395185298874,91.042552218843,-1.134992675781
2021-09-14,162.75,-1.134992675781,0.002120735544,0.004006286568,0.000478902048,0.013008838541,0.64880772671,0.19658929367,-41599200.0,164.089999389648,0.029842622124,6.270002092634,63.581211518391,82.389330053896,0.550003051758
2021-09-15,163.05,0.550003051758,-0.006001198464,0.004406604239,0.000901173234,0.004497289305,0.490577936913,0.196578250702,-36943700.0,163.75,0.265724831402,5.542144775391,70.59459842301,73.856998413425,3.319995117187
2021-09-16,168.46,3.319995117187,-0.006671879804,0.004308604623,0.00097920794,0.019363427327,0.526876296585,0.18968300632,-31287700.0,164.238000488281,0.348256443707,5.619358607701,88.883606473102,74.353138804834,-0.310006103516
2021-09-17,168.75,-0.310006103516,0.006839186423,0.003475751669,0.000789232768,-0.003189792663,0.599673096196,0.187769476396,-25192900.0,164.667999267578,0.340777360791,5.298643929618,92.777760818413,84.085321904842,-2.160003662109
2021-09-20,163.9854,-2.160003662109,-0.026111957142,0.006307384122,0.00138744813,0.010758136095,0.477012742612,0.167875349058,-45217600.0,164.945999145508,-0.192871802962,5.398643493652,81.13936218157,87.600243157695,-2.345400610352
2021-09-21,165.8201,-2.345400610352,0.01460035028,0.005269695122,0.000232305653,0.011098170732,0.020844640538,0.139603064141,-52064400.0,165.209997558594,-0.020336936143,5.511142185756,49.08647050489,74.334531168291,3.469893286133
2021-09-22,168.65,3.469893286133,0.004365371263,0.005164404017,0.001190380634,-0.008112131262,0.183607899206,0.123288188135,-43471900.0,166.407995605469,0.395999700805,5.782570975167,95.41983991255,75.21522419967,1.310006713867
2021-09-23,172.35,1.310006713867,0.00935512047,0.002821074717,0.001178177882,0.004487702529,0.27990849857,0.131832649364,-39118300.0,167.125997924805,0.005286884541,5.788927350725,89.130491297166,77.878933904869,2.780004882813
2021-09-24,176.4666,2.780004882813,-0.003426061136,0.003993181688,0.000880255044,0.011096086633,0.616043899441,0.149934676544,-33747500.0,168.52200012207,0.341157332327,6.008926391602,95.898185559849,93.482838923188,-0.586595117187
2021-09-27,172.745,-0.586595117187,-0.00500343904,0.004811657143,0.001602145966,-0.012885714286,0.801404288493,0.154612717097,-29662600.0,170.380001831055,0.21101663698,6.002498081752,95.128546784483,93.385741213832,1.514994506836
2021-09-28,171.8002,1.514994506836,-0.010007965638,0.004697259087,0.001544411165,-0.004146294101,0.729469835348,0.153795847087,-33214000.0,172.904000854492,-0.073732241144,5.75706917899,87.821332554847,92.949354966393,-3.220198168945
2021-09-29,169.6432,-3.220198168945,0.009016515933,0.004252439741,-0.000430630449,-0.00268547913,0.239277687817,0.146219479076,-37576800.0,172.762002563477,-0.275742437683,5.929212297712,62.201173622424,81.717017653918,-1.573192675781
2021-09-30,167.86,-1.573192675781,0.000178489784,0.00363900143,-0.000211024207,0.000119161106,-0.157981754348,0.133867094742,-40365500.0,172.384002685547,-0.203402592694,5.824283054897,59.900793839276,69.974433338849,-0.11
2021-10-01,171.9793,-0.11,0.015260790215,0.00520756268,-0.000416318591,0.009801538371,-0.463683170271,0.122612905201,-43028000.0,170.908001708984,-0.03487847721,5.864568437849,58.457369705829,60.18644572251,1.030694506836
2021-10-04,169.62,1.030694506836,-0.005895549656,0.004345950346,-0.000526900628,-0.013779870923,-0.338812907055,0.114717120575,-38065000.0,170.333999633789,0.303761145862,5.510282244001,77.492811846488,65.283658463864,-5.12
2021-10-05,165.04,-5.12,0.007112450875,0.003776516752,-0.000108240827,-0.003682463024,-0.828610868948,0.103348081445,-42524400.0,168.382000732422,-0.430027912657,5.773853846959,28.860935493268,54.937039015195,-0.299994506836
2021-10-06,163.85,-0.299994506836,-0.02033510982,0.004346491771,0.000504215045,0.013797797302,-1.117701817535,0.103564695832,-38184300.0,167.614001464844,-0.099151900667,5.632425580706,30.231220971509,45.528322770421,3.4
2021-10-07,169.1158,3.4,0.01644245142,0.002987529412,-0.001216771664,-0.005201176471,-1.118426009025,0.101400869021,-35722800.0,167.45,0.457967008118,5.79528263637,44.561763901336,34.551306788704,0.484206103516
2021-10-08,172.0,0.484206103516,0.002948113101,0.005517225162,5.950354e-05,0.011169900059,-0.946030507472,0.101197239932,-33603200.0,167.820001220703,-0.067033818819,5.625997270857,57.978870297414,44.257285056753,-2.029998779297
2021-10-11,169.27,-2.029998779297,0.000176494552,0.002805612877,-0.001407886862,-0.002004598785,-0.79836767386,0.100329492799,-31338100.0,167.212002563477,-0.000479096844,5.445641653878,57.195317146608,53.245317115119,-2.600001831055
2021-10-12,175.35,-2.600001831055,0.036143289982,0.006183003039,-0.000149113775,0.015377452888,-0.906338595036,0.090498877139,-33384400.0,167.646002197266,-0.324375186183,5.198498317174,36.987094969437,50.720427471153,-2.6
2021-10-13,172.93,-2.6,0.001447178003,0.003392254335,0.001273881161,-0.000404624277,-0.568200059952,0.0879103284,-27356300.0,169.248001098633,0.019512330802,5.540712629046,74.219190186475,56.133867434173,0.650001831055
2021-10-14,175.0,0.650001831055,0.009563334742,0.003471638895,1.8034611e-05,-0.001369550331,-0.301922233188,0.089601375568,-23834400.0,170.514001464844,0.095310956176,5.351427350725,79.301870761718,63.50271863921,-4.5
2021-10-15,172.0,-4.5,0.008211107897,0.003169342641,-0.001458097591,0.000581733566,-0.3434831873,0.08946054825,-27973800.0,170.694000244141,-0.333526789699,5.591427394322,61.228276093282,71.583112347158,-2.820007324219
2021-10-18,168.91,-2.820007324219,-0.00993020894,0.002601313041,0.001101852136,0.008116980006,-0.462711226125,0.087968216156,-31566500.0,170.535998535156,-0.29829807764,5.596498761858,53.03964256988,64.523263141627,3.410007324219
2021-10-19,171.0,3.410007324219,0.001450789168,0.003832415831,5.6161049e-05,-0.009097757432,-0.338686562825,0.076723966975,-28772800.0,171.666000366211,0.447347762272,5.470069885254,72.518647528726,62.26218873063,-0.259994506836
2021-10-20,169.93,-0.259994506836,-0.003982710043,0.002684133232,-0.00087427176,-0.001762321565,-0.369145885927,0.076597404724,-31549400.0,171.264001464844,-0.32467442551,5.332856314523,62.717144367773,62.75847815546,-0.170005493164
2021-10-21,169.355,-0.170005493164,-0.004040936629,0.002160060092,-0.000653642326,0.001661994156,-0.45570467864,0.07662899426,-34236400.0,170.5,-0.02909173304,5.329285757882,56.637669906751,63.957820601083,1.145
2021-10-22,168.985,1.145,-0.007038105268,0.002797015101,0.000372236624,-0.003155969797,-0.46208190054,0.07179314975,-31347000.0,170.5,0.197392798456,5.21357182094,61.228276093282,60.194363455935,-2.345000610352
2021-10-25,167.4883,-2.345000610352,0.000300066322,0.003612814206,0.000246489896,0.004789129522,-0.710377027672,0.066063491271,-34333000.0,169.992001342773,-0.297906128811,4.953571864537,37.282855626024,51.716267208686,1.751705493164
2021-10-26,170.26,1.751705493164,0.006854102846,0.00344202006,0.001059043563,-0.00134905273,-0.683403940556,0.060677962394,-31712200.0,169.376000976562,0.357431081844,4.919928414481,53.411930631649,50.641020783652,0.879999389648
2021-10-27,172.11,0.879999389648,-0.002337232078,0.003276326578,0.001392325743,0.008023895982,-0.528427571257,0.061283467301,-28774300.0,169.455999755859,0.102222952983,4.73492867606,51.596183058945,47.430323105539,-3.009993896484
2021-10-28,169.93,-3.009993896484,0.006504972236,0.002556756757,0.000308716473,-0.001586368978,-0.551581726027,0.060851102829,-31784100.0,169.324002075195,-0.20635996688,4.71707044329,33.994854926618,46.334322872404,1.769996948242
2021-10-29,170.585,1.769996948242,-0.001805460478,0.002111766079,-0.000477504389,-0.004406443329,-0.387800749558,0.061120168432,-29640400.0,169.564001464844,0.247997403484,4.611355372838,56.427915030375,47.339651005313,0.075003662109
2021-11-01,174.5,0.075003662109,-0.000937558061,0.004955545129,-0.001184709412,0.023400387074,-0.346849531,0.058575570519,-31934800.0,170.368002319336,-0.136198745434,4.464284624372,47.454717319837,45.95916242561,0.100006103516
2021-11-02,173.236,0.100006103516,0.002004529396,0.003792855101,-0.001967098905,-0.009797084881,-0.066430122241,0.057233862109,-27533700.0,171.440002441406,0.429126797022,4.157856532506,81.449572246455,61.777401532223,-0.366004882812
2021-11-03,171.8886,-0.366004882812,-0.005668975272,0.002892915215,-7.1232925e-05,-0.001808362369,-0.012312343,0.050852216967,-30825800.0,171.786001586914,-0.206687238938,4.252856663295,66.522811825289,65.142367130527,0.981395117188
2021-11-04,174.26,0.981395117188,0.017816867693,0.003626314294,-0.001832810467,-0.009605001421,0.007560337483,0.049080437011,-30825800.0,172.539999389648,0.1819140959,3.974999564035,74.999925776795,74.324103282847,4.189996948242
2021-11-05,192.83,4.189996948242,0.043149325189,0.013410554033,0.003415139533,0.036219033801,0.361012544173,0.06297329096,-21161200.0,173.889999389648,0.243651290126,4.131785801479,93.099817636173,78.207518412753,8.789995117187
2021-11-08,208.5,8.789995117187,0.008580552665,0.007692549791,-0.000401967853,0.025325792968,2.026747038884,0.16917219668,6169300.0,180.081997680664,0.488824681121,5.507143293108,95.60770081555,87.902481409506,-8.179992675781
2021-11-09,195.2899,-8.179992675781,0.005591029734,0.009609809373,-0.000700789057,-0.03053067911,2.861437389675,0.215704014458,-6686000.0,185.225997924805,-0.101842502117,6.138286045619,76.143467526827,88.28366199285,-0.609907324219
2021-11-10,191.18,-0.609907324219,-0.022858008607,0.005049886979,-0.000685407079,0.004993954686,2.847997354166,0.237542298724,-15742100.0,189.587997436523,-0.205472477491,6.871142796108,63.929297233753,78.560155192043,1.040001220703
2021-11-11,193.03,1.040001220703,0.015503047074,0.00599795082,0.000685238437,-0.011116803279,2.500120661436,0.250598135974,-22446200.0,193.457998657227,0.188830279776,7.006142752511,58.601872320033,66.224879026871,-1.419999389648
2021-11-12,194.79,-1.419999389648,0.004462166509,0.005187904294,-0.000367671124,0.012080118463,2.073225635231,0.258164826603,-28345200.0,196.089999389648,-0.232014719846,7.136142185756,55.856429580433,59.462533044739,11.749993286133
2021-11-15,205.94,11.749993286133,-0.001646152556,0.006329967964,-0.001053652169,-0.000388311814,2.606182757798,0.289273730418,-16287400.0,197.073999023438,0.476087057887,8.054785592215,88.958456723151,67.805586207872,1.270006713867
2021-11-16,203.88,1.270006713867,-0.007818205316,0.005598861812,-0.002173512561,-0.008317525171,2.796839539373,0.314827438648,-8808100.0,198.451998901367,0.111668473824,8.12478528704,90.320479017848,78.378455107144,3.159993286133
2021-11-17,210.645,3.159993286133,-0.00019316696,0.006542608696,-0.005136639473,0.017608695652,2.702971440627,0.331193903867,-13239400.0,200.923999023438,0.127829844343,8.316928318569,89.921629817005,89.733521852668,-11.534999389648
2021-11-18,201.38,-11.534999389648,0.001155118913,0.005815290459,0.002441820443,0.010233771446,1.934305014351,0.330241260301,-19622800.0,202.301998901367,-0.242511636978,9.10578591483,69.191725537691,83.144611457515,2.950001831055
2021-11-19,195.2846,2.950001831055,-0.037830938473,0.008231497024,0.000911049519,-0.006640215677,1.617776050915,0.332633010168,-15025100.0,204.845999145508,0.299245724938,9.545000348772,80.386850405466,79.833401920054,1.135398168945
2021-11-22,189.5192,1.135398168945,-0.030444943403,0.007839687041,-0.001162481651,-0.004835118673,0.759617584734,0.318313949694,-23207000.0,202.82200012207,0.012395252581,10.180000305176,61.517945169479,70.365507037546,-7.789204272461
2021-11-23,181.145,-7.789204272461,-0.003230013593,0.007434996137,0.002602970845,-0.000413861605,-0.827452680736,0.305418926743,-35826800.0,197.725997924805,-0.271556855218,11.25,25.927885070904,55.94422688195,-2.874995727539
2021-11-24,176.856,-2.874995727539,-0.014808993809,0.00463954416,-0.000149308233,0.007726495726,-2.069634896977,0.297164849559,-42278700.0,191.97200012207,-0.145614599923,11.654284885951,11.158860678693,32.868230306359,3.033999389648
2021-11-26,172.7964,3.033999389648,-0.067430123542,0.01220441693,0.001954780282,0.028611226859,-2.701620729327,0.283752745877,-37515400.0,188.12799987793,0.295402932856,11.741070338658,13.010854185732,16.699199978443,1.063600610352
2021-11-29,178.6101,1.063600610352,0.017370322454,0.007452634561,-0.002696264223,0.011955240793,-3.400064746653,0.280640780167,-43559500.0,182.033999633789,0.423172552433,10.884284973145,14.974544118954,13.048086327793,1.469901831055
2021-11-30,179.57,1.469901831055,-0.020407613363,0.005821847217,0.00154759936,0.016875247749,-3.314034060215,0.268626121905,-38242100.0,178.766000366211,0.346660221823,10.545284816197,28.631667677841,18.872355327509,-7.030006713867
2021-12-01,175.37,-7.030006713867,0.00851977094,0.007051071408,-0.001335318947,0.007468259895,-3.611398021366,0.271641581157,-48924800.0,176.92799987793,-0.170673263683,10.239498683384,12.076232288164,18.560814694986,-12.289998168945
2021-12-02,165.8799,-12.289998168945,-0.010546978179,0.006882126921,0.002315011907,0.028011279127,-4.247775727119,0.289867140779,-56570500.0,173.889999389648,-0.246439143451,11.123784746443,2.076992985697,14.261630983901,3.720106103516
2021-12-03,168.675,3.720106103516,-0.003655721425,0.00480920819,0.003185678794,-0.001804947331,-4.033793174033,0.294807127524,-50882900.0,171.832000732422,0.449100600009,11.312713623047,17.487621673978,10.546948982613,-1.925
2021-12-06,163.3,-1.925,0.003148389184,0.007214071856,-0.004766225132,-0.022155688623,-3.886816945492,0.310420034692,-57343800.0,170.410000610352,-0.104044791636,10.744141714914,12.016729778518,10.527114812731,17.550006103516
2021-12-07,184.1,17.550006103516,0.026320123562,0.006138947255,-0.000201670347,-0.008135337536,-2.69897469704,0.306647695266,-47530000.0,170.564001464844,0.408490423568,11.744140625,39.083201328353,22.862517593616,-0.960000610352
2021-12-08,182.91,-0.960000610352,0.01561647166,0.004717150538,-0.001205575613,-0.016612903226,-1.668542364093,0.301433006224,-41265400.0,172.684002685547,-0.210404030316,11.757712227958,43.479088654456,31.526339920442,3.580005493164
2021-12-09,184.57,3.580005493164,-0.023593806776,0.005058445835,1.2038938e-05,0.012896498738,-0.71933799507,0.299218520748,-37046700.0,177.366003417969,0.060080207385,11.127426147461,58.413846794393,46.992045592401,-3.109993286133
2021-12-10,180.2,-3.109993286133,-0.018241004601,0.006252287655,-0.001217245697,0.011620726436,-0.4039574193,0.299145058928,-40564700.0,179.738003540039,-0.035714117459,10.999569484166,53.949070888592,51.947335445814,0.219998168945
2021-12-13,176.7,0.219998168945,-0.012027481382,0.007381430575,0.002411830093,-0.008695652174,-0.246825532774,0.299319431557,-44545100.0,182.472003173828,0.230893940648,10.412140982492,65.840766133483,59.401227938823,-5.660006713867
2021-12-14,169.18,-5.660006713867,-0.016031274809,0.008762557078,0.003231385879,0.003261578604,-0.728794489234,0.287915016652,-51808800.0,180.510000610352,-0.29200494651,9.82856968471,39.059570300572,52.949802440882,-1.219993286133
2021-12-15,164.56,-1.219993286133,-0.001905259058,0.005554919499,0.000204483954,-0.018723911747,-1.182360342875,0.271711411417,-57469200.0,177.474002075195,-0.015133153984,9.689998081752,27.656433689892,44.185590041316,3.579999389648
2021-12-16,163.785,3.579999389648,-0.011240629217,0.008153494527,-0.002509976864,-0.014886322627,-1.383607912306,0.245830922246,-50790700.0,173.804000854492,0.05458299513,9.761427743094,29.136180745162,31.950728245209,-7.404995117187
2021-12-17,152.1376,-7.404995117187,-0.011254698239,0.008373697495,0.001723447144,-0.015354345997,-2.174986104976,0.250838184999,-60205800.0,168.788000488281,-0.304078606898,9.882141113281,8.200587845838,21.664400760297,5.772403662109
2021-12-20,153.73,5.772403662109,-0.042745866908,0.00846070389,9.6184363e-05,0.017001852342,-2.441667830052,0.226719090546,-36143400.0,164.286001586914,0.213542781289,10.027141026088,22.254339894376,19.863702828458,3.499995727539
2021-12-21,161.22,3.499995727539,0.01443747589,0.004670909091,-0.000283550639,0.01078369906,-2.500972488216,0.214326839149,-40782700.0,161.524002075195,0.429535160612,9.867212568011,20.467666278579,16.974198006264,4.440003662109
2021-12-22,165.485,4.440003662109,0.000120662883,0.005057158378,0.000181124742,-0.001176967648,-1.840108217919,0.212644653845,-34489200.0,161.064001464844,0.372750692842,9.291854858398,42.616926591511,28.446310921489,3.804993286133
2021-12-23,167.61,3.804993286133,0.007147538318,0.006432946826,-0.002663847317,-0.018446943078,-1.064631588346,0.210818135982,-29686700.0,161.294000244141,0.252334896694,9.154354640416,52.154472195238,38.413021688443,3.699997558594
2021-12-27,169.89,3.699997558594,-0.008779393055,0.004449184483,-0.003824460325,0.000492325378,-0.3582889119,0.206356040614,-25669300.0,164.279998779297,0.094296743989,8.905069623675,57.461893114795,50.744430633848,1.789992675781
2021-12-28,171.02,1.789992675781,-0.002096839276,0.004331660051,0.000887302805,-0.001751109036,0.163211175136,0.205980982376,-22944100.0,167.033996582031,0.267342013084,7.80292728969,58.434029585924,56.016798298652,-1.309993286133
2021-12-29,168.69,-1.309993286133,-0.001119571233,0.003608600755,0.000235344959,-0.004896177442,0.391813494696,0.200554164748,-25236700.0,169.529998779297,-0.14626904986,7.685070582799,53.258028303135,56.384650334618,-1.249997558594
2021-12-30,167.3826,-1.249997558594,-0.002269498789,0.003280498025,-0.000764661651,0.001931042739,0.404809966745,0.201159955906,-27232100.0,169.885998535156,-0.174172334145,7.692212785993,50.19240489816,53.96148759574,1.397398779297
2021-12-31,169.26,1.397398779297,0.0,0.004507098912,0.000247195676,0.001301467108,0.511446735547,0.197100736785,-25051000.0,169.783999633789,0.182542234601,7.544355119978,61.086525900898,54.845653034064,-2.769994506836
2022-01-03,167.24,-2.769994506836,-0.007165645886,0.005668840133,0.000986454075,0.011757047634,0.438362204558,0.19839259233,-27647000.0,168.820001220703,-0.224654072422,7.486068725586,55.791899258203,55.690276685754,5.439992675781
2022-01-04,175.46,5.439992675781,0.008536103456,0.005041355543,0.001324555043,0.007811602527,0.796636483119,0.19732001845,-23422100.0,169.020001220703,0.506512760993,7.206782749721,99.316223483603,72.064882880901,-4.659996948242
2022-01-05,169.8499,-4.659996948242,-0.00536889596,0.005473792576,0.000775573539,-0.000824166127,0.889674014445,0.189804649733,-27502100.0,169.238000488281,-0.167290538094,7.361068725586,80.725651955738,78.611258232514,-7.5999
2022-01-06,161.65,-7.5999,-0.012080164646,0.006340195895,-0.000902062134,0.008484621623,0.383896688333,0.181004749185,-32306700.0,168.2,-0.256959827926,7.652995518276,48.412704818358,76.151526752566,-1.9
2022-01-07,160.9,-1.9,-0.003568120965,0.005688277422,0.002132930012,0.01080537756,-0.085470423612,0.160869513088,-37356300.0,166.394000244141,-0.013405519485,7.142281668527,38.964478033592,56.034278269229,5.150003051758
2022-01-10,158.42,5.150003051758,-0.037880207343,0.00627002612,0.001257335757,-0.00838820206,0.054379121636,0.142264171499,-31731700.0,166.305999755859,0.433084475105,7.110496520996,60.441794137461,49.272992329803,2.290006713867
2022-01-11,163.69,2.290006713867,0.0,0.00580009967,0.001339362511,0.019684794119,-0.174218788032,0.125115463152,-38705300.0,163.912002563477,0.079347283033,7.572639465332,36.176491706157,45.194254625737,4.920000610352
2022-01-12,169.47,4.920000610352,0.009667308445,0.00398531485,0.001690076417,-0.004523026316,0.223573381322,0.122917271345,-33373700.0,163.474002075195,0.413628143694,7.591710771833,69.369760395507,55.329348746375,0.069993286133
2022-01-13,168.54,0.069993286133,0.004087580809,0.005553154,0.001143902247,-0.01010219664,0.547803030506,0.123941967541,-29839400.0,164.932000732422,-0.041534547197,7.45242527553,73.2772946507,59.607848917455,-2.54
2022-01-14,166.46,-2.54,-0.001506024096,0.005363438914,-0.00084982986,0.004283559578,0.522415847912,0.123438297791,-34733200.0,166.182000732422,-0.321249785465,7.532782418387,58.403365652174,67.01680689946,-2.469994506836
2022-01-18,155.6,-2.469994506836,-0.043173373949,0.009852781849,0.002779199975,-0.008348734944,0.375676702772,0.111463736625,-38877200.0,165.770001220703,-0.096547616692,7.799925667899,49.958006250161,60.546222184345,-0.909997558594
2022-01-19,157.95,-0.909997558594,0.014933075972,0.007031271894,-0.001664019712,0.005986879817,-0.305518750794,0.119984001265,-44652600.0,164.566000366211,-0.138037445895,8.165640694754,10.882343135264,39.747905012533,-3.369998168945
2022-01-20,160.14,-3.369998168945,0.020882370216,0.006804104123,0.00240500208,0.014250427513,-0.698810847723,0.12674779831,-49780000.0,161.760000610352,-0.190252941189,8.189212254116,10.420155459775,23.753501615067,-2.14
2022-01-21,156.19,-2.14,-0.007499984548,0.006021936677,0.001743183217,-0.003985588113,-0.664164670069,0.134204617161,-44838100.0,159.452001953125,0.037071142331,8.580640520368,24.789903035074,15.364133876704,0.539995727539
2022-01-24,147.41,0.539995727539,-0.04294006196,0.011504925453,-0.006153528427,-0.018836528222,-0.660902515813,0.141175488544,-52080400.0,157.598001098633,0.01939548689,8.794926234654,19.453747893084,18.221268795978,0.489993896484
2022-01-25,143.79,0.489993896484,-0.027045301995,0.006053578874,-0.000363745519,-0.000764419736,-1.158437319065,0.1651278987,-66687000.0,154.379998779297,-0.016119738518,9.748498099191,30.244144429351,24.82926511917,0.769997558594
2022-01-26,147.18,0.769997558594,0.032685432923,0.005420638376,-0.000726886661,-0.014100545936,-1.590780718812,0.190822570612,-72391900.0,152.353997802734,0.070593587328,9.682068961007,22.36511811379,24.021003478742,-5.040000610352
2022-01-27,143.5,-5.040000610352,0.009427299449,0.005453721773,0.00046506636,0.00013939225,-1.897261409484,0.217957178486,-79382200.0,149.865997314453,-0.245586207113,9.645783560617,17.609723842049,23.406328795063,-5.089996337891
2022-01-28,138.525,-5.089996337891,0.000975323338,0.005426876899,-0.002034617458,0.001916678721,-2.188064309499,0.250271851424,-83876000.0,145.947998046875,-0.304771650239,9.662784031459,7.314403399437,15.763081785092,4.245004272461
2022-01-31,146.41,4.245004272461,0.014239612251,0.005671456203,0.000159925852,0.011398176292,-1.932524597773,0.263200397447,-78271600.0,143.155999755859,0.272410301382,9.684998648507,22.320311957489,15.748146399658,7.560001220703
2022-02-01,154.525,7.560001220703,0.0089628166,0.006692307692,-0.00328395442,-0.005310588993,-0.907026534099,0.260674886925,-72808600.0,144.370001220703,0.484125545474,9.488570077079,52.094857906868,27.243191087931,2.415002441406
2022-02-02,154.4791,2.415002441406,-0.003995150323,0.008032853947,0.002122906731,-0.012597635027,0.024156401335,0.246096668316,-69009300.0,146.846002197266,0.178155532983,9.101284572056,59.990434863201,44.80186824252,-2.719105493164
2022-02-03,149.03,-2.719105493164,-0.024973599257,0.006559032236,0.003435934854,0.007163614246,0.327240691686,0.234370411407,-72687600.0,148.770001220703,-0.37353442829,9.122570582799,46.219682515789,52.768325095286,0.540007324219
2022-02-04,151.4,0.540007324219,0.003810871415,0.00709571067,-0.000843435968,0.008392167311,0.410827031695,0.234838489188,-77264700.0,151.002001953125,0.163841139374,9.070784432547,45.694036978327,50.634718119106,4.159997558594
2022-02-07,159.495,4.159997558594,0.007906889604,0.005466037375,0.000473241815,0.017252375789,0.873545265674,0.233637875276,-72577000.0,153.560000610352,0.397579763476,9.090784345354,68.727703462702,53.547140985606,-1.584996337891
2022-02-08,155.623,-1.584996337891,-0.024760962393,0.006402467532,-0.000693631879,0.010538961039,1.315353301432,0.22545750541,-67886300.0,154.348001098633,0.129201315627,8.747926984515,76.351157028985,63.590965823338,6.636994506836
2022-02-09,168.3,6.636994506836,0.019166773793,0.006386066763,0.000804407692,0.017779390421,1.845531320369,0.226965482251,-63577200.0,155.411999511719,0.458170047134,9.022855486189,90.46258983289,78.513816774859,1.229998779297
2022-02-10,170.365,1.229998779297,-0.025275784185,0.005948107522,0.001323746878,0.026790019286,2.585447221002,0.228918816065,-58708900.0,158.966000366211,0.431550750843,8.822142464774,98.487202129093,88.433649663656,1.584996948242
2022-02-11,174.19,1.584996948242,0.019534799934,0.006773805451,-0.001534211841,-0.006785266279,3.102626332195,0.234521944357,-50447500.0,163.441998291016,0.31810541497,9.109643118722,88.028861790915,92.326217917633,-7.660001220703
2022-02-14,167.02,-7.660001220703,0.000600529059,0.006097701494,-0.00198883989,0.002340514913,2.945685191657,0.235374812267,-56911900.0,165.635998535156,-0.332796680283,8.462500435965,75.331495957084,87.282519959031,2.640003662109
2022-02-15,174.155,2.640003662109,0.019214867597,0.005447663659,-0.000613708285,0.007142030997,2.913373059127,0.24460539847,-52064300.0,167.985998535156,0.243732837267,8.39107295445,82.664121507856,82.008159751952,5.915007324219
2022-02-16,183.634,5.915007324219,-0.009857328167,0.011952830982,-0.002139384382,0.02994475448,3.418822177907,0.28085832798,-40330400.0,171.548001098633,0.475451390824,8.292001996722,98.785082950069,85.593566805003,3.005999389648
2022-02-17,187.97,3.005999389648,-0.009322789857,0.006562192285,0.00209781076,0.016988584104,3.981980396386,0.325480462618,-18077500.0,174.970001220703,0.340678744802,8.727858407157,91.125608324076,90.858270927334,-4.369993896484
2022-02-18,176.69,-4.369993896484,-0.018191783691,0.008338289138,0.001493443301,-0.019804726506,3.929425322905,0.353028555504,-25856700.0,177.300003051758,-0.067103298469,8.635286603655,83.034244708877,90.981645327674,-1.790006103516
2022-02-22,172.5401,-1.790006103516,-0.015837559236,0.004701039912,-0.000524518682,0.002382501598,3.123542970318,0.36095622445,-34705500.0,178.974002075195,-0.270616566112,8.548144749233,62.6415078988,78.933786977251,-7.300094506836
2022-02-23,164.6836,-7.300094506836,0.004175666665,0.006291026336,-0.002345503026,-0.007511601278,1.819352733719,0.352387474083,-43098100.0,178.090002441406,-0.183181605849,9.274573189872,41.198693806185,62.291482137954,-14.643606713867
2022-02-24,144.6,-14.643606713867,-0.058251070551,0.008717905166,0.000926812543,0.023354564756,-0.086497473022,0.34465572056,-52876600.0,172.083999633789,-0.416774436431,10.030072893415,7.45838042767,37.099527377552,13.659994506836
2022-02-25,155.7,13.659994506836,0.006318716256,0.005992719513,-0.003525848108,-0.022782903408,-0.774740987077,0.324920925186,-42522000.0,166.407998657227,0.533113197434,10.907216753278,33.788329969493,27.481801401116,-0.610003662109
2022-02-28,149.34,-0.610003662109,-0.000419127235,0.008717303661,-0.001217920245,-0.036671504596,-1.388850713351,0.296074495466,-48695200.0,160.705996704102,-0.29772301628,10.826502118792,27.517315177196,22.92134185812,2.150005493164
2022-03-01,150.56,2.150005493164,-0.00633709604,0.005826878363,-0.000504182441,0.000199295821,-1.948577827351,0.279818341566,-59773700.0,156.023999023438,-0.23764849872,10.931929452079,20.395671997532,27.233772381407,0.449994506836
2022-03-02,152.76,0.449994506836,0.00973446311,0.004057384575,-0.001117857402,0.001836306401,-2.241326124576,0.283709696984,-64939500.0,153.177996826172,0.070343683662,10.548430306571,19.446095425148,22.453027533292,4.769998779297
2022-03-03,157.0,4.769998779297,0.005078417177,0.004278026906,-0.001087472168,-0.008400176846,-1.899557866086,0.283252909535,-59911200.0,154.675997924805,0.427563138349,10.495572771345,32.344223770771,24.061997064484,-5.309997558594
2022-03-04,150.965,-5.309997558594,-0.00606498882,0.004584134775,-2.285293e-06,0.001293360748,-1.962459867077,0.283350139057,-63957000.0,153.361999511719,-0.376274679289,10.239500863211,20.791313809924,24.193877668614,-8.265003051758
2022-03-07,143.7,-8.265003051758,0.016117751233,0.008257070116,0.001246388014,-0.011215853575,-2.472257302405,0.296772257853,-72347800.0,150.883999633789,-0.312969890125,10.205214364188,4.369008609957,19.168182063551,-12.110003662109
2022-03-08,135.025,-12.110003662109,0.000304039411,0.009074527083,-0.003215209531,0.025791992707,-3.365094075417,0.344254420072,-81525100.0,146.903997802734,-0.435390883946,10.703785487584,0.116246595851,8.425523005244,7.105004882812
2022-03-09,149.1627,7.105004882812,0.023218093855,0.008009083402,-0.001496048607,0.026443022296,-3.061885769593,0.362520454597,-71938100.0,145.12799987793,0.450407469407,10.846499851772,17.649021478804,7.378092228204,-0.852702441406
2022-03-10,146.565,-0.852702441406,-0.020834713699,0.004652733783,0.000275366633,0.009261809668,-2.296181629969,0.370883134431,-64914200.0,143.283999633789,0.273498893772,10.498643057687,29.244952692729,15.670073589128,5.235003051758
2022-03-11,151.01,5.235003051758,0.015349155364,0.005577953675,-0.002050907312,-0.020242652306,-1.447168773308,0.371825142623,-59611700.0,143.305999755859,0.415860722906,10.573000226702,39.679440184239,28.857804785257,-5.870000610352
2022-03-14,143.18,-5.870000610352,-0.011919496588,0.008819633271,0.0034645036,-0.001743010528,-1.23489776529,0.375688647702,-64189000.0,143.794000244141,-0.415050777431,10.574428013393,30.392152195527,33.105515024165,-4.68
2022-03-15,140.18,-4.68,0.01083032491,0.00731312915,-0.000390944264,0.000785321625,-1.428760601527,0.391401557558,-70519200.0,145.176000976562,-0.253317568311,10.14871433803,19.911819777742,29.994470719169,3.769996948242
2022-03-16,149.3271,3.769996948242,0.029142114715,0.00464017839,-0.002138664256,0.009035069937,-1.092205896737,0.393095370065,-65030500.0,145.539999389648,0.330377279248,9.406214032854,44.543822208108,31.615931393793,6.4229
2022-03-17,154.46,6.4229,-0.01258431277,0.006134475124,0.002030893327,0.005860901276,-0.033106593959,0.366792399726,-57925100.0,147.02799987793,0.390626475028,9.066927228655,86.762084604297,50.405908863382,3.090003051758
2022-03-18,158.0,3.090003051758,-0.009393815924,0.005819935897,-0.001322426089,0.012820512821,0.785248747741,0.313340250718,-52893400.0,148.17799987793,0.30781057347,9.067642211914,93.975475842917,75.093794218441,9.0
2022-03-21,163.35,9.0,-0.014550854346,0.004924895181,-0.001714478228,-0.007413258796,1.8962258973,0.267466867775,-44425900.0,152.55,0.510416398988,9.402214050293,99.495536116244,93.411032187819,-1.549996948242
2022-03-22,165.135,-1.549996948242,0.011186634885,0.004388508139,-0.000313439134,0.010494431526,2.193123201212,0.236802528679,-49010300.0,157.210000610352,-0.177803847961,9.668642316546,84.921550646717,92.797520868626,1.305002441406
2022-03-23,163.59,1.305002441406,-0.016822897204,0.005390246883,0.002812294178,-0.000305548766,2.58717418881,0.239390971858,-44910400.0,161.708001708984,0.247700069755,9.618998936244,95.269255713883,93.228780825615,0.570003662109
2022-03-24,164.4299,0.570003662109,0.003959514388,0.004046006312,6.3362321e-05,-0.002003520272,2.573947609181,0.249571473998,-47724700.0,163.390002441406,0.07705220372,9.317570277623,89.052490643633,89.747765668078,6.400101831055
2022-03-25,169.5,6.400101831055,-0.005209854125,0.003577321408,0.000359828545,-0.002589149111,2.871442049008,0.269796048328,-43501200.0,166.046002197266,0.385644845023,9.096285138811,99.569624886225,94.630457081247,-2.279998779297
2022-03-28,168.44,-2.279998779297,0.0,0.004193577323,0.000630003636,0.007295778017,2.685505150634,0.281565014269,-46453500.0,166.090002441406,-0.190642632035,8.592427934919,90.430382834934,93.017499454931,-0.790006103516
2022-03-29,176.5,-0.790006103516,0.026603083067,0.007702342301,-0.004821546573,0.023307050093,2.458012098456,0.291780690113,-42623700.0,167.260000610352,0.052942427535,8.115213666643,90.417604516389,93.472537412516,-0.979995727539
2022-03-30,173.9511,-0.979995727539,-0.013611027292,0.004062759815,0.001697421549,0.004336605081,2.685600257473,0.313624002939,-37170900.0,169.076000976562,0.261300014735,8.28450012207,92.156863441341,91.001616930888,-0.321095117187
2022-03-31,172.36,-0.321095117187,-0.000518410379,0.00407485306,4.1966254e-05,-0.00679958511,2.557511907602,0.329029861358,-40878300.0,170.970001220703,0.065802490069,8.02157156808,87.745101354538,90.106523104089,-0.600005493164
2022-04-01,175.35,-0.600005493164,0.007568718522,0.004748353172,-0.000385673839,0.013232404946,2.208653580701,0.337342495335,-44110500.0,171.155999755859,-0.163985530754,7.66342817034,83.379998950882,87.760654582253,-2.279992675781
2022-04-04,174.88,-2.279992675781,0.011267099241,0.004390926751,-0.000557899919,-0.000799908582,1.937616321992,0.333975387412,-40465600.0,172.326000976562,0.017372744948,7.454856872559,85.675547561221,85.600215955547,2.140004272461
2022-04-05,177.25,2.140004272461,0.000960333097,0.005695298832,-0.000768244326,0.000338619561,1.89362542236,0.303495792609,-36969900.0,174.200003051758,0.23800609318,7.313786097935,94.289222618899,87.781589710334,-6.039993286133
2022-04-06,164.93,-6.039993286133,-0.024297666602,0.005769166567,-0.001218939222,-0.016752116371,1.367072853951,0.284868684949,-41034900.0,173.338003540039,-0.307137147471,7.023786272321,71.897319859062,83.954030013061,-0.269996337891
2022-04-07,165.13,-0.269996337891,-0.008927494158,0.006051348039,-0.00442334953,0.011825980392,0.515321478697,0.271639357749,-45322600.0,171.544003295898,-0.144370086247,7.243786403111,38.306998492054,68.164513656672,0.780003662109
2022-04-08,161.39,0.780003662109,-0.020432760622,0.005369246862,-0.000496419905,-0.006952990401,0.00099545665,0.262623664883,-41176000.0,170.374005126953,0.239672656273,6.863071986607,34.395245999786,48.199854783634,1.169997558594
2022-04-11,158.8,1.169997558594,-0.016732291225,0.005437839865,-0.002150422393,-0.007437964873,-0.568440982985,0.238488386068,-44624400.0,168.272003173828,0.020673589464,6.760214669364,16.261362932823,29.654535808221,1.45
2022-04-12,163.4288,1.45,0.021528842111,0.005227482399,-0.001294074013,-0.008079630978,-1.074902257911,0.186725445094,-48501600.0,164.918002319336,0.052499478463,6.744857788086,13.09961852954,21.252075820716,-3.318799389648
2022-04-13,163.11,-3.318799389648,0.004559338734,0.005072100118,0.001169473483,0.015565655937,-1.374408249403,0.143362590139,-52614600.0,162.698001098633,-0.175709210722,7.08914402553,12.975709067926,14.112230176763,8.740006103516
2022-04-14,172.5501,8.740006103516,-0.00110562953,0.004826796433,-0.005009496056,0.005595314412,-0.767211367466,0.130994338665,-45402700.0,164.136001586914,0.483013486204,7.411858694894,66.804259305429,30.959862300965,-1.850103051758
2022-04-18,168.84,-1.850103051758,-0.008377227307,0.003528859219,-0.000274273249,-0.002540320198,-0.444402945656,0.118815916376,-50527800.0,165.094000244141,-0.097745537962,7.243930271694,61.531406100695,47.10379149135,-3.099994506836
2022-04-19,166.4682,-3.099994506836,0.0,0.004774647038,-0.002284617324,0.004393628575,-0.558897137374,0.119417006901,-53867700.0,165.730001831055,-0.288486276274,7.248286655971,38.789581203533,55.708415536552,3.651795117188
2022-04-20,168.69,3.651795117188,0.014636759726,0.005365042582,-0.000706637663,-0.022710155843,-0.34415254837,0.114146132327,-51010600.0,167.704000854492,0.443589174513,6.811143057687,58.872066825347,53.064351376525,-4.139996948242
2022-04-21,169.745,-4.139996948242,0.026921863225,0.006015504793,0.001298842304,0.004527162978,-0.568504929406,0.115663996917,-55008500.0,168.592001342773,-0.460321536432,7.061143057687,33.333356652592,43.665001560491,-11.834996337891
2022-04-22,159.25,-11.834996337891,-0.000443336854,0.005853459199,-0.001491279827,0.008933096807,-1.12330349197,0.126974582863,-59723100.0,165.804000854492,-0.343300136906,7.722857883998,5.488669278323,32.564697585421,-3.160003662109
2022-04-25,154.87,-3.160003662109,-0.011275511232,0.007349381196,0.001225785595,0.003498995659,-1.545974992786,0.141640305856,-63586500.0,162.882000732422,-0.104925058238,7.773571559361,5.388719416291,14.736915115735,3.519999389648
2022-04-26,157.7,3.519999389648,6.3100618e-05,0.004226515152,-0.00239096584,-0.004419191919,-1.597221645693,0.149966808606,-59718400.0,161.411999511719,0.288254957052,8.00607081822,23.30491130704,11.394100000551,-4.660006713867
2022-04-27,156.06,-4.660006713867,0.005096798695,0.005128140049,0.00245098173,0.015618898868,-1.897545286657,0.16802661595,-63793400.0,157.995999145508,-0.397840899867,7.82249886649,4.170308174643,10.954646299324,-3.830004272461
2022-04-28,156.93,-3.830004272461,0.011692825522,0.006374561745,0.001212728727,0.018893650175,-2.0441844682,0.176490657326,-68619400.0,155.531997680664,-0.093358349641,7.624641418457,7.396667404079,11.623962295254,2.810005493164
2022-04-29,160.4,2.810005493164,-0.005383752227,0.005927114804,-0.001721681573,0.009566968781,-1.551187599459,0.1722997953,-63764900.0,155.897998046875,0.400995528205,7.829999651228,38.42976952131,16.665581700011,-7.189993286133
2022-05-02,152.275,-7.189993286133,0.0,0.006300241499,0.000493337992,-0.006102734808,-1.575588031711,0.177930293506,-67798000.0,155.32200012207,-0.243437030145,8.09285736084,11.446300089503,19.090912338298,0.504998779297
2022-05-03,152.4766,0.504998779297,0.008574404824,0.008714128107,-0.001634859372,-0.010470504251,-1.530125708744,0.178990212279,-73743300.0,154.2,-0.001234000591,8.218500409807,20.303328850659,23.393132820491,-7.4766
2022-05-04,157.47,-7.4766,0.052068986564,0.011450868568,0.002876645332,0.032251720747,-1.908829753154,0.184161299964,-90518000.0,152.592001342773,-0.307535176615,8.509929112026,10.344822811255,14.031483917139,-1.290007324219
2022-05-05,153.34,-1.290007324219,-0.025547383926,0.007473445511,0.002353360178,0.007887472065,-1.31920779759,0.176082319993,-69919900.0,153.382000732422,0.182243125384,8.573500497001,44.162105028619,24.936752230178,-10.250003662109
2022-05-06,137.45,-10.250003662109,-0.002725553146,0.007989233781,0.001961446142,-0.039079977629,-1.699414080364,0.198821099063,-81287100.0,150.051998901367,-0.303905999506,9.35757119315,7.029461785286,20.512129875053,-1.610003662109
2022-05-09,130.4,-1.610003662109,-0.030035349978,0.009793234512,-0.002706001247,-0.008741923223,-2.290990641195,0.235140833323,-90860200.0,146.577996826172,-0.303549779253,9.623286655971,7.076074130452,19.422546981452,-11.029997253418
2022-05-10,118.5829,-11.029997253418,0.02999073569,0.011626144003,0.001212359319,-0.039581274804,-3.567215396858,0.321487021346,-105291100.0,139.895997619629,-0.41984789499,10.473286220006,1.004092465181,5.03654279364,-2.452902746582
2022-05-11,113.1513,-2.452902746582,-0.01377765015,0.010980414345,-0.002796043165,-0.015047876045,-4.353225228425,0.396391615324,-118929600.0,134.121997070312,-0.300649988123,10.58971459525,4.529614547982,4.203260381205,2.998701525879
2022-05-12,111.81,2.998701525879,-0.02143777728,0.009701742038,0.000256402368,-0.016276614464,-4.572805820294,0.454802878313,-105268200.0,126.115998840332,0.120121445453,10.386357443673,7.436172648825,4.323293220662,4.130002441406
2022-05-13,119.5,4.130002441406,0.034673077095,0.008982075865,-0.0004027415,-0.003751563151,-4.430104688273,0.488692792557,-114532500.0,120.686000061035,0.162954884246,10.556357247489,9.073434896104,7.01307403097,1.949996948242
2022-05-16,118.75,1.949996948242,-0.003705203455,0.00738231405,0.002546501885,-0.018595041322,-3.692679286672,0.500107322726,-105937100.0,117.808000183105,0.18506902248,10.532072339739,19.665503435489,12.058370326806,-4.309997558594
2022-05-17,119.39,-4.309997558594,0.048322253245,0.006927904651,-0.002077649426,-0.004917486248,-3.411729379542,0.526494610897,-113525500.0,116.82200012207,-0.385270827037,10.660643986293,6.189928789271,11.642955706955,-1.89
2022-05-18,115.96,-1.89,-0.01182978204,0.005331063023,-0.001643543026,-0.000258642986,-2.781197937668,0.52773163649,-106562600.0,117.096000671387,-0.193685577311,10.580643790109,12.072276554004,12.642569592921,-7.930001220703
2022-05-19,109.96,-7.930001220703,0.001388517334,0.007342814924,-0.00093596382,0.015515330624,-2.757905399479,0.551242985828,-116281300.0,115.47200012207,-0.38527592282,10.641714368548,0.737137742649,6.333114361975,4.209998168945
2022-05-20,113.68,4.209998168945,0.011298948377,0.008197644206,0.000451047828,-0.015416594492,-2.11395987987,0.561905142862,-107354700.0,115.117999267578,0.375493647671,10.545999799456,13.101969391731,8.637127896128,-1.129996948242
2022-05-23,112.6698,-1.129996948242,0.008840471703,0.006604830918,-0.000130284134,-0.01036627141,-1.60516436225,0.571193040326,-114316600.0,113.338000488281,-0.153312537836,10.53392791748,9.943469007125,7.927525380502,0.610198779297
2022-05-24,108.71,0.610198779297,-0.017655367422,0.006379583034,-0.002850969331,-0.023094895758,-1.054120729386,0.566752114688,-108315800.0,113.105999755859,-0.012771604841,9.91321345738,11.366739831667,11.470726076841,-2.47000213623
2022-05-25,107.37,-2.47000213623,-0.003294413415,0.006703276986,-0.002662261054,0.013976768345,-0.998943893425,0.5778674457,-114731600.0,110.853999328613,-0.292027876489,9.613141741071,4.984144422602,8.764784420465,3.030001525879
2022-05-26,110.21,3.030001525879,-0.005978293958,0.007685740319,-0.003022178916,0.004191343964,-0.540424298051,0.573419988592,-108528300.0,111.32799987793,0.355096542379,9.016571044922,16.914332733312,11.088405662527,4.090003051758
2022-05-27,117.2799,4.090003051758,0.014873113761,0.00808131622,-0.001169921607,0.010249806185,0.131505377388,0.532518781202,-101645100.0,111.354000854492,0.338997802526,8.828713553292,37.517789902947,19.805422352954,3.2201
2022-05-31,118.64,3.2201,0.0,0.005585570609,-0.003021708093,-0.013880807913,1.048453299964,0.492176252952,-94253600.0,112.944000244141,0.47684585679,8.070856366839,83.673689382816,46.035270673025,2.230002746582
2022-06-01,119.585,2.230002746582,0.001489205767,0.007240809583,-0.002798576562,-0.01210243701,1.696459740595,0.440261655452,-85136000.0,114.462001037598,0.057257865321,7.728642054967,85.521024541667,68.904167942477,-2.864998779297
2022-06-02,118.4714,-2.864998779297,0.003512645891,0.005389634824,0.001739303957,0.013182245788,1.849606614188,0.40438155681,-92015600.0,116.558001708984,-0.295539207794,7.391213553292,66.392150569111,78.528954831198,2.78860213623
2022-06-03,117.86,2.78860213623,-0.02629888615,0.006347848144,-4.454418e-06,-0.003466644119,2.234916912775,0.289952642267,-86849400.0,118.730001831055,0.334585578523,7.209785461426,89.6158452798,80.509673463526,1.970001831055
2022-06-06,121.7725,1.970001831055,0.029208044284,0.006598313468,0.005229156297,-0.012628719695,2.359458787234,0.21247282111,-91434000.0,119.836001586914,0.239663519224,6.966214316232,83.540174839065,79.849390229325,0.247496643066
2022-06-07,120.9057,0.247496643066,-0.018521509335,0.006258600534,-0.000730498514,0.009566633267,2.539669322084,0.155037153325,-87273800.0,120.140000915527,-0.136300236362,6.691214425223,89.431951920629,87.529324013165,1.994301525879
2022-06-08,123.6,1.994301525879,-0.011960953641,0.006978714628,-0.002094986929,0.019717845062,2.65593604375,0.161737778649,-83942600.0,120.546000671387,0.3471248549,6.623500279018,93.737469578065,88.903198779253,0.169996643066
2022-06-09,120.13,0.169996643066,-0.011796066285,0.005332161831,-0.002434059235,-0.018144666939,2.719336913098,0.17124044241,-80167000.0,121.955999755859,0.290654266533,6.223500388009,92.006958938502,91.725460145732,-4.409998779297
2022-06-10,113.79,-4.409998779297,-0.033874854196,0.007470125224,0.002595664579,0.017799642218,2.170828035659,0.171376226076,-85482900.0,120.847999572754,-0.403180943841,6.184214455741,55.027797567099,80.257408694555,-4.879996337891
2022-06-13,103.76,-4.879996337891,-0.055642319201,0.007447225981,-0.004111332867,0.002899671371,1.341725735915,0.181788720178,-92419800.0,118.663999938965,-0.180923655661,6.159214564732,23.744798578242,56.926518361281,-4.829999694824
2022-06-14,99.61,-4.829999694824,0.006165982093,0.007324435524,-0.004986793225,-0.000401404917,0.174855398955,0.22228306539,-102007100.0,114.046000671387,-0.245978050159,6.611357552665,2.099446271706,26.957347472349,-0.739997253418
2022-06-15,100.74,-0.739997253418,0.011631373162,0.00698910218,-0.001437190989,0.007198560288,-0.509879064569,0.257444491667,-107922400.0,109.240000915527,-0.059759978872,6.226357596261,5.895672787257,10.579972545735,0.730001220703
2022-06-16,94.15,0.730001220703,-0.052035071605,0.010376868771,-0.001630507576,-0.022529069767,-0.685608341001,0.276663093966,-101662000.0,104.780001831055,0.176584728435,6.069928850446,15.080023866755,7.691714308573,-0.88999786377
2022-06-17,95.04,-0.88999786377,0.002895095828,0.006159093339,0.00059604108,0.01614455255,-1.221397158154,0.319423386744,-111097700.0,100.28800201416,-0.241789717833,6.208500453404,3.500914408468,8.15887035416,4.44999786377
2022-06-21,101.8701,4.44999786377,0.032164083288,0.006686858818,5.1725409e-05,-0.004688812897,-1.030466839146,0.338230833818,-99804600.0,98.404000854492,0.456485256671,6.276357923235,22.142430406236,13.574456227153,0.399896643066
2022-06-22,100.04,0.399896643066,-0.031974154204,0.007201210287,-0.000486248853,0.008976298538,-0.611874030348,0.348676634311,-93271900.0,99.07200012207,-0.048258579948,6.294929504395,30.460797542342,18.701380785682,-0.510001220703
2022-06-23,97.11,-0.510001220703,0.004722206636,0.006988904438,-0.000327377085,-0.029288284686,-0.423408815591,0.363504290537,-102257900.0,99.203999328613,0.089094924831,6.087857927595,22.262121934022,24.955116627533,-1.389998779297
2022-06-24,98.5,-1.389998779297,0.018804799409,0.008075722012,0.001324818813,0.005204612716,-0.45638262292,0.383925442636,-114598700.0,98.053999328613,-0.234424564512,6.162858145578,10.861772151111,21.194897209158,5.01000213623
2022-06-27,100.83,5.01000213623,0.004347376475,0.006972777992,0.000943068447,-0.030107733744,0.114903413382,0.389104301491,-85801300.0,100.103999328613,0.419448119902,6.485715048654,34.171166417229,22.431686834121,0.67
2022-06-28,104.3689,0.67,0.018128042738,0.00575392062,-0.002573067501,0.010347531462,0.409304866895,0.395442813047,-93153400.0,100.505999755859,-0.230289982566,6.520714896066,28.156798411732,24.396578993357,-6.838901220703
2022-06-29,94.265,-6.838901220703,-0.007177247585,0.005665806052,-0.001820548439,-0.026489724259,0.388711966151,0.398660202385,-100897500.0,99.558000183105,-0.304629255576,6.775572095598,16.277682517678,26.20188244888,-0.334999694824
2022-06-30,88.71,-0.334999694824,-0.015330591257,0.008025302768,-0.000234777467,-0.040765570934,0.194492978193,0.404327332347,-107420100.0,98.438000488281,-0.266580234791,6.86128616333,6.078232249621,16.837571059677,0.370001831055
2022-07-01,87.77,0.370001831055,0.000112196976,0.007854533229,-0.001401201249,-0.016362210019,-0.178585565865,0.425980072789,-116427900.0,97.110000610352,-0.240199272381,6.7805720738,8.339207949311,10.231707572203,3.640003662109
2022-07-05,87.19,3.640003662109,-0.027677565992,0.007389306975,-0.002360614566,-0.020667190835,-0.185594542525,0.423363904066,-110432500.0,94.690000915527,0.30988571943,6.539857591902,25.080069974141,13.165836724358,8.750002441406
2022-07-06,93.78,8.750002441406,-0.006775083483,0.006915730927,-0.001700600579,-0.015846363732,0.178030889001,0.407787643237,-102784000.0,93.578001403809,0.429469034037,6.447714669364,49.252958423681,27.557412115711,-0.900002746582
2022-07-07,92.7,-0.900002746582,0.008398002065,0.007366812227,-0.004140765509,-0.01267440622,0.270118851246,0.381237737856,-108487000.0,92.648001098633,-0.252219481262,6.463499886649,32.924220234543,35.752416210788,4.8
2022-07-08,96.515,4.8,-0.013025606596,0.005954484049,0.000880347453,0.00296165437,0.676689494135,0.329313695059,-101006500.0,93.362001037598,0.383855936427,6.507071358817,57.577386045556,46.58485490126,0.834998474121
2022-07-11,94.985,0.834998474121,-0.013867472987,0.005661290323,-0.000784518542,-0.011602497399,0.953105842478,0.245839460533,-106676000.0,95.016000366211,0.139854466961,6.185500008719,56.776950917648,49.092852399249,0.114998474121
2022-07-12,97.3799,0.114998474121,0.00210309759,0.005141355754,-0.000454045602,0.023435627956,0.997264481123,0.188629710943,-112717400.0,95.753999328613,-0.097717135528,5.951928819929,44.770546134487,53.04162769923,-0.829896948242
2022-07-13,92.96,-0.829896948242,-0.029000548558,0.008387506674,0.002950807291,-0.00736785905,1.127386298883,0.155773409182,-108547200.0,95.875999450684,0.165761746209,5.87814276559,52.508031421839,51.351842824658,2.679999389648
2022-07-14,92.41,2.679999389648,-0.014219998108,0.005917055579,-0.002876680814,-0.019834535426,1.151387217353,0.155514811176,-115515000.0,96.42799987793,0.215827113123,5.963785443987,47.652088167864,48.310221908063,-1.359996948242
2022-07-15,94.38,-1.359996948242,0.016474464028,0.00631187905,0.000882023306,0.019222462203,0.870142664442,0.163963672998,-123849600.0,95.138000488281,-0.341994881101,5.798785073417,23.159041951889,41.106387180531,0.280003662109
2022-07-18,98.37,0.280003662109,0.022395890927,0.007043851484,-0.005111765483,0.017375116351,0.933640885258,0.158012475285,-116352400.0,94.600001525879,0.237780474978,5.550927843366,42.422654660929,37.744594926894,-0.700001831055
2022-07-19,100.0303,-0.700001831055,0.020784261466,0.005813841525,0.001386069131,0.003312938816,1.169469571973,0.155507299096,-109180900.0,95.114001464844,0.105627471735,5.720927647182,58.484526858336,41.355407823718,2.169696948242
2022-07-20,103.945,2.169696948242,0.008904145688,0.005051456311,6.281601e-05,0.009174757282,1.595286790618,0.162019305619,-103577100.0,96.244000244141,0.335780779491,5.483784811837,96.812486642509,65.906556053925,3.785003356934
2022-07-21,106.84,3.785003356934,-0.00696184885,0.006630398205,0.004764061903,-0.001308655824,2.178045267575,0.185084153838,-96743000.0,98.662001037598,0.403028950482,5.572356632778,94.642076262893,83.313029921246,1.299999389648
2022-07-22,109.37,1.299999389648,0.001572019326,0.006926876558,0.001600436063,0.009786723294,2.496911015805,0.210647424087,-92458100.0,102.080000305176,0.16071958742,5.348784855434,96.481737281538,95.97876672898,-5.399998779297
2022-07-25,102.27,-5.399998779297,-0.001827473686,0.005490556947,0.003221993545,-0.014550009636,2.335682949171,0.217879155838,-96702000.0,103.941999816895,-0.268168661029,5.573070526123,73.747333384414,88.290382309615,2.679996948242
2022-07-26,102.835,2.679996948242,-0.024487849162,0.006409019914,0.001814693771,0.003855915658,2.205330307261,0.221491445525,-93559100.0,105.397999572754,0.172733859463,5.181713649205,74.159551190358,81.462873952103,-0.924996337891
2022-07-27,106.11,-0.924996337891,0.038072781022,0.005325141777,0.000582697269,0.002930056711,1.839590383009,0.222089416987,-97750100.0,105.340000915527,-0.080471246814,5.144571031843,58.906198257941,68.937694277571,1.250000610352
2022-07-28,106.76,1.250000610352,0.007544686606,0.007514930202,-0.00378303966,-0.013035037441,1.88310550558,0.237583329591,-92387400.0,105.266000366211,0.218279439649,5.193499428885,86.251892510406,73.105880652901,2.079996337891
2022-07-29,107.48,2.079996337891,-0.005926099456,0.004552520911,-0.001481278554,-0.006608438468,1.923204446662,0.250347988999,-87915500.0,105.405999755859,0.086982686055,5.229355948312,93.677861927378,79.611984231908,3.500003356934
2022-08-01,109.275,3.500003356934,-0.008830449876,0.007112989728,0.003477906116,-0.006681210799,1.996797145376,0.251196363331,-83277700.0,106.808000183105,0.362073897544,5.227213178362,99.142447550927,93.02406732957,1.924996948242
2022-08-02,115.3099,1.924996948242,0.004226629799,0.010100922361,0.005330821216,0.032595146414,1.960443355559,0.253406666016,-77258200.0,108.058000183105,0.121729090389,5.378213065011,88.398478222365,93.739595900223,1.030096337891
2022-08-03,111.9,1.030096337891,-0.06975243355,0.012199214599,-0.002520423194,0.033957033957,2.166597991536,0.279161429916,-62050000.0,110.943998718262,0.378259703849,5.499713352748,94.784489639547,94.10847180428,3.119996643066
2022-08-04,115.416,3.119996643066,-0.006172831727,0.007197725284,-0.003528289998,0.009763779528,2.096745079044,0.284259339744,-85404900.0,112.475997924805,0.46340604429,5.729712894985,89.822999136974,91.001988999629,3.804001220703
2022-08-05,115.88,3.804001220703,-0.03103509931,0.00610275277,-0.00419117955,0.00311634349,2.205052658195,0.307619562171,-76224600.0,114.551998901367,0.513384468618,5.729355948312,99.914029884832,94.840506220451,1.230000610352
2022-08-08,117.97,1.230000610352,0.008923218884,0.005621852651,0.000422786115,-0.001565739918,2.011634568877,0.316534399861,-82719600.0,115.777998352051,0.213588086465,5.527927943638,89.599620611982,93.112216544596,-2.150000305176
2022-08-09,114.57,-2.150000305176,-0.007079949033,0.006375217391,0.002683888173,-0.003739130435,1.686985514571,0.311771099519,-88102500.0,116.701998901367,-0.259141115973,5.468642098563,79.395903414336,89.636517970383,-0.129997558594
2022-08-10,118.798,-0.129997558594,0.042729808505,0.006157810929,-0.002124402037,-0.004374790479,1.287513736396,0.303737296571,-92303700.0,116.32200012207,-0.085021415912,5.204356057303,71.952552900865,80.316025642394,-0.067996643066
2022-08-11,122.9287,-0.067996643066,0.021645747681,0.005057708162,-0.002325945062,0.013427040396,1.220997027913,0.297150562765,-86774700.0,117.064001464844,-0.057243997308,5.333641597203,91.632052179667,80.993502831623,-1.4287
2022-08-12,121.74,-1.4287,0.010699613595,0.005316286645,-0.001809329232,-0.008631921824,1.266871001604,0.27157180965,-78664600.0,117.520001220703,0.041539298235,5.418641226632,78.491739907112,80.692114995881,2.77000213623
2022-08-15,124.8,2.77000213623,-0.007710216593,0.005575335815,-0.001273312506,0.009872147597,1.393213622612,0.259865254094,-73652100.0,119.000001525879,0.235941929223,5.425712040492,90.07312653089,86.73230620589,1.240000915527
2022-08-16,124.1499,1.240000915527,-0.014360500995,0.005444095629,0.001964408694,-0.000644771794,1.46574357151,0.254862789391,-68767400.0,121.04400177002,0.39768599544,5.381783621652,95.440749114318,88.001871850773,0.030100305176
2022-08-17,122.0511,0.030100305176,-0.020534732207,0.004067148252,0.000877221411,0.001897061238,1.281060072803,0.251497589515,-73138100.0,122.992001342773,0.00234480772,5.192140851702,87.014740969446,90.842872204884,-0.181097253418
2022-08-18,121.63,-0.181097253418,-0.003036044459,0.004577283951,0.00017780025,0.001069958848,0.913204033368,0.251922299434,-77474300.0,123.620001220703,0.05641864314,5.060712541853,73.873900358985,85.443130147583,-0.360003356934
2022-08-19,118.4,-0.360003356934,-0.025439095983,0.005896155471,0.000459298696,0.000422475708,0.556868898585,0.249722914793,-80848200.0,123.574000549316,-0.051980551951,4.908569335938,70.32125559056,77.069965639664,-3.63999786377
2022-08-22,112.64,-3.63999786377,-0.038340897908,0.006113304954,0.001035205841,0.020197445884,-0.151996349732,0.231135691358,-86137000.0,121.624000549316,-0.312164593984,4.957855224609,36.574086972455,60.256414307333,-1.250000610352
2022-08-23,112.15,-1.250000610352,0.009157054296,0.003957238307,-0.000845704152,-0.000890868597,-0.843927386934,0.216470065203,-92194400.0,118.694000244141,0.140061790394,4.822855268206,19.238677272003,42.044673278339,-0.550001525879
2022-08-24,113.2,-0.550001525879,-0.006003567904,0.006476683471,0.001356599353,0.019085343896,-1.258581385803,0.186908072048,-86747200.0,116.17799987793,-0.143480307809,4.389998299735,9.521014709206,21.777926317888,1.31000213623
2022-08-25,116.485,1.31000213623,0.012051325017,0.004558009143,1.4474176e-05,0.00478737169,-1.302530114985,0.171958819589,-83113200.0,114.705999755859,0.3990886752,4.371784210205,26.518704498369,18.426132159859,0.544998779297
2022-08-26,117.88,0.544998779297,0.000256334099,0.004218605843,-0.00028509854,0.007004954724,-1.133744705097,0.158500865215,-79091600.0,113.858000183105,0.236105619801,4.303212302072,41.238315255672,25.759344821082,-5.060000305176
2022-08-29,113.61,-5.060000305176,-0.009306887561,0.005227252393,0.001518197919,0.016462378098,-1.267378239594,0.154411945516,-82870300.0,113.469999694824,-0.361825821072,4.394640786307,16.647192095828,28.13473728329,-0.069999084473
2022-08-30,115.1975,-0.069999084473,0.008455161852,0.004651703057,-0.000550013081,0.006091703057,-1.266047105438,0.149418216013,-78249700.0,113.9,0.226064210431,4.48392704555,20.852807901981,26.246105084494,-2.637502441406
2022-08-31,113.67,-2.637502441406,0.008262263018,0.004915940498,-0.000316948865,0.000528122524,-1.285797255097,0.154279823889,-82756900.0,114.091999816895,-0.149048769654,4.461069924491,15.128487595999,17.542829197936,-0.549997253418
2022-09-01,112.61,-0.549997253418,-0.017857180193,0.004347974797,0.000933087228,0.013591359136,-1.216515069928,0.15685438958,-76565300.0,113.813999938965,-0.04411945641,4.091070447649,19.131504563038,18.370933353673,0.790001525879
2022-09-02,113.98,0.790001525879,0.008112858524,0.004164538139,0.000191342097,-0.002974107768,-1.110157699699,0.159157623335,-70903800.0,113.088000488281,0.220643802826,4.236070905413,28.634018786835,20.964670315291,-0.340000610352
2022-09-06,113.55,-0.340000610352,0.003959846451,0.004027522132,-0.00193025195,-0.004733105443,-0.986160241854,0.161459839425,-66782100.0,113.252000427246,-0.064153140353,4.299999237061,31.710152002238,26.491891784037,0.149996948242
2022-09-07,114.45,0.149996948242,-0.007475800325,0.004981657067,4.6030952e-05,0.014178112539,-0.866846010766,0.163238724748,-62715000.0,113.283999633789,-0.030829341291,4.342856270926,36.622512170502,32.322227653192,1.619999694824
2022-09-08,116.16,1.619999694824,-0.017834063068,0.005860229161,0.000595024987,0.01600629756,-0.607326932722,0.162187100468,-58095700.0,113.986000061035,0.447703068363,4.356427873884,56.307927388941,41.546863853894,2.420001831055
2022-09-09,120.98,2.420001831055,0.012126799531,0.004041137094,0.00091082223,0.008013784576,-0.263215936819,0.162092064102,-54031700.0,115.07799987793,0.450823660871,4.601213727679,93.137709958684,62.022716506042,2.500003356934
2022-09-12,124.82,2.500003356934,0.006235800309,0.004493150685,0.001219671976,0.005801772764,0.269000867294,0.166146307453,-48618400.0,117.094000244141,0.469759325886,4.455499376569,98.519976094117,82.655204480581,-0.029999084473
2022-09-13,120.21,-0.029999084473,-0.040788556214,0.005346282373,-0.001424786818,0.004260651629,0.661500289781,0.166928074492,-41625100.0,119.324000549316,0.091991109115,4.381927490234,87.152611492812,92.936765848537,1.330000915527
2022-09-14,120.37,1.330000915527,0.000740466819,0.004484953133,-0.001838923338,-0.010277914817,0.653336011769,0.155193010709,-48751600.0,120.892001342773,0.211056414724,4.604070390974,70.110136129209,85.260907905379,6.430003051758
2022-09-15,127.25,6.430003051758,-0.011908533911,0.005901228658,0.000889678841,0.015238551141,0.936070843863,0.163872357782,-43061500.0,123.03800201416,0.374662012422,4.801212855748,97.692738227426,84.985161949815,-2.209999084473
2022-09-16,121.6,-2.209999084473,-0.031429944629,0.0066702435,0.004543029328,0.003714403632,0.936180407966,0.171282532039,-49667600.0,124.330001831055,-0.004116276239,4.919785090855,79.537941563955,82.446938640197,-2.85
2022-09-19,118.41,-2.85,-0.015831555818,0.004577735946,0.000331619098,0.013177034312,0.467912502209,0.168642506589,-63372000.0,123.384001159668,-0.233013228787,5.059785570417,49.882123911062,75.704267900815,0.369998779297
2022-09-20,118.71,0.369998779297,-0.007156074111,0.004897995583,9.0725103e-05,0.008238491592,0.132883198331,0.16807901813,-58656600.0,122.182000732422,0.302452562869,4.991213662284,50.023560826666,59.814542100561,-2.000000915527
2022-09-21,116.2011,-2.000000915527,-0.002913172312,0.005557599725,0.000383956125,-0.001022180193,-0.235391805759,0.161488835709,-64267500.0,121.216000366211,-0.09943986091,4.952642713274,40.264017971957,46.723234236562,-2.19109786377
2022-09-22,112.19,-2.19109786377,-0.011753389546,0.006377722464,0.000436039945,-0.002666903725,-0.64486743379,0.157091959343,-71166200.0,118.658000183105,-0.138729502337,5.223357064383,27.534191977373,39.273923591998,-8.469998779297
2022-09-23,102.17,-8.469998779297,-0.014654880974,0.006135714286,-0.000749765315,-0.000293542074,-1.541607963905,0.188738002869,-79565600.0,114.394000244141,-0.377395945169,5.569071088518,1.761098913036,23.186436287455,-0.42
2022-09-26,103.6198,-0.42,0.000294828298,0.005859066339,-0.000923477465,0.018376412776,-2.162271494501,0.222933614514,-85811200.0,110.994000244141,-0.047789432945,5.560500008719,6.875633693246,12.056974861218,-0.389796643066
2022-09-27,106.925,-0.389796643066,0.027220744621,0.005563655224,-0.002061115952,0.008345907205,-2.352259616005,0.244173641427,-80532400.0,107.884001159668,0.209195439192,5.544786180769,11.86384760511,6.833526737131,-0.554997253418
2022-09-28,107.045,-0.554997253418,0.003111719882,0.004935002814,0.001604082342,0.003986118927,-2.151050899156,0.254973974768,-75451400.0,105.81600189209,0.059886472466,5.631214141846,22.44692403214,13.728801776832,3.645002441406
2022-09-29,107.15,3.645002441406,-0.013551359354,0.005711139659,0.001877761095,-0.01679207194,-1.634987733297,0.256863179366,-70933200.0,105.152001953125,0.39697099325,5.631428309849,37.0070819372,23.77261785815,-0.489996337891
2022-09-30,105.76,-0.489996337891,-0.017813627045,0.005785005723,0.002212438921,0.008775276612,-1.477783710181,0.265708963649,-75192700.0,105.740002441406,-0.273663254792,5.659285954067,23.424345194403,27.626117054581,-0.719999084473
2022-10-03,103.025,-0.719999084473,0.004284053164,0.006089139928,-0.002740645845,-0.021976457186,-1.396578055521,0.277454973142,-79943300.0,106.398002624512,0.052890169136,5.701429094587,17.964276337193,26.131901156265,1.975
2022-10-04,109.67,1.975,0.039428565616,0.005319357798,-0.00062619649,0.006146788991,-1.263248530907,0.288242901605,-86152200.0,106.752001953125,-0.038895633106,5.589286259242,17.829456965071,19.739359498889,1.139997558594
2022-10-05,110.59,1.139997558594,-0.00261710064,0.006153553644,0.001227556227,0.001267541874,-0.728025693523,0.289717008572,-81317200.0,107.640000915527,0.298203423021,5.52642931257,37.411514339401,24.401749213888,1.17000213623
2022-10-06,113.29,1.17000213623,0.002147439685,0.004709642857,8.8691774e-05,0.011517857143,-0.277455259607,0.290138724324,-77308500.0,107.854000854492,0.157910814342,5.483571733747,53.436813394507,36.225928232993,-1.709998168945
2022-10-07,108.34,-1.709998168945,-0.024287498118,0.005099338357,-0.000931907183,-0.004410953869,0.024955146063,0.28853299093,-80755000.0,108.838000488281,-0.031015520292,5.252143314907,54.077449979827,48.308592571245,0.200000915527
2022-10-10,108.9,0.200000915527,9.2151614e-05,0.004891662828,0.000427050982,0.00322432059,0.036073427895,0.279800946798,-84107700.0,109.538000488281,-0.056642554,5.335715157645,40.227790383464,49.247351252599,2.08999786377
2022-10-11,106.85,2.08999786377,-1.8009743e-05,0.006199769344,-0.00084281737,-0.037283309907,0.214309230457,0.262212913593,-80162500.0,110.736000061035,0.3087513389,5.27642931257,57.492340467113,50.599193610135,-0.030000305176
2022-10-12,110.045,-0.030000305176,0.00608501711,0.007709128129,0.000486746871,0.023960174933,0.064986565167,0.253638620433,-85859200.0,109.938000488281,-0.246770355591,5.307500566755,48.367336025762,48.695822292113,2.304998474121
2022-10-13,106.19,2.304998474121,-0.044948780516,0.00693422032,-0.000325950789,-0.012002232974,0.337067365695,0.218283262639,-80311700.0,110.055999755859,0.385741163964,5.030357905797,85.986363623437,63.948680038771,6.460001525879
2022-10-14,115.5025,6.460001525879,0.020861060296,0.007210228755,0.00315823856,0.004631643037,0.524478415685,0.181901733232,-74139200.0,110.269999694824,0.376388529273,5.303214481899,86.303491820039,73.552397156412,-6.342496337891
2022-10-17,114.4183,-6.342496337891,0.029039923622,0.007189047195,0.002307417438,0.01886286732,0.405931312745,0.165695488614,-79140900.0,110.394000244141,-0.358509383519,5.563071114676,48.920692887726,73.736849443734,2.0817
2022-10-18,119.59,2.0817,0.030300418706,0.007677276894,-0.001290413958,-0.003499708358,0.792049731504,0.157540920246,-73717000.0,111.496000671387,0.388466261617,5.753071376256,98.216720819206,77.813635175657,-1.649997558594
2022-10-19,116.91,-1.649997558594,-0.014456518533,0.007870128748,-0.000682794102,0.010196146202,1.09591268816,0.161840671063,-68137000.0,113.720001220703,-0.187342757892,5.728785923549,85.051285340549,77.396233015827,-0.039997253418
2022-10-20,116.9602,-0.039997253418,-0.004449424662,0.006511044263,-0.002227785411,0.005244520842,1.169610237218,0.169038560715,-71545900.0,114.624002075195,0.104834741205,5.587356567383,79.276866747699,87.514957635818,0.0398
2022-10-21,116.835,0.0398,-0.002051263793,0.006659558068,0.002396855414,0.000642343268,1.169096444044,0.17131760747,-67583700.0,115.49400177002,0.090759304333,5.602356501988,79.978417001206,81.435523029818,3.114996948242
2022-10-24,117.7987,3.114996948242,-0.013505586981,0.006603819826,-0.001126915951,-0.004489985633,1.299396538369,0.172164129788,-63437600.0,117.652000427246,0.303584143926,5.711642129081,95.55943773271,84.938240493872,-1.408700610352
2022-10-25,113.105,-1.408700610352,-0.008763610692,0.006250259965,0.000712969836,-0.019887348354,1.086443468394,0.163093627164,-67890400.0,117.630000305176,-0.128467320732,5.748499189104,74.758981976172,83.432278903363,5.344996948242
2022-10-26,118.44,5.344996948242,-0.012241426641,0.005283915725,-0.000343802732,0.014388489209,1.025688051386,0.164462287414,-61611500.0,117.731999206543,0.256640754378,5.909213474819,86.795194746226,85.704538151703,-3.130002441406
2022-10-27,114.72,-3.130002441406,0.00641753108,0.006207643202,0.000102119911,-0.010351966874,0.729322666412,0.16529497162,-65874600.0,117.419998168945,-0.149632264472,5.961356026786,68.448716327365,76.667631016588,-2.660002441406
2022-10-28,113.28,-2.660002441406,-0.007763654615,0.005958809245,0.001293319526,0.018796654375,0.292135225387,0.157662110278,-70468600.0,116.431997680664,-0.428986422073,5.958855765206,49.459523189982,68.234478087857,1.929999084473
2022-10-31,111.065,1.929999084473,-0.018661587909,0.007014213825,0.000514404845,-0.019466760837,0.197368646422,0.144150088897,-65711300.0,115.48399810791,0.434671771446,6.005284445626,67.864442377048,61.924227298132,-4.154996337891
2022-11-01,111.39,-4.154996337891,0.037929029435,0.006717158056,0.000875853979,0.004327833378,-0.408969248359,0.137484459727,-76445100.0,113.587998962402,-0.397929747333,6.086356026786,10.447767843866,42.590577803632,-2.339996948242
2022-11-02,102.825,-2.339996948242,-0.058734582572,0.012482926592,0.003735085431,0.001753616835,-0.636976695927,0.14040711144,-60465300.0,111.708000183105,-0.164360734689,6.037784031459,24.334853765021,34.215687995312,-8.414996337891
2022-11-03,92.03,-8.414996337891,-0.003495411696,0.01020397534,-0.004398475149,-0.021789965986,-1.685309943714,0.206352140589,-89656700.0,107.528001403809,-0.326910115371,6.535641806466,0.604700180044,11.795773929644,-0.010003356934
2022-11-04,93.7184,-0.010003356934,0.032329995784,0.007485250737,0.000292333274,-0.012659081332,-2.407245092449,0.264909340774,-99756000.0,103.520001220703,-0.233136915015,6.292784554618,2.540911655411,9.160155200158,2.371596337891
2022-11-07,94.81,2.371596337891,0.006972690435,0.005934063663,0.000467510944,-0.020152955767,-2.469006067415,0.293259189151,-90038600.0,99.696000671387,0.153521237577,6.046356201172,16.366580043435,6.50406395963,0.649999084473
2022-11-08,95.87,0.649999084473,0.000733288241,0.005384454222,0.000141002459,0.004294992667,-2.40806050853,0.320561678288,-98011300.0,97.405999755859,-0.142934237208,5.972070421491,14.299360534841,11.068950744562,3.030001525879
2022-11-09,98.83,3.030001525879,-0.011627922226,0.004763273657,0.002603889007,0.01104859335,-2.00817340909,0.333527734832,-90181900.0,95.375999450684,0.258960737772,6.265571049282,26.044795869526,18.903578815934,-3.039999084473
2022-11-10,101.16,-3.039999084473,0.05345028393,0.006548143736,0.004438294693,0.004169148303,-1.830235920305,0.353656569369,-94832800.0,95.651998901367,-0.228165381946,6.221285138811,15.542860891854,18.629005765407,1.240001525879
2022-11-11,103.355,1.240001525879,0.010253861394,0.005682455292,0.000133489831,-0.000918318028,-1.176260676699,0.357446562147,-87489800.0,97.72799987793,0.232212193811,6.293428148542,38.857455694981,26.815037485453,6.214999694824
2022-11-14,107.605,6.214999694824,-0.01670166867,0.00421637915,0.000728126083,-0.001994064181,-0.219777981718,0.357466291076,-80625400.0,100.424000549316,0.436829674822,6.32799911499,63.894113444983,39.431476677272,-2.444996337891
2022-11-15,109.66,-2.444996337891,0.039083233528,0.005957719411,-0.00053549642,0.003569140661,0.137662861362,0.352881027899,-85576800.0,102.364001464844,-0.336069201328,6.169427599226,48.495007511014,50.415525550326,-2.64999786377
2022-11-16,105.92,-2.64999786377,0.006447946904,0.00589347079,-0.001211521372,-0.016253366769,0.500082700832,0.343200551487,-80219400.0,103.986001586914,-0.222139626214,6.250498635428,62.706188659196,58.365103205064,-1.489999694824
2022-11-17,100.26,-1.489999694824,-0.024897045547,0.004655653884,-0.001923035285,-0.014159292035,0.562772572106,0.335006305587,-83901200.0,105.714001464844,-0.476573605204,6.170141492571,54.875297658047,55.358831276086,-0.959996948242
2022-11-18,97.23,-0.959996948242,0.015508491831,0.007854522015,0.00017460623,-0.035799285998,0.270293776277,0.329760684552,-89082400.0,105.09400177002,-0.388392182666,6.221570151193,35.635653058744,51.072379791996,0.539996643066
2022-11-21,97.13,0.539996643066,-0.007773289689,0.003714874755,-0.000812157737,0.001236985878,-0.000338686271,0.313611787394,-94995500.0,102.734001159668,-0.340344915385,5.914427076067,29.769080392158,40.093343702983,-1.420000915527
2022-11-22,93.435,-1.420000915527,-0.022777142681,0.004907409387,-0.002008352048,-0.001015716882,-0.276913314564,0.306409526673,-100141200.0,100.844000244141,-0.144864005589,5.752998897008,22.231109954974,29.211947801959,1.844998779297
2022-11-23,94.71,1.844998779297,0.002938694195,0.0028430348,-0.00019298355,-0.010241404535,-0.438060119994,0.285535217215,-106092800.0,98.497999572754,0.378650858439,4.890855516706,20.077123277766,24.025771208299,1.919997253418
2022-11-25,97.61,1.919997253418,0.003518617168,0.004065071672,-0.00061250239,0.006599979375,-0.403817629121,0.265848664803,-101755200.0,96.937998962402,0.211439024124,4.795999254499,24.031185870658,22.113139701133,0.059998168945
2022-11-28,98.225,0.059998168945,-0.006859815517,0.003790493865,0.000356105386,0.012733271471,-0.267766898518,0.250385760976,-99510100.0,96.61199798584,0.179678319902,4.656713758196,25.691566789344,23.266625312589,-2.924996948242
2022-11-29,95.54,-2.924996948242,0.008394495244,0.004523859137,-0.001196170561,-0.004584288393,-0.292044425227,0.216909775931,-104644000.0,96.117999267578,-0.223749119465,4.623856680734,12.708847130956,20.810533263653,-0.160002746582
2022-11-30,96.72,-0.160002746582,0.005032536913,0.00388825185,-0.001541458121,0.008235171479,-0.258521706451,0.210382481138,-100950000.0,96.051998901367,-0.173399180286,4.217499324254,13.147051533539,17.182488484613,5.419999389648
2022-12-01,101.975,5.419999389648,-0.00636382935,0.005510099517,-0.000726326687,0.00477879594,0.236363494036,0.191582729585,-92562500.0,97.423999023438,0.512823500078,4.426785605294,50.178019229765,25.344639298086,-0.705003356934
2022-12-02,100.0,-0.705003356934,-0.019946644712,0.005380151134,-0.000123734688,0.007556675063,0.507011253262,0.18734023494,-97602800.0,98.351998901367,-0.018419395431,4.176785605294,45.412185883109,36.245752215471,1.0
2022-12-05,100.62,1.0,-0.009900990099,0.0043699,-0.000592512962,0.0062,0.660058932343,0.174336704031,-101731400.0,99.017999267578,0.329597713906,3.831071581159,43.933157213296,46.507787442057,-2.10999786377
2022-12-06,95.1985,-2.10999786377,-0.002639347585,0.004953689567,0.002030469911,-0.031058524173,0.588194447843,0.171309733156,-105332900.0,99.659999084473,-0.222132339141,3.731071472168,30.293068260849,39.879470452418,-2.078497253418
2022-12-07,89.12,-2.078497253418,-0.04633808327,0.009557369666,0.001790881055,0.003490597906,0.192714694936,0.177636716946,-113713800.0,99.208000183105,-0.353198110262,3.769286019461,7.721528949933,27.315918141359,2.38
2022-12-08,91.9954,2.38,0.016065587112,0.004453479617,-0.000409537478,-0.01048295149,-0.144715994003,0.192731073329,-126354300.0,97.080000305176,0.307490022792,3.9778578622,29.093207340833,22.369268183872,2.834601831055
2022-12-09,94.52,2.834601831055,-0.010439791986,0.006013208351,-0.000919973859,0.006817213464,-0.111846414897,0.194484319808,-120238600.0,95.792001342773,0.261284895431,3.872857775007,50.062985722005,28.959240670924,0.179996948242
2022-12-12,94.16,0.179996948242,-0.009926027902,0.005069219283,2.1952479e-05,0.004266211604,-0.069157504009,0.196788649929,-124644400.0,94.532000732422,0.143536879367,3.814858027867,49.244315427104,42.800169496648,1.420001831055
2022-12-13,99.63,1.420001831055,0.050115095457,0.00497755611,0.00021479068,-0.006184538653,0.042062238175,0.170933571513,-119980300.0,93.946000671387,0.38134192797,3.710572378976,54.785906183853,51.364402444321,-6.290003662109
2022-12-14,93.13,-6.290003662109,0.002142753219,0.003990164635,-0.000921216507,-0.004383151593,-0.008802186546,0.163028293109,-127359200.0,93.989999389648,-0.426463570361,4.053429739816,40.680082479431,48.236768030129,0.800000305176
2022-12-15,91.31,0.800000305176,-0.025657443354,0.005422812193,0.00123781328,-0.002403583525,0.022033224515,0.138756389987,-120621400.0,94.475999450684,0.069706660152,4.149143763951,44.395471558981,46.620486740755,-0.699999389648
2022-12-16,90.2,-0.699999389648,-0.008277232038,0.005007347211,-0.000653929081,0.004118891239,-0.147117450756,0.130479219869,-125953400.0,93.631999206543,-0.125029570864,4.307000841413,23.488678902963,36.188077647125,-0.630000305176
2022-12-19,87.83,-0.630000305176,-0.000669839888,0.00452977321,-0.001303217999,-0.018768852642,-0.286908866629,0.141007919389,-132783600.0,92.605999755859,-0.037874159167,4.251286642892,16.939556763917,28.274569075287,-1.899999694824
2022-12-20,89.47,-1.899999694824,0.009077141586,0.00872494522,-0.001610835693,0.031830238727,-0.566242275685,0.167182813353,-137500700.0,90.675999450684,-0.385181120879,4.422715323312,3.052988252491,14.493741306457,-1.849997253418
2022-12-21,87.68,-1.849997253418,-0.001483735206,0.005592867756,-0.000237010419,0.002171676763,-0.576955938125,0.181937849693,-130174900.0,89.532000732422,0.129605092734,4.284143720354,12.788025014535,10.926856676981,-0.610000305176
2022-12-22,84.39,-0.610000305176,-0.017572054492,0.004635959785,-0.000413811389,-0.013444002806,-0.560379237749,0.196333718336,-135769700.0,88.160000610352,-0.082820391051,4.21200125558,10.220309321432,8.687107529486,0.480002746582
2022-12-23,84.22,0.480002746582,-0.002003131764,0.005569421488,0.000474150145,-0.005667060213,-0.631587982839,0.215276957194,-141412800.0,87.012001037598,-0.07476283193,4.334858485631,12.318458130821,11.775597488929,1.03
2022-12-27,83.9,1.03,-0.0055132108,0.003692734135,0.001665355209,-0.010379806558,-0.587997344992,0.227192308902,-138355100.0,86.148001098633,0.148605402899,4.254858834403,14.775861726009,12.438209726087,-0.41000213623
2022-12-28,83.665,-0.41000213623,-0.002874570247,0.004070750751,0.001460086073,0.004984984985,-0.609967367951,0.245256636116,-142337500.0,85.660000610352,-0.294566950519,3.955572945731,5.035949352701,10.71008973651,-1.17500213623
2022-12-29,83.7,-1.17500213623,0.005818927984,0.004634084609,0.00130661541,0.008798360853,-0.621986038228,0.263262045062,-147269200.0,84.633999633789,-0.148210357362,3.677000863211,3.094953403119,7.63558816061,1.530003356934
2022-12-30,84.805,1.530003356934,-0.01900742324,0.003762349001,-0.000257677822,0.014292548738,-0.387041309644,0.25060779143,-143237900.0,84.266000366211,0.364749796207,3.617000579834,17.716115651569,8.615672802463,0.695
2023-01-03,87.68,0.695,0.022046808611,0.004866739143,0.000413492073,0.003375865423,-0.166368947016,0.234138656285,-139865400.0,84.391999816895,0.398532319776,3.547857557024,19.156866312347,13.322645122345,-2.779998474121
2023-01-04,85.85,-2.779998474121,0.011660752014,0.004361858191,0.000217228308,-0.000465711957,-0.021352104189,0.212464811525,-143766600.0,84.32200012207,-0.300953277285,3.645714351109,15.955166512535,17.609382825484,2.870001220703
2023-01-05,87.36,2.870001220703,-0.00270511565,0.005545989365,-0.000439035643,-0.011652901912,0.350765924972,0.190636147599,-138949500.0,85.368000793457,0.37220792758,3.397142682757,51.011223494031,28.707752106304,0.349999084473
2023-01-06,86.915,0.349999084473,0.009234951169,0.004593325792,-0.001090714927,-0.016798642534,0.536680636474,0.186185708694,-142368500.0,86.412001037598,-0.210025163011,3.248571123396,53.703684075794,40.223358027454,1.604996643066
2023-01-09,90.65,1.604996643066,0.019600098013,0.004992567118,0.002917377675,0.005657865542,0.711065684381,0.184003922387,-138020100.0,87.069999694824,0.017114770076,3.149999346052,70.469028952474,58.394645507433,-1.41000213623
2023-01-10,89.4,-1.41000213623,-0.004258149513,0.003342336259,0.00030728679,0.006076975017,0.861718591579,0.172098515981,-133700700.0,87.817999267578,-0.142333121478,3.207142421177,72.287915603034,65.486876210434,-0.859999084473
2023-01-11,89.65,-0.859999084473,0.005195381519,0.003647191011,0.000417686938,0.007303370787,0.897014181666,0.158257720604,-137866300.0,88.545999145508,-0.039541643136,3.100714002337,65.384592227219,69.380512260909,4.790002441406
2023-01-12,95.26,4.790002441406,0.00921214628,0.005574965901,8.8722967e-05,-0.000524603924,1.277307794126,0.152654514808,-130147400.0,89.689999389648,0.487503015125,3.197856903076,96.981428437384,78.217978755879,3.22999786377
2023-01-13,98.01,3.22999786377,-0.010051760435,0.004010667761,0.000140648286,0.005333880398,1.732929553307,0.178987987975,-122452200.0,91.845999145508,0.347543147611,3.3928565979,97.300473787041,86.555498150548,2.360002746582
2023-01-17,99.37,2.360002746582,-0.004533245179,0.003291583367,-0.002085718176,-0.006697321072,2.069447666279,0.21006017959,-115923200.0,94.216000366211,0.453840118536,3.306428091867,98.243776899664,97.50855970803,1.899996643066
2023-01-18,101.18,1.899996643066,0.00138251233,0.005072285602,0.001529485387,-0.004917387884,2.246414384177,0.245020637845,-110427000.0,96.62200012207,0.204328779454,3.422499520438,92.965165988471,96.169805558392,-0.069999389648
2023-01-19,99.88,-0.069999389648,-0.012560619769,0.00301762291,-0.0007566957,0.000100130169,2.241334377153,0.272082867033,-116489200.0,99.136000061035,-0.02589484834,3.498214176723,87.711272191467,92.973405026534,-0.780001525879
2023-01-20,98.585,-0.780001525879,-0.000908136622,0.003887082113,0.000742022015,-0.004292495708,1.999245790148,0.28314509095,-121485900.0,100.067999267578,-0.110539556016,3.583928789411,78.14967869993,86.27537229329,2.694998779297
2023-01-23,101.81,2.694998779297,0.007010259607,0.004317971443,-0.000270843037,0.002560315116,1.884134982231,0.299779594042,-116381900.0,100.625999450684,0.364354610735,3.583143506731,87.524734147209,84.461895012869,3.410001220703
2023-01-24,104.73,3.410001220703,-0.004942066778,0.004019006686,-0.000865477741,0.000286532951,1.962670584944,0.324897393581,-111939200.0,101.595999145508,0.419895300276,3.700286320278,99.241005323926,88.305139390355,-0.600002746582
2023-01-25,101.095,-0.600002746582,-0.036204712787,0.004324962631,-0.000953509063,0.007424015944,1.832986458955,0.334353250242,-115453900.0,102.167999267578,-0.098554552725,3.609572274344,89.537026403805,92.100921958313,3.345002441406
2023-01-26,106.87,3.345002441406,0.017809273907,0.004021542803,-0.00087112221,0.005362182502,1.664760063779,0.339793193193,-110284600.0,102.833999633789,0.445153450267,3.66557257516,90.570614504972,93.116215410901,2.549998168945
2023-01-27,109.531,2.549998168945,-0.005117872125,0.002849255925,0.000486116904,0.006163880213,1.775428387932,0.349966985849,-105088000.0,104.897999572754,0.42634490897,3.885572160993,99.70563625141,93.271092386729,6.409002441406
2023-01-30,113.57,6.409002441406,-0.01561156762,0.003970822746,-0.001568663368,-0.004906685359,2.149334289818,0.372296903356,-95539500.0,107.830000305176,0.458343424039,4.268072400774,96.114586106616,95.463612287666,-4.089996643066
2023-01-31,110.11,-4.089996643066,0.0,0.004347337656,0.000348045896,0.005662617591,1.835379382242,0.368092501725,-101009400.0,108.682000732422,-0.374004556815,4.492000579834,74.843599935938,90.221274097988,1.000000610352
2023-02-01,110.72,1.000000610352,0.0,0.003812078121,0.000441623775,-0.0035100351,1.618846146123,0.361971669862,-97142200.0,110.078001403809,0.349018314889,4.459143502372,78.730176899452,83.229454314002,3.26999786377
2023-02-02,116.9712,3.26999786377,0.019826319665,0.003619325997,1.1592732e-05,0.005598349381,1.550808358288,0.353648961639,-93088600.0,111.988000488281,0.306779765176,4.371286119734,86.450198888906,80.007991908099,1.548796643066
2023-02-03,116.92,1.548796643066,-0.020924702985,0.004783264392,0.000853104862,0.007583591865,1.681175930601,0.363688179751,-85921700.0,113.808000183105,0.329633414077,4.43771471296,94.070433286225,86.416936358194,1.779996948242
2023-02-06,117.95,1.779996948242,-0.0108676775,0.005099948744,0.001424688996,0.007602938664,1.6476275751,0.360375915278,-79791000.0,114.359999084473,0.263017428402,4.599857875279,88.669725677466,89.730119284199,0.399998474121
2023-02-07,117.17,0.399998474121,-0.003717742439,0.004222542617,0.000673791575,-0.0062759732,1.475519991409,0.348966248815,-82995100.0,116.13399810791,0.196874476192,4.520500728062,87.200995307289,89.980384756993,2.520002441406
2023-02-08,119.41,2.520002441406,-0.002506500507,0.003013167827,0.000320226455,0.001509687159,1.330077330889,0.334331414747,-78597400.0,117.849998474121,0.196661177197,4.634214673723,92.82417560215,89.564965528968,-3.049999389648
2023-02-09,118.65,-3.049999389648,0.014094185124,0.003685932203,0.000349080938,0.005508474576,0.907911696875,0.298597520009,-82202800.0,118.323999023438,-0.339092046664,4.684214455741,78.358879302236,86.128016737225,-3.709997558594
2023-02-10,111.9383,-3.709997558594,-0.023403535621,0.005088075519,-0.001566148536,-0.003132068751,0.45425474141,0.276042842642,-86711500.0,117.608000183105,-0.300721706263,4.791428702218,70.035717555897,80.406257486761,-3.068297253418
2023-02-13,111.185,-3.068297253418,0.01037932603,0.004976636364,0.003283779347,0.010772727273,-0.293146489586,0.259273512875,-93175000.0,115.642001342773,-0.216396850731,5.098714556013,41.880421729253,63.425006195795,5.234998168945
2023-02-14,117.29,5.234998168945,-0.00111662305,0.006474933356,0.000437705357,0.008599191676,-0.315616524427,0.250311182819,-85517800.0,115.256001281738,0.483200082078,5.488714490618,76.90058075623,62.93890668046,3.580002746582
2023-02-15,134.14,3.580002746582,0.075535675072,0.01069396386,0.003891077025,0.031449442522,-0.079650633079,0.248981385654,-68372800.0,115.492001342773,0.399499454625,5.580571855818,96.629578176841,71.803526887441,2.869994506836
2023-02-16,138.4812,2.869994506836,-0.009926287606,0.008182823443,0.002013227415,0.020871360118,1.052137380088,0.303262685723,-35890900.0,119.62200012207,0.426299546243,6.497000558036,94.598268959054,89.376142630708,0.938798168945
2023-02-17,136.3065,0.938798168945,-0.014237560152,0.006228326118,-0.000730194601,-0.008211154364,1.807465347827,0.338623628698,-17185100.0,124.517999267578,0.225908345202,6.60521534511,86.322570822292,92.516805986062,-4.706493896484
2023-02-21,131.93,-4.706493896484,-0.013905788345,0.00648031132,7.6144659e-05,0.016644833166,1.630265904811,0.336872895502,-28571800.0,129.063999938965,-0.351236301125,6.749858311244,65.79334821305,82.238062664799,-3.150001220703
2023-02-22,127.965,-3.150001220703,-0.004969711102,0.00458982363,-0.002189553169,-0.001365693772,1.193237073943,0.332164892852,-35190500.0,131.536000061035,-0.08694017373,6.913786751883,58.390200277069,70.16870643747,-0.755000915527
2023-02-23,126.17,-0.755000915527,0.007861077247,0.004228072909,0.000394853478,-0.017214519396,0.693314927976,0.317019854792,-40949500.0,132.803999328613,-0.090371180442,6.861644199916,54.268601052694,59.484049847604,-0.650003356934
2023-02-24,124.11,-0.650003356934,-0.019757774011,0.004879212111,0.000586985233,0.010174181996,0.170940715622,0.2956646128,-47963000.0,130.505999755859,-0.166479003577,6.938073294503,49.831967864386,54.163589731383,-1.330001220703
2023-02-27,123.255,-1.330001220703,0.009529224471,0.004694395233,0.001219269075,-0.007448864551,-0.405520160924,0.282405036144,-53082800.0,127.17799987793,-0.008930287161,6.922286987305,42.638862599889,48.91314383899,0.274998779297
2023-02-28,125.7296,0.274998779297,0.012790430233,0.006095755735,0.001032213754,0.004952441851,-0.762014706178,0.279607307472,-48071400.0,125.563998413086,-0.08069770259,6.908429282052,44.607779809536,45.69287009127,-2.449601220703
2023-03-01,122.3,-2.449601220703,-0.0073410025,0.004671194763,0.001008128955,0.000818330606,-1.024031461455,0.263207607371,-55388500.0,124.463998413086,-0.259205346188,6.785715375628,43.951474072987,43.732705494137,-1.469998168945
2023-03-02,120.3141,-1.469998168945,-0.009600294997,0.00502438617,0.001293214627,0.004794554869,-1.351160707842,0.249065781005,-60033500.0,123.187998962402,-0.253421542279,6.690715789795,37.51968586635,42.026313249624,2.065897253418
2023-03-03,123.18,2.065897253418,0.006537040936,0.003623802565,-0.001169607847,0.0,-1.443602809622,0.239840527764,-55946200.0,122.559999084473,0.363369626769,6.62928717477,41.588769415638,41.019976451658,2.550003356934
2023-03-06,126.2,2.550003356934,0.004970969405,0.004996993671,-0.001461964127,-0.001582278481,-1.265938848746,0.237780471481,-50446800.0,123.15,0.414814348896,6.278430393764,45.720857120009,41.609770800665,0.130001831055
2023-03-07,129.09,0.130001831055,-0.00467033926,0.005218307619,0.000707526345,0.026642277716,-1.100904810707,0.235639013402,-45154300.0,123.710000610352,0.013459840185,6.002002171108,37.818558891248,41.709395142298,-2.149997558594
2023-03-08,126.35,-2.149997558594,-0.000315116707,0.003470921986,0.001911696681,-0.004334121355,-0.949290822877,0.232676763303,-39563500.0,124.442001342773,0.133222804045,5.947002410889,29.996044911695,37.845153640984,-1.35
2023-03-09,124.2594,-1.35,0.000479980469,0.00369566608,0.000571881206,-0.006401727171,-0.974607729986,0.230031284464,-42854300.0,125.276000976562,-0.313662057687,4.878431592669,22.318949093221,30.044517632055,-4.419403662109
2023-03-10,117.56,-4.419403662109,-0.0008761326,0.005497828629,-0.000884594479,-0.018206113245,-1.312765967452,0.224556525771,-49002000.0,124.768000793457,-0.452504599634,4.563430786133,2.520986852781,18.278660285899,0.740003051758
2023-03-13,114.77,0.740003051758,-0.021792078302,0.006118043553,0.003961084414,-0.008209471137,-1.595267612079,0.217791725532,-54256800.0,123.282000732422,-0.104727504661,4.342002323696,14.411785164474,13.083907036825,1.189999084473
2023-03-14,117.835,1.189999084473,0.025698545882,0.003184066627,0.000440750886,-0.00870699083,-1.875494454661,0.194297837964,-59538800.0,121.208000183105,0.046348086709,4.337359292167,13.379843487918,10.104205168391,-1.474999389648
2023-03-15,113.17,-1.474999389648,-0.021485046295,0.004475729863,-0.000478581489,-0.00483644038,-1.960470160594,0.194444090075,-54122400.0,119.091999816895,-0.289872048123,4.327358790806,15.706786297956,14.499471650116,0.410001831055
2023-03-16,114.98,0.410001831055,0.003257572735,0.006224025974,0.000811712439,0.008950508951,-2.117083552155,0.209643457469,-60427500.0,116.808000183105,-0.037451765479,4.178786686489,10.703202017015,13.26327726763,5.00999786377
2023-03-17,118.005,5.00999786377,-0.002291870412,0.00447377681,0.000714310137,-0.011352211796,-1.719078863381,0.190520862347,-52735600.0,116.838000488281,0.48836301691,4.266001020159,43.846918239753,23.418968851575,0.145001525879
2023-03-20,118.4499,0.145001525879,-0.000761777115,0.00376459144,0.000785539158,0.001944679411,-1.516891481191,0.153195439437,-58249200.0,116.808000183105,-0.215040855648,4.345286778041,34.332978424085,29.627699560284,-0.049898474121
2023-03-21,120.87,-0.049898474121,0.013513500452,0.003706058838,-0.002017218213,0.007333944495,-1.311201603636,0.14017452537,-54251500.0,117.296000671387,0.081096144525,4.276786259242,35.62563586309,37.935177508976,2.820002441406
2023-03-22,123.635,2.820002441406,0.001616920885,0.002051820163,0.000232593417,-0.002058277504,-0.789469455357,0.131048583492,-48877100.0,118.762001037598,0.421352567376,4.499643053327,62.9782720063,44.312295431158,-2.465001831055
2023-03-23,122.45,-2.465001831055,0.011058875857,0.003371071749,-0.000879715415,-0.000489755938,-0.593615120799,0.124214011293,-52848200.0,120.280000305176,-0.288717755352,4.537500108991,49.94826292981,49.5173902664,-2.149996948242
2023-03-24,118.18,-2.149996948242,-0.006650066762,0.002995727928,-0.001513284431,-0.010051934997,-0.505628995926,0.120438689144,-56876700.0,120.342001342773,-0.148256204106,4.740356990269,45.449840289287,52.792125075132,-1.260001831055
2023-03-27,117.4401,-1.260001831055,0.009151554153,0.002744978388,-0.000766135367,-0.004660564455,-0.648895481827,0.123855052943,-61167600.0,120.096000671387,-0.280872930269,4.793928418841,27.973086466717,41.123729895271,0.469903662109
2023-03-28,117.15,0.469903662109,0.00050884197,0.003016190557,0.000625478473,-0.006950919725,-0.649233541011,0.124074215012,-58348000.0,119.998001098633,-0.005038647937,4.592785426549,39.628488673683,37.683805143229,-0.539999389648
2023-03-29,117.79,-0.539999389648,0.014835740661,0.002645292276,-0.000657653632,-0.0035529989,-0.704632370585,0.125789155907,-61289000.0,118.582000732422,-0.286456179489,4.548142024449,36.637924889477,34.746500009959,1.010003051758
2023-03-30,120.33,1.010003051758,0.016835016403,0.003990645695,4.0980654e-05,-0.003890728477,-0.567308129156,0.126227921646,-58577500.0,118.108001708984,0.121383613395,4.340285164969,52.370703117384,42.879038893515,1.949998779297
2023-03-31,123.92,1.949998779297,0.008341546309,0.003763017032,0.001024976227,0.00502838605,-0.2327701963,0.126130738939,-53139600.0,118.504000854492,0.301723639709,4.215999058315,77.37067571115,55.459767906004,0.480001525879
2023-04-03,121.65,0.480001525879,-0.01125403142,0.005306504065,0.002104353241,-0.010975609756,0.121579381949,0.123092281743,-47605800.0,120.000001525879,0.187779602856,4.145999363491,89.327783202692,73.023054010409,-0.190000915527
2023-04-04,121.68,-0.190000915527,0.001811305964,0.003660859561,0.00068682907,-8.2176021e-05,0.146576111281,0.113773909929,-51836400.0,120.710000610352,-0.213968433769,4.181642804827,68.95354634181,78.55066841855,-3.220000915527
2023-04-05,115.88,-3.220000915527,-0.004980553288,0.004091626368,0.00162930721,-0.016883006702,-0.040332494951,0.099603737178,-55185700.0,121.080000305176,-0.401931937618,4.110214233398,39.822983317087,66.034770953863,-0.540003662109
2023-04-06,110.485,-0.540003662109,-0.017340038699,0.008073672137,0.000377578363,-0.025189694724,-0.357827571259,0.093879534563,-61922700.0,120.387998962402,-0.170618829648,4.140214647566,26.643579613899,45.140036424265,-0.794997558594
2023-04-10,109.105,-0.794997558594,-0.009116601128,0.003421125207,0.000483355283,0.002987681559,-0.901170663845,0.116696466455,-76322800.0,117.869999694824,-0.290882165477,4.443071637835,11.105026885915,25.857196605633,3.494998474121
2023-04-11,113.27,3.494998474121,0.008525746869,0.002997358225,0.000897971693,-0.002553716097,-1.009255465071,0.124932842716,-70916400.0,115.509999084473,0.48095822367,4.574143001011,27.024043444337,21.590883314717,0.98
2023-04-12,115.44,0.98,0.004814031088,0.003639238857,0.001573139627,0.003041098271,-0.916972426237,0.127444147683,-66071000.0,114.067999267578,0.16578047713,4.301286424909,36.050310599548,24.726460309933,-3.020001831055
2023-04-13,114.22,-3.020001831055,0.006760382037,0.002911115038,-0.000595740137,0.009188902633,-0.923936055084,0.134102751122,-72139700.0,112.859999084473,-0.248271527836,4.302000318255,26.039358995836,29.70457101324,-0.270003051758
2023-04-14,114.51,-0.270003051758,-0.00052652532,0.00293493722,-0.000914802925,0.005443849328,-0.776207301033,0.133399666734,-68261600.0,112.581999206543,0.249113466602,3.991286141532,34.409155939947,32.166275178444,0.140001525879
2023-04-17,115.035,0.140001525879,0.006716063086,0.002222588195,0.00074155876,-0.002903701135,-0.590463701152,0.13463850253,-64846400.0,113.573999023438,0.190110697956,3.790572030204,38.23850290025,32.895672612011,1.134998168945
2023-04-18,120.72,1.134998168945,0.031505584228,0.005174693264,-0.001500957788,0.007595359319,-0.336954354628,0.135077056312,-61559300.0,114.287998962402,0.242691904289,3.723143441336,46.553583559362,39.73374746652,-1.529997558594
2023-04-19,118.9,-1.529997558594,-0.008767562521,0.004758828013,-0.001263758337,0.006859175205,0.042234839951,0.135495280612,-54397100.0,115.275999450684,-0.085870900045,3.927072252546,63.074395780182,49.288827413265,1.199998474121
2023-04-20,118.185,1.199998474121,-0.01440462739,0.00207163348,-0.000739808499,-0.002826527168,0.345567946068,0.128262471478,-51087400.0,116.811999511719,0.369424045846,3.937786647252,68.05249257139,59.226823970311,0.215001525879
2023-04-21,113.53,0.215001525879,-0.029096280831,0.006844492628,-0.000492772118,-0.015351257589,0.418103428981,0.125035774107,-55457100.0,117.702000427246,0.015917587889,3.825643811907,58.752727463777,63.293205271783,1.97
2023-04-24,115.85,1.97,0.000259729691,0.002272405151,0.000164032081,0.001209921355,0.264642572085,0.123331197683,-62814900.0,117.87200012207,0.089203189729,4.019929613386,50.810110556229,59.205110197132,0.270002746582
2023-04-25,114.97,0.270002746582,-0.006975587055,0.002222964184,-0.000468250674,-0.002948573411,0.201611534718,0.123539064208,-59575400.0,117.862001037598,0.1642238861,3.820000784738,58.750018539595,56.104285519867,-2.465002746582
2023-04-26,114.3,-2.465002746582,0.008844076004,0.002864812533,0.001828832837,0.00598486182,-0.072163498131,0.128002764979,-63235100.0,116.525,-0.460662798367,3.805715288435,35.468484612664,48.342871236163,-0.619999694824
2023-04-27,113.75,-0.619999694824,0.006685451567,0.003407899336,-0.000458752087,-0.006029360364,-0.157825414733,0.130171498685,-59619600.0,115.241000366211,0.070443395328,3.45750100272,44.070266405702,46.09625651932,1.5
2023-04-28,113.33,1.5,-0.005639926472,0.003773543774,-0.000551385562,-0.01177188699,-0.095523656187,0.129322813284,-55749100.0,114.611000061035,0.129125727819,3.163429805211,53.018571551006,44.18577418979,6.339998168945
2023-05-01,119.93,6.339998168945,-0.00342605531,0.002997572003,0.001025673625,0.004102478232,0.238350868513,0.123390695793,-50774800.0,115.444999694824,0.370568189151,3.394858769008,83.366917023453,60.15191832672,1.489998168945
2023-05-02,119.2,1.489998168945,-0.009718335719,0.004592648037,0.000226662102,-0.008649367931,0.554003392132,0.11283617491,-45944200.0,116.504998779297,0.309390359577,3.499143872942,89.06663681934,75.1507084646,1.380001831055
2023-05-03,119.38,1.380001831055,0.002239149436,0.002950103434,0.00043939553,-0.01216383947,0.675137490238,0.110412106331,-50806000.0,118.119999694824,0.060804645224,3.450572422573,80.526822720689,84.320125521161,-0.519999389648
2023-05-04,117.455,-0.519999389648,0.000673076145,0.003662492646,0.000389534846,-0.012900243718,0.610302527418,0.110992807434,-54493700.0,119.155999755859,-0.295460409694,3.539143698556,64.346197786806,77.979885775612,0.174997253418
2023-05-05,118.965,0.174997253418,0.020232975758,0.004139277389,0.000419879499,-0.009615384615,0.462184031944,0.111411467593,-59433600.0,119.631999206543,-0.206355235075,3.602714538574,52.775146123353,65.882722210283,0.935001525879
2023-05-08,124.885,0.935001525879,0.027189341908,0.007760767105,0.001314268575,0.014830164148,0.491938547313,0.101449436382,-52814800.0,119.67799987793,-0.002267162938,3.729857308524,74.129833136881,63.750392349013,0.765001525879
2023-05-09,127.88,0.765001525879,0.007560660061,0.006248716531,-0.001978397546,0.010030803254,0.852584609011,0.116717094628,-42671900.0,120.524000549316,0.290336415446,3.908785683768,87.737377978091,71.547452412775,-0.810000305176
2023-05-10,111.13,-0.810000305176,-0.135515867333,0.010887887888,0.003360721208,0.011284011284,1.123447605052,0.134913885639,-27261600.0,121.82200012207,0.0750363888,3.995928628104,88.842940399491,83.570050504821,2.060002441406
2023-05-11,112.89,2.060002441406,-0.000441762087,0.003592275057,0.001480717052,-0.002209651759,0.344866700476,0.133078961083,-61452600.0,120.688000488281,0.299109854791,5.097357068743,19.499739259923,65.360019212502,-1.690003051758
2023-05-12,109.63,-1.690003051758,0.001438881893,0.004567145422,0.000354417276,-0.015888689408,-0.292665336357,0.139747561287,-71032000.0,119.402000427246,-0.268248549664,4.885928017753,9.341469274957,39.22804964479,-4.354998474121
2023-05-15,104.02,-4.354998474121,-0.0020423079,0.005240529221,-0.000532008683,-0.009899105273,-1.058825013543,0.168649542801,-85772400.0,116.477000427246,-0.379037036798,5.275927952358,4.303038840676,11.048082458519,1.759998779297
2023-05-16,105.24,1.759998779297,-0.000567191901,0.002982784714,-0.000556730927,-0.004540295119,-1.452682260156,0.191198198742,-80349900.0,112.50299987793,0.150751505129,5.200927734375,8.776054333186,7.473520816273,0.170003662109
2023-05-17,105.6715,0.170003662109,0.00626122768,0.00352640497,-0.000926118037,-0.005257460228,-1.64506992053,0.210291968808,-85935200.0,108.171000671387,-0.031697453122,5.285570417132,7.319954121266,6.799682431709,2.658501831055
2023-05-18,109.8,2.658501831055,9.2259823e-05,0.004493620562,0.000685341867,0.015162721893,-1.487385935692,0.217079328866,-79047800.0,107.199000549316,0.249484684405,5.387499128069,18.811484022871,11.635830825774,2.070002746582
2023-05-19,108.6,2.070002746582,-0.009385921391,0.005976897392,0.000508379866,-0.019944048371,-1.075592700433,0.218212465974,-72101900.0,107.333001708984,0.459128694521,5.140355791364,32.743008639953,19.624815594697,-1.220002746582
2023-05-22,106.91,-1.220002746582,-0.010430202513,0.004014398645,0.000290534297,0.006117071334,-1.036120347882,0.227351512521,-81226100.0,107.754000854492,-0.392535718887,5.251427786691,15.072780989877,22.209091217567,3.020000305176
2023-05-23,109.39,3.020000305176,-0.008459931798,0.002617431193,-5.5724109e-05,0.003577981651,-0.780442291052,0.230839382827,-73875500.0,108.584001159668,0.425680537262,5.306428636823,25.108210679562,24.308000103131,-3.14
2023-05-24,105.41,-3.14,-0.007435302734,0.00376619558,-0.0004634508,-0.000189699327,-0.798459227576,0.240026751351,-80373700.0,108.752000427246,-0.321690626728,5.380714416504,10.625724356593,16.935572008677,0.299999084473
2023-05-25,106.17,0.299999084473,0.003689333015,0.004258687259,-0.000195393668,-0.000188341652,-0.784871130468,0.249990686133,-85745400.0,108.22799987793,0.058228275207,5.365000043597,8.500573480242,14.744836172132,-1.750001831055
2023-05-26,105.41,-1.750001831055,0.007278319762,0.003372789504,-0.000827926057,0.002186727515,-0.798260288868,0.261478266383,-90579900.0,106.737998962402,-0.288846840325,5.322856903076,3.423829168709,7.516709001848,1.399997558594
2023-05-30,108.57,1.399997558594,0.00856662238,0.003521977003,-0.000533969123,0.006769287834,-0.591187967583,0.262043403728,-85902300.0,106.623999023438,0.322763842745,5.0042855399,12.829571180144,8.251324609698,-1.379997558594
2023-05-31,105.81,-1.379997558594,-0.014833509946,0.005497679705,0.002942286316,0.002083530637,-0.383715451881,0.256248799217,-80442200.0,106.075999450684,-0.083688049012,4.919928414481,30.434779832632,15.562726727162,3.959996643066
2023-06-01,109.98,3.959996643066,0.000637694242,0.002760911162,0.000173279702,0.002095671982,-0.045595410293,0.247247469064,-70179100.0,106.779998779297,0.357034707293,4.109571729388,57.011877658682,33.425409557153,2.180003662109
2023-06-02,115.07,2.180003662109,0.006865162428,0.00408840708,0.000985919372,0.018318584071,0.344666541175,0.239935934343,-63535000.0,108.069999694824,0.281600398547,4.181714739118,86.186210716975,57.877622736096,2.989997558594
2023-06-05,113.47,2.989997558594,-0.024902548474,0.006535509637,0.00185672384,-0.014846327487,0.970365453008,0.240718651224,-53413000.0,110.797999572754,0.488051876447,4.106000082833,97.382553353164,80.19354724294,2.220002441406
2023-06-06,117.44,2.220002441406,0.001988034598,0.003504230703,-0.000729695358,0.013987221551,1.180848481747,0.232859647164,-61737400.0,112.574000549316,0.085086472101,4.330642700195,81.237289738776,88.268684602972,-0.139996948242
2023-06-07,119.3835,-0.139996948242,0.007161093913,0.004388776028,-0.000144002513,0.010525647537,1.371351007642,0.205307878909,-56711700.0,114.596000671387,0.203187279435,4.359213692801,88.338804788587,88.986215960176,-2.833496948242
2023-06-08,114.575,-2.833496948242,-0.013556428912,0.003907541098,-0.000808449089,-0.003435678873,1.385608372341,0.15967012328,-61349300.0,115.952001953125,-0.169309683908,4.305642809187,78.014620363309,82.530238296891,0.925
2023-06-09,121.3759,0.925,0.041125541126,0.00665468283,-0.001946836785,0.007770674195,1.266347714159,0.163849075629,-65782000.0,116.620001220703,0.108268176287,4.231357574463,71.619963354113,79.324462835336,-3.515899389648
2023-06-12,119.76,-3.515899389648,0.012769364039,0.003302894483,0.000447879197,0.003309177732,1.28438459141,0.175146573073,-58354800.0,116.580001831055,-0.203455939813,4.375285557338,74.315803925468,74.650129214297,4.829996337891
2023-06-13,124.8,4.829996337891,0.000160560824,0.003908131446,-0.001277692337,-0.002158791077,1.663486888051,0.202174673162,-50478200.0,118.360000610352,0.451439339033,4.561713627407,98.071478730515,81.335748670032,0.100001525879
2023-06-14,125.0201,0.100001525879,0.003923121359,0.003529388308,0.000144941702,-0.002949996012,1.835524604665,0.221828648649,-45201400.0,119.880000305176,0.067627997714,4.437427520752,96.181834823398,89.523039159794,0.119899389648
2023-06-15,124.84,0.119899389648,-0.017420491576,0.004924853611,0.000637581836,0.015289525049,1.860108516899,0.2341443584,-39504700.0,121.597999572754,-0.020053024718,4.498213631766,94.497915776031,96.250409776648,3.009998474121
2023-06-16,128.03,3.009998474121,0.006491937517,0.003963786136,0.001157692682,-0.005051290022,1.944372655861,0.254560348803,-33905300.0,124.067999267578,0.456298217695,4.701785496303,97.849000573497,96.176250390975,0.649992675781
2023-06-20,127.05,0.649992675781,-0.017951430375,0.00393258427,0.001100375177,0.005301471752,1.937216801158,0.275400972474,-27012900.0,126.231997680664,0.009364299696,4.645713806152,97.957563660096,96.768160003208,-0.600003051758
2023-06-21,127.26,-0.600003051758,-0.010755244311,0.003712287153,0.000396896424,0.017347509793,1.673439069717,0.278975614319,-32396500.0,126.603997802734,0.02515548187,4.753998892648,89.198742734562,95.001768989385,0.199999084473
2023-06-22,125.59,0.199999084473,-0.006904105286,0.0025666772,0.000908971031,-0.007821140781,1.465598370382,0.285397302113,-27684600.0,127.115997314453,0.300531181965,4.597927093506,91.067017526055,92.741107973571,2.369999084473
2023-06-23,126.185,2.369999084473,-0.015395445724,0.003332883562,-0.00053992309,0.001547741884,1.267825731967,0.281119982189,-23749000.0,127.679997253418,0.223786388321,4.515069689069,92.328143806342,90.864634688986,-1.454996643066
2023-06-26,124.61,-1.454996643066,-0.014671705138,0.003407078926,-5.228039e-05,0.013913751017,0.845801882917,0.26531900061,-29543100.0,127.05599822998,-0.213774517469,4.348641531808,73.266489986284,85.553883772894,-1.480002746582
2023-06-27,123.83,-1.480002746582,0.010395569213,0.00286150631,-0.001113230789,-0.004662004662,0.407439283309,0.238581797758,-33188900.0,125.945999145508,0.045323573772,4.216855730329,60.905611496266,75.500081762964,4.059999389648
2023-06-28,127.09,4.059999389648,-0.00390960984,0.003512834602,0.000629241396,-0.002354972918,0.386767794396,0.220208262513,-28681200.0,126.233999633789,0.377724160692,4.313999176025,91.262782155401,75.14496121265,0.539997253418
2023-06-29,126.92,0.539997253418,7.8368224e-05,0.003056586053,-0.000489368029,-0.006652578853,0.307734168191,0.195764314132,-34811600.0,126.267999267578,0.04338492573,4.418999263218,76.775918462188,76.314770704618,-1.820001525879
2023-06-30,128.4139,-1.820001525879,0.017186263406,0.004272691552,0.000916557935,0.009146561886,0.050696087223,0.171536744867,-39053600.0,125.695999145508,-0.25898720219,4.533999306815,53.014534434326,73.684411683972,-0.253896337891
2023-07-03,130.81,-0.253896337891,0.008739037806,0.004740872525,-0.0006789516,0.011834777228,0.052188070755,0.154264939152,-34453500.0,126.381999206543,0.126510932169,4.448285239083,71.384622782793,67.058358559769,1.540006103516
2023-07-05,132.625,1.540006103516,-0.003815677065,0.003566688157,0.001694341905,0.005916037772,0.287638315579,0.159927715124,-29451700.0,128.226000976562,0.323604156772,4.374713897705,83.333355401886,69.244170873001,-0.934997558594
2023-07-06,128.48,-0.934997558594,-0.019135881432,0.003073778741,0.000862051646,-0.005341797631,0.347214730225,0.153633091324,-32881600.0,128.986001586914,-0.022921698294,4.367213657924,77.604159071379,77.440712418686,-0.319996337891
2023-07-07,129.37,-0.319996337891,0.0,0.002669865793,-0.000895348209,0.009441323346,0.109485985106,0.142824725984,-36615200.0,129.092002868652,-0.142034505665,4.510713849749,46.961819923736,69.299778132333,0.950007324219
2023-07-10,132.6683,0.950007324219,-0.001074391042,0.003566600092,0.001441272639,0.019114303272,0.060747381473,0.128622180406,-33467100.0,130.136004638672,0.317030184997,4.362856183733,65.562366795845,63.376115263653,-0.958293286133
2023-07-11,130.3,-0.958293286133,-0.017158982996,0.003392076608,-0.000188375866,0.00625530929,0.083740765945,0.105503216997,-29415100.0,130.846005249023,0.219306615427,4.457071031843,77.680930366862,63.401705695481,7.239993286133
2023-07-12,137.78,7.239993286133,0.013159901888,0.006003145778,-0.003224003882,-0.014942446558,0.433647766905,0.105844355156,-19369500.0,131.884002685547,0.467894074115,4.816713605608,96.40285615285,79.882051105185,-0.759995727539
2023-07-13,137.3107,-0.759995727539,0.014158534381,0.002914219919,-0.002139455587,-0.011868883132,0.563886207953,0.118982602958,-24953100.0,132.950003051758,-0.225192667978,4.861713954381,81.164370731595,85.082719083769,2.779296337891
2023-07-14,141.42,2.779296337891,0.001142149092,0.004173903743,0.001664482771,0.008342245989,0.777432331934,0.138617914569,-19420800.0,135.336001586914,0.182988544534,4.883857182094,97.134777083389,91.567334655945,1.919996337891
2023-07-17,143.52,1.919996337891,-0.007325262164,0.004085178157,0.001493433819,0.008644317942,1.041715417263,0.163588298584,-12924200.0,137.939999389648,0.411729174752,4.878143310547,98.892580934025,92.397242916336,1.840000610352
2023-07-18,144.8,1.840000610352,-0.009356085613,0.003199569474,-0.000775241076,0.005485730158,1.243075556995,0.190639542719,-7168400.0,140.669998168945,0.317969122258,4.964572361537,91.528265040415,95.85187435261,1.729998779297
2023-07-19,144.85,1.729998779297,-0.005323133732,0.004544082333,0.001365500295,-0.006174957118,1.337362557791,0.214589367053,-3043500.0,142.467999267578,0.346705999697,4.875286102295,95.812625571079,95.41115718184,0.685003662109
2023-07-20,144.73,0.685003662109,-0.01336453276,0.003039566094,7.4737845e-05,0.00639732981,1.218382575578,0.227007865353,-8012100.0,144.170999145508,-0.01887288742,4.716357094901,91.177081180154,92.839323930549,0.549998779297
2023-07-21,148.7,0.549998779297,0.01183921555,0.003999931968,-0.000499461241,0.011633444452,1.016415615018,0.235789690301,-12258400.0,145.208999633789,0.314587451447,4.587071555001,88.919714713431,91.969807154888,0.070004272461
2023-07-24,146.84,0.070004272461,-0.011494297673,0.003499728002,0.00107221215,-0.001495988032,1.009702662344,0.249360833843,-463900.0,146.295001220703,0.297689740232,4.492071969169,94.901793492974,91.666196462186,0.779995117187
2023-07-25,148.45,0.779995117187,-6.7704289e-05,0.003522390082,0.000414944758,0.005690671364,0.827306831633,0.249716672568,-4834700.0,146.74700012207,0.082047093997,4.383501325335,90.096073585276,91.305860597227,0.199993896484
2023-07-26,148.86,0.199993896484,-0.005516260337,0.002848339309,0.000169422761,0.006967462626,0.681595281224,0.243180844512,-713400.0,147.170999145508,0.167793014155,4.448144095285,91.383475814951,92.127114297733,1.309998168945
2023-07-27,151.52,1.309998168945,0.011453694091,0.003732306274,0.000710205724,-0.002435973402,0.596232679579,0.245386246218,3342100.0,148.097998046875,0.378511061175,4.273144313267,97.315138298633,92.931562566287,-3.02
2023-07-28,151.72,-3.02,0.011649802879,0.002991213473,-0.001422985409,0.009918125541,0.348233040233,0.239790204278,-2083900.0,148.741998291016,-0.28267821844,4.420288085938,80.844075859852,89.847563324479,1.610001831055
2023-07-31,153.41,1.610001831055,0.00345658888,0.002605030547,-0.000194330262,-0.002924736774,0.425317328629,0.231858163175,2078400.0,149.653997802734,0.376107169944,4.581788199289,95.489877107274,91.216363755253,-1.219997558594
2023-08-01,149.82,-1.219997558594,-0.016886834109,0.00430878717,0.000303195624,0.001135983963,0.32015612412,0.223579625679,-2378900.0,150.567999267578,-0.234418179332,4.158931187221,85.795185033013,87.37637933338,-0.909996337891
2023-08-02,146.32,-0.909996337891,-0.016520090346,0.004460020485,0.001090382554,-0.000887674974,-0.031019762735,0.216091627758,-6898500.0,150.620001220703,-0.140508835797,4.113216945103,65.779063028494,82.354708389594,-1.760002441406
2023-08-03,142.2276,-1.760002441406,-0.025041471903,0.005440258266,0.001352760782,0.009135802469,-0.586198333495,0.201950892257,-13924600.0,149.498001098633,-0.227188377495,4.266074044364,31.913478833081,61.162575631529,-1.347595117187
2023-08-04,142.77,-1.347595117187,-0.002910304145,0.013197123941,-0.009721336125,0.016373602905,-1.196043700007,0.175148236215,-25365800.0,147.974002075195,0.002953331218,4.332502092634,7.434244142193,35.042262001256,-2.600001831055
2023-08-07,140.08,-2.600001831055,0.013055588606,0.004111267606,-0.000862184323,-0.013521126761,-1.615920462002,0.151980322657,-33987600.0,145.342001342773,0.007986004784,4.517502920968,14.714384201859,18.020702392378,3.119996948242
2023-08-08,137.96,3.119996948242,-0.018715033051,0.006571144137,0.001859241899,-0.018985991609,-1.652356526474,0.126177843601,-29908500.0,143.544000244141,0.133354071103,4.618932451521,32.198506873401,18.115711739151,1.590003051758
2023-08-09,139.43,1.590003051758,0.004227848979,0.002639289282,0.000220632473,-0.005066362209,-1.869084823637,0.121643888883,-34594300.0,141.67200012207,-0.126463939399,4.81071799142,14.062525277973,20.325138784411,-1.560004882813
2023-08-10,139.6,-1.560004882813,0.014506419604,0.002707585615,-0.000365174622,-0.001930363909,-2.057475619714,0.119347483212,-37984000.0,140.333999633789,-0.34080732953,4.84286063058,4.687480042824,16.982837398066,-3.629998779297
2023-08-11,133.54,-3.629998779297,-0.013385359328,0.004644055162,0.000572290786,-0.004547148714,-2.227578849308,0.129279584392,-41421600.0,139.351998901367,-0.346977109363,4.886432102748,1.65806877514,6.802691365312,0.139992675781
2023-08-14,132.17,0.139992675781,-0.000897629591,0.003156109614,0.00032119718,-0.010407307577,-2.397115415068,0.14804931327,-45793800.0,138.053997802734,-0.082222104807,4.863574436733,8.516110655716,4.953886491226,1.070005493164
2023-08-15,131.5,1.070005493164,-0.00555392872,0.003005735849,-0.00051088715,-0.007547169811,-2.43388186772,0.165040517638,-49167600.0,136.061999511719,-0.070354471039,4.772859845843,6.623692666046,5.599290698967,-1.649993896484
2023-08-16,129.53,-1.649993896484,-0.006546061329,0.002827650341,-0.000462805861,0.003797272164,-2.568218805645,0.187719620268,-53138100.0,134.12200012207,-0.418333713707,4.796431405204,0.475853965754,5.205219095838,-0.699998168945
2023-08-17,128.04,-0.699998168945,0.003027240426,0.00255092091,-7.0291e-08,-0.009131713357,-2.599567827424,0.208989387706,-56475000.0,132.314001464844,-0.041779009184,4.520002092634,1.619615386544,2.906387339448,-0.05000213623
2023-08-18,124.66,-0.05000213623,-0.023908099146,0.004567325386,0.00013906153,-0.002640211217,-2.547310511167,0.228427244845,-60383500.0,130.718000793457,-0.267201021562,4.25135912214,2.2444460796,1.446638477299,0.399997558594
2023-08-21,124.83,0.399997558594,0.008755807149,0.003526455551,0.00040023222,-0.010502952717,-2.57296262457,0.248063114366,-66291300.0,128.99400177002,0.034868361624,4.337788173131,6.213018669496,3.35902671188,-0.83
2023-08-22,124.995,-0.83,0.002016129032,0.003628615039,-0.000207085392,0.004137210797,-2.520898624058,0.266469888387,-71167300.0,127.146000671387,-0.34097973541,4.258502415248,2.612186776146,3.689883841748,2.085001831055
2023-08-23,126.99,2.085001831055,-0.001416432976,0.00334893617,-0.002145014975,0.000709219858,-2.15290222275,0.271804912063,-66221300.0,126.591999816895,0.449607660348,4.081359318324,16.864188145439,8.563131197027,1.140004882813
2023-08-24,127.7,1.140004882813,0.000780385865,0.00322943149,-0.001029588815,-0.00413319816,-1.730819372687,0.268718120471,-61615900.0,126.452000427246,0.231694622632,3.93671635219,21.649979256389,13.708784725991,-2.979998779297
2023-08-25,125.36,-2.979998779297,0.002565744802,0.002317738324,3.8682096e-05,0.002559181062,-1.577644786463,0.270848216979,-64596700.0,125.798001098633,-0.401019088342,3.686715262277,6.498563475906,15.004243625911,0.430000915527
2023-08-28,126.2592,0.430000915527,0.009619199266,0.003034094488,-0.000714700086,-0.005833070866,-1.311547235586,0.252758477876,-62181500.0,125.94400177002,0.165181357822,3.486714499337,13.700984186556,13.949842306284,-0.104201220703
2023-08-29,126.815,-0.104201220703,0.00313110282,0.003735756618,-0.000297794035,0.002094033979,-1.030623319864,0.22848823743,-59833000.0,126.375001525879,-0.197972613937,3.192429133824,15.776014211721,11.991853958061,5.435
2023-08-30,131.83,5.435,-0.013459348048,0.005077694427,0.001732618256,0.009109001837,-0.387108594832,0.201310998419,-54210100.0,127.409001159668,0.440255030824,3.453857966832,50.426382862532,26.63446042027,-1.219999389648
2023-08-31,130.095,-1.219999389648,-7.6521758e-05,0.002541960184,-0.000995947796,-0.00386676876,-0.04281045011,0.18311842417,-58920000.0,127.905000305176,0.034313417477,3.298143114362,66.452253505834,44.218216860029,1.455003051758
2023-09-01,133.025,1.455003051758,0.016343548815,0.003096933433,-0.000998843449,-0.005048616305,0.26064312437,0.171723179646,-55059700.0,129.271000671387,0.190603666946,3.181000300816,78.48231422836,65.120316865575,-0.334997558594
2023-09-05,143.6327,-0.334997558594,0.063757564997,0.008562592986,0.001712475594,0.017589089621,0.53475785531,0.160430177708,-50641400.0,130.651000976562,-0.147360091071,3.261001041957,83.723047550619,76.219205094938,-1.342706713867
2023-09-06,142.85,-1.342706713867,-0.010612092052,0.003854807761,0.000169584232,0.015208585033,1.314792089615,0.157145219868,-29588600.0,133.87799987793,0.143475056408,3.836714063372,90.565127007925,84.256829595635,-1.079995727539
2023-09-07,141.5,-1.079995727539,-0.017775299404,0.005626786355,0.000858736796,0.016157989228,1.722206034261,0.163632175301,-36703000.0,135.782000732422,0.177988889222,3.922713688442,88.074757841033,87.454310799859,1.770004272461
2023-09-08,145.61,1.770004272461,0.004676472039,0.003892524663,0.001223127342,0.011602056412,1.999697211875,0.177931060633,-28774800.0,138.314001464844,0.401874960505,4.137785230364,95.258666831647,91.299517226868,0.210007324219
2023-09-11,147.09,0.210007324219,0.002743065947,0.00366912871,-0.000326591243,0.005949938449,2.243659797396,0.20102463584,-19448200.0,141.168002319336,0.268714571319,4.070643288749,95.590760201444,92.974728291375,0.240001831055
2023-09-12,148.21,0.240001831055,-0.003054346994,0.002914752981,4.540875e-06,0.009948892675,2.382333718875,0.225922280702,-12269200.0,144.096002197266,0.175221716571,4.094928741455,96.206036747633,95.685154593575,-0.71
2023-09-13,146.5,-0.71,-0.010169491525,0.002976027397,0.001130785765,0.003424657534,2.356799973152,0.246542223755,-4926500.0,145.138003540039,0.086205421369,4.173142569406,86.44539485798,92.747397269019,-1.785003662109
2023-09-14,142.46,-1.785003662109,-0.000725534535,0.005055597815,0.001458131757,-0.014867574857,2.035729626696,0.255705635037,-12819800.0,145.727001953125,-0.177519229522,4.252428872245,76.117176648312,86.256202751308,1.659995117187
2023-09-15,143.95,1.659995117187,-0.003712103951,0.003961277292,0.001793603752,0.002542048264,1.68137470246,0.260368450821,-21185300.0,145.89700012207,-0.046813343975,4.240286145891,73.910607757202,78.824393087831,-1.2
2023-09-18,142.27,-1.2,-0.005744359539,0.00365642832,0.001840888795,0.0022543149,1.271443027374,0.259887600897,-95971700.0,145.282998657227,-0.136510421683,4.271714346749,67.925975223495,72.65125320967,0.280003051758
2023-09-19,142.05,0.280003051758,-0.004840423898,0.002883124207,-0.000446284374,0.001339348654,0.91993489131,0.25196150944,-103323100.0,144.326998901367,0.107834259051,4.354570661272,65.792104369812,69.209562450169,-0.199993896484
2023-09-20,142.8181,-0.199993896484,0.006415145324,0.002371322499,0.000891479452,0.000406976744,0.589466585376,0.237962586409,-109997200.0,143.19700012207,0.008084859457,4.063141959054,57.404476281115,63.707518624807,-4.808105493164
2023-09-21,134.445,-4.808105493164,-0.017788580022,0.00446261665,0.001055156587,-0.00818855815,0.087777419226,0.226812798593,-115186200.0,141.855999755859,-0.427153963776,4.218856811523,38.416474485392,53.871018378773,-1.695
2023-09-22,131.665,-1.695,0.007231688993,0.003529803306,0.000177307094,-0.015294293621,-0.585750344397,0.219676419907,-123700500.0,139.582000732422,-0.37714625854,4.43242754255,7.162665258315,34.327872008274,0.534996948242
2023-09-25,131.8,0.534996948242,-0.010589969204,0.002320921715,0.000268524286,0.005646268884,-1.029760078744,0.204058806177,-127979000.0,137.47200012207,-0.234822118411,4.424857003348,5.390574662301,16.989904802003,2.339999389648
2023-09-26,133.58,2.339999389648,-0.010138665697,0.002407170294,-0.001140507908,0.006100775778,-1.145383269893,0.187474259964,-123824500.0,135.789999389648,0.496917555821,3.844857352121,16.408730232292,9.653990050969,-1.300001220703
2023-09-27,133.5826,-1.300001220703,0.011490809544,0.003702765321,0.001267262773,-0.001624813154,-1.289015736036,0.172743779034,-128018500.0,133.875997924805,-0.079782337401,3.846000671387,7.270921336839,9.690075410478,0.447398779297
2023-09-28,133.77,0.447398779297,-0.002835222609,0.002291058736,0.000249243538,0.000897867565,-1.209354688961,0.169953242042,-124247200.0,133.079998779297,0.044977724282,3.734571184431,15.868319358134,13.182656975755,2.700001220703
2023-09-29,138.8,2.700001220703,0.011577649424,0.003241579138,-0.00085505356,0.005432814198,-0.947122849636,0.160807375281,-120188300.0,133.823999023438,0.283153881208,3.854569571359,27.855560593391,16.998267096121,-1.589993286133
2023-10-02,137.52,-1.589993286133,-0.004810171488,0.00267396558,-0.000990393947,0.007103625046,-0.690536950222,0.152416107026,-115407200.0,134.826000976563,-0.071895415222,3.949212210519,31.491058743491,25.071646231672,-0.960002441406
2023-10-03,131.5401,-0.960002441406,-0.032147037699,0.004985548698,-0.001773849708,-0.009934517537,-0.538074087546,0.146451070009,-118896300.0,135.310000610352,0.011558978241,3.828141348703,35.555528342895,31.634049226592,-3.810096643066
2023-10-04,129.46,-3.810096643066,0.007985568122,0.003629747573,-0.00089454127,0.005514563107,-0.979667038329,0.165469964343,-127916000.0,134.400001525879,-0.293720193288,4.2692124503,6.448285369916,24.498290818768,-2.049996337891
2023-10-05,124.96,-2.049996337891,-0.006828370784,0.003935435435,-0.001259942233,-0.012486170381,-1.225132804164,0.181577003959,-133738000.0,133.076002502441,-0.217580261508,4.190284184047,4.983780302914,15.662531338575,0.02999786377
2023-10-06,122.74,0.02999786377,-0.015921256883,0.00397770933,0.000119201106,-0.005106589933,-1.46602728708,0.199182823526,-141368200.0,130.780001831055,-0.136764217227,4.396713801793,14.606248652549,8.67943810846,3.620000610352
2023-10-09,121.92,3.620000610352,-0.018676801195,0.004409677419,-0.000977955069,-0.016774193548,-1.446217627648,0.204697384456,-136215900.0,128.610000610352,0.333555832867,4.551714760917,21.712968129327,13.76766569493,5.849996643066
2023-10-10,127.8899,5.849996643066,-0.000626079704,0.00287891604,0.000640350861,0.001643953634,-1.258193616951,0.19958657998,-131123900.0,126.852000427246,0.33242048679,4.788143157959,28.240725695193,21.51998082569,3.700096337891
2023-10-11,132.21,3.700096337891,0.004027652512,0.001915682713,-0.000575978473,0.00068119891,-0.817924157802,0.183998266534,-126009200.0,127.623999023438,0.35662836214,4.824571337019,51.120838920215,33.691510914912,-2.21
2023-10-12,128.2,-2.21,0.002230717586,0.003321568327,-8.299463e-06,-0.01634312898,-0.586020884396,0.173658301017,-129465700.0,128.141998291016,-0.238157714278,4.72100012643,42.927092783498,40.762885799635,-2.229998779297
2023-10-13,128.73,-2.229998779297,0.0130189678,0.006249510226,0.000696958652,0.008776741635,-0.651253847668,0.167485074589,-133489000.0,128.337998962402,-0.364215471337,4.901428222656,22.159254429451,38.735728711055,-4.649998168945
2023-10-16,125.38,-4.649998168945,0.00894584618,0.003738317757,0.001166513099,0.001517693106,-0.761252327004,0.164614746688,-138415500.0,127.881999206543,-0.255257812795,5.104285103934,12.419499168206,25.835282127052,-0.189997558594
2023-10-17,124.745,-0.189997558594,-0.011422639806,0.004167918585,-0.001589525181,0.007551894031,-0.700354623015,0.154552418591,-135709400.0,127.366000366211,0.010280394108,5.083570752825,18.139677885654,17.572810494437,0.964999084473
2023-10-18,123.1001,0.964999084473,-0.021398476342,0.005285482035,-0.001692976496,0.00065111364,-0.571591285382,0.140102939053,-132635800.0,126.190000915527,0.253037298466,5.11499949864,20.81938247597,17.126186509943,-0.930101831055
2023-10-19,120.97,-0.930101831055,0.001800779438,0.003347005474,7.1419501e-05,-0.011602255086,-0.664837857419,0.141163362665,-136734200.0,124.624000549316,-0.150833157922,5.017857142857,2.576655663115,13.845238674913,-0.999998779297
2023-10-20,118.005,-0.999998779297,-0.004001028191,0.003245292493,0.000781271745,-0.012427818227,-0.805316577746,0.15513080428,-141108600.0,123.424000549316,-0.27426994033,4.977500370571,3.427956359839,8.941331499641,-1.51500213623
2023-10-23,116.14,-1.51500213623,-8.5797124e-05,0.003614268544,-0.001102236464,-0.002918956044,-1.047886906225,0.177083659352,-147303500.0,121.905999755859,-0.374143286376,5.066786084856,2.365816441845,2.7901428216,4.249999389648
2023-10-24,121.8,4.249999389648,0.006562014449,0.002665373824,0.002895007119,0.005116355834,-0.868367322596,0.180800516585,-141861000.0,120.945999145508,0.309254861897,4.845714569092,28.090525465853,11.294766089179,0.21000213623
2023-10-25,119.595,0.21000213623,-0.010327039703,0.003433769894,0.000666676027,-0.008662135279,-0.577225683334,0.182168997535,-138209400.0,120.205999755859,0.17027068827,4.835357121059,37.49274919304,22.649697033579,-1.095
2023-10-26,116.6282,-1.095,-0.003037979834,0.004757660403,-0.003123810139,-0.012796681903,-0.5574529408,0.185297477115,-143053900.0,119.47200012207,-0.452709738786,4.688928331648,17.121286590663,27.568187083185,-1.158198779297
2023-10-27,115.245,-1.158198779297,0.006408572408,0.004214353326,0.000485619025,-0.008303932536,-0.676902244406,0.185843754871,-148271400.0,118.57200012207,-0.237032601168,4.672356196812,5.821544367027,20.145193383577,-1.155003662109
2023-10-30,117.99,-1.155003662109,0.026820977178,0.004610864366,0.00082495323,0.007772463273,-0.770509946552,0.181064642329,-153473000.0,118.091999816895,-0.286611906816,4.486642020089,4.374498887668,9.105776615119,-1.040003051758
2023-10-31,115.64,-1.040003051758,0.001539121931,0.003872620166,0.001479919544,-0.012720908392,-0.570670169937,0.162810206329,-148255000.0,117.403999328613,-0.017012859533,4.3916418893,19.095327617855,9.76379029085,2.650000915527
2023-11-01,117.46,2.650000915527,-0.000338159736,0.004350498901,-0.000991116152,-0.006764755623,-0.293081091987,0.163100141006,-143607600.0,116.659999084473,0.169417364041,4.363784790039,29.432310955916,17.63404582048,2.010001220703
2023-11-02,116.7055,2.010001220703,0.025445725994,0.011426903926,0.00129892465,-0.04737980573,0.0091449948,0.160960870354,-134271100.0,116.853999328613,0.202372947858,4.195212772914,37.548944379645,28.692194317806,-1.2055
2023-11-03,120.715,-1.2055,0.021471890536,0.006708255637,-0.001333290171,0.023181895236,-0.017712018777,0.167451556733,-148324600.0,116.859999084473,-0.368268853771,4.363070351737,16.722035405469,27.901096913677,1.924999389648
2023-11-06,122.805,1.924999389648,0.004688494383,0.005182555781,-0.000846292669,-0.003610547667,0.459630598005,0.164140296191,-139309400.0,118.569999694824,0.40860194369,4.739498683384,69.435216315979,41.235398700364,-4.635001831055
2023-11-07,119.29,-4.635001831055,0.000677006282,0.004250655169,4.3232651e-05,0.008453799983,0.486001979403,0.15936022734,-147011400.0,118.813999938965,-0.326328239179,4.950927734375,44.399446753255,43.518899491568,1.790001831055
2023-11-08,120.84,1.790001831055,-0.013627366212,0.004792217573,0.001947271754,0.011213389121,0.698197869602,0.137720088636,-141847500.0,119.37200012207,0.363662166177,4.957356589181,73.352047160564,62.395570076599,-3.179996337891
2023-11-09,117.81,-3.179996337891,0.005864310645,0.003218926912,-0.00081505537,-0.004562737643,0.610184039702,0.118594295423,-149661500.00000003,119.010000610352,-0.154922626347,5.019570486886,41.37450376446,53.041999226093,-2.290003356934
2023-11-10,116.4907,-2.290003356934,-0.008613185129,0.003774197773,0.000167509236,0.017163938005,0.418913715713,0.113730916552,-155181100.00000003,119.013999938965,-0.308048559548,5.050999232701,21.365087402546,45.363879442523,1.659301525879
2023-11-13,118.79,1.659301525879,-0.00541683776,0.003381924943,-0.000490818832,0.010892689984,0.476407154944,0.108334215339,-150407600.0,118.116000366211,0.433252916552,4.864928109305,45.956064098313,36.23188508844,0.360001525879
2023-11-14,123.945,0.360001525879,0.026898881998,0.00524751747,0.000145706814,0.012994973642,0.581698068614,0.09761250418,-146998800.0,118.312001037598,0.343787739269,4.841999598912,55.306227992104,40.875793164321,2.735000305176
2023-11-15,129.195,2.735000305176,0.01041995336,0.004231875,0.000431077036,0.0093359375,1.126831448854,0.101803572313,-138593600.0,119.432000732422,0.407614465185,5.147713797433,96.831095609078,66.031129233165,-0.844993896484
2023-11-16,127.055,-0.844993896484,-0.009583196716,0.005226697082,-0.000242363818,-0.000589947298,1.542533434555,0.121824778056,-131742200.0,121.570001220703,0.056146319144,5.132856641497,82.213815656686,78.117046419289,-0.775001220703
2023-11-17,126.25,-0.775001220703,0.002930018611,0.002841502881,-0.000753744312,-0.003473044439,1.613123898807,0.132457356508,-135919500.0,123.722001647949,-0.123688430976,5.10285622733,69.520563003651,82.855158089805,0.900001525879
2023-11-20,128.52,0.900001525879,0.001966181652,0.002901366421,0.00010105285,0.009266530548,1.647652617206,0.141047190908,-132123800.0,125.522001647949,0.109115753296,4.961427961077,74.486333056334,75.406903905557,1.179996948242
2023-11-21,127.2,1.179996948242,-0.013107147172,0.003402890625,-4.677651e-06,-0.00625,1.761226353662,0.157648759694,-127489200.0,127.632000732422,0.307066853739,4.972856249128,89.041104236766,77.682666765584,-0.380000305176
2023-11-22,129.895,-0.380000305176,0.007333230621,0.00347444227,5.7134024e-05,0.016790606654,1.567846614907,0.163826335807,-132076300.0,127.660000610352,-0.176801536709,5.082856314523,72.602760600477,78.710065964526,-0.855006713867
2023-11-24,128.78,-0.855006713867,7.7571033e-05,0.001892599768,0.000224215504,-0.002092212321,1.514107731642,0.172899294067,-128102400.0,127.797998046875,0.23585788513,4.734285082136,85.214886629727,82.28625048899,-0.410004882813
2023-11-27,126.91,-0.410004882813,-0.006777246633,0.003989960784,0.00010531406,-0.00462745098,1.36282663198,0.173209975774,-130161300.0,128.215997314453,-0.180797824467,4.295713697161,81.375354904339,79.731000711514,2.09
2023-11-28,127.85,2.09,-0.001627959022,0.004043400621,0.000644646823,-0.007375776398,1.238195366165,0.168332820118,-125752900.0,128.585997009277,0.216536225477,4.054999215262,84.98569870351,83.858646745859,-0.290002441406
2023-11-29,128.11,-0.290002441406,-0.004390071882,0.00301,0.000447214196,0.00874015748,1.001875947591,0.165101373888,-129777300.0,128.157997131348,-0.152202560332,4.027141571045,76.733534272795,81.031529293548,-1.629996643066
2023-11-30,127.2,-1.629996643066,0.004111295298,0.002800551181,0.000377099698,0.00157480315,0.728632219922,0.161653535519,-134392700.0,128.08999786377,-0.059873283454,3.920141492571,70.544454671225,77.421229215843,-0.860003662109
2023-12-01,126.37,-0.860003662109,-0.006648696867,0.003325976096,-0.000237096577,0.006932270916,0.504896024168,0.159078164789,-140349000.0,127.549998474121,-0.096323940606,3.828356061663,69.742122043602,72.340036995874,8.650004272461
2023-12-04,135.2008,8.650004272461,-0.007554467784,0.005140447761,0.001126527249,0.00896119403,0.885640800395,0.163019692203,-132929800.0,128.880000305176,0.512155872879,4.231927054269,97.780154504762,79.355577073196,-1.500803051758
2023-12-05,133.2024,-1.500803051758,-0.007629052324,0.002745402472,-0.00262608612,0.003937292734,0.985107102308,0.172664050862,-138193200.0,129.819999694824,-0.022150183189,4.344141278948,79.986853805219,82.503043451194,0.507606713867
2023-12-06,135.58,0.507606713867,0.014060201403,0.003767460727,0.001901462363,-7.3751752e-05,0.985692643043,0.171795274019,-133991000.0,131.050001525879,0.180518703092,3.99235534668,74.280935995229,84.01598143507,-0.270002441406
2023-12-07,139.035,-0.270002441406,0.001478064828,0.004093129658,-0.000819136427,0.026012840381,1.023493228361,0.177451095591,-129059000.0,132.816000366211,-0.029574014766,3.98021207537,76.605171655781,76.957653818743,0.804996337891
2023-12-08,138.4475,0.804996337891,-0.011799155747,0.003404949707,-0.000639255945,0.001863376511,1.267291426757,0.183489379264,-121950400.0,135.516000366211,0.398323126457,4.177355630057,91.866869672744,80.917659107918,2.232492675781
2023-12-11,142.39,2.232492675781,0.004833721709,0.004162917374,-0.001047928014,0.007286361064,1.389048884974,0.177207710281,-117540000.0,136.647998046875,0.346179808979,4.26449748448,94.822390278637,87.764810535721,0.520003662109
2023-12-12,138.755,0.520003662109,-0.035057096335,0.004728426396,0.001029750153,0.006200145033,1.513472408567,0.179279745388,-112979500.0,138.489999389648,0.225099793487,4.255926949637,91.87533794786,92.854865966413,1.795003051758
2023-12-13,142.8401,1.795003051758,0.017075729949,0.005031689402,-0.00123044212,-0.00076880028,1.336671156821,0.1701188215,-119802700.0,139.857998657227,0.393128829691,4.295927320208,79.654922674355,88.78421696695,1.669894506836
2023-12-14,148.09,1.669894506836,0.003390806946,0.004650482759,0.000713751025,0.021310344828,1.380616850367,0.185714881682,-113128800.0,141.697998046875,0.185480602294,4.355927603585,97.834259063983,89.788173228732,-0.830005493164
2023-12-15,146.92,-0.830005493164,0.0,0.003850582498,1.8466173e-05,-0.004876727174,1.480253213797,0.206201553012,-103560200.0,143.181997680664,0.245517333565,4.613070896694,89.289294298121,88.92615867882,-0.319993896484
2023-12-18,147.73,-0.319993896484,0.003819901332,0.002727099755,-0.00027165163,0.003873335145,1.388581017346,0.215537718989,-111331200.0,144.366000366211,-0.105192230465,4.553070613316,86.631801132734,91.251784831613,-0.23
2023-12-19,148.11,-0.23,0.0,0.002418100528,0.001280450501,0.003319333424,1.278195498795,0.223676786691,-107156000.0,145.283999633789,0.080580672783,4.456643240792,90.255694547777,88.725596659544,-1.199996337891
2023-12-20,144.89,-1.199996337891,-0.002790849172,0.003770716724,0.000219304071,-0.010989761092,1.06386646181,0.230285396536,-112246400.0,146.555999755859,-0.146279489422,4.342858450753,87.880029721456,88.255841800656,-3.819992675781
2023-12-21,142.33,-3.819992675781,0.009215196183,0.003264873218,-0.001013213908,-0.000280958067,0.458155621566,0.221101958692,-117964400.0,145.868002319336,-0.443367046068,4.572501591274,63.907047075929,80.680923781721,-0.240003662109
2023-12-22,142.4,-0.240003662109,-0.00147787642,0.002457705841,-0.000148889346,0.002111189303,0.075630622123,0.215053489631,-114645900.0,144.834002685547,-0.032834736439,4.083930969238,54.634969156567,68.807348651317,-1.599996948242
2023-12-26,139.61,-1.599996948242,0.00142043284,0.002380992908,-0.000394307608,-0.009858156028,-0.29454327489,0.204968096785,-117582000.0,143.674002075195,-0.184372864324,3.994645254953,47.16107751919,55.234364583895,-0.889998779297
2023-12-27,138.035,-0.889998779297,0.002991589407,0.002581018435,-0.000429214037,-0.007905990585,-0.687315788847,0.194075927487,-121966800.0,141.918002319336,-0.341299312888,4.007859366281,24.221935903183,42.00599419298,-1.484996948242
2023-12-28,136.9425,-1.484996948242,0.0,0.002489857195,0.000667594005,0.00287440498,-1.077839718211,0.178677727535,-125956400.0,139.846002197266,-0.40766630131,3.88750239781,7.729537276074,26.370850232815,0.0575
2023-12-29,137.0,0.0575,-0.002116739315,0.00233082322,-0.000614498072,0.001608422284,-1.276823786293,0.156762590636,-123185600.0,139.032000732422,0.155957329596,3.576430184501,9.173943870574,13.708472349944,-0.860000610352
2024-01-02,135.3096,-0.860000610352,-0.012560648755,0.002448445172,0.0001441495,0.006618062788,-1.426014150526,0.130306894976,-126259700.0,137.842001342773,-0.107843290324,3.483573913574,4.899975463454,7.267818870034,-0.829604272461
2024-01-03,131.925,-0.829604272461,-0.013161727171,0.004481877779,-0.000494241108,-0.005915153342,-1.583978131539,0.131317101579,-129744900.0,136.57799987793,0.019465347305,3.410716465541,6.875749479378,6.983222937802,1.494998168945
2024-01-04,134.23,1.494998168945,-0.004197253532,0.003202468764,-0.000857299124,0.010311606202,-1.697259318299,0.131944369183,-134011500.0,135.517999267578,0.109370205083,3.295715332031,13.612524035886,8.462749659573,-0.509998779297
2024-01-05,135.07,-0.509998779297,0.003963496668,0.004789751992,-0.000828453541,0.005958144038,-1.685935349222,0.13192255028,-129954600.0,134.951998901367,0.11179245544,3.291000366211,15.183221394754,11.890498303339,0.909995727539
2024-01-08,137.2646,0.909995727539,0.009780863898,0.003135225619,-0.001404192828,-0.000985443959,-1.468180240186,0.130871708301,-125950000.0,134.747998046875,0.324105127006,3.11385672433,28.81067417149,19.202139867376,2.815401831055
2024-01-09,138.875,2.815401831055,-0.011136475858,0.002997256714,-0.000752419937,0.002562806815,-1.011681653249,0.130830523554,-121770300.0,135.535998535156,0.39348772939,3.213857378278,52.051703209655,32.015199591966,0.654998779297
2024-01-10,139.095,0.654998779297,-0.002365095922,0.001929454023,0.000227220099,-0.000754310345,-0.72392058374,0.130964855082,-125331200.0,136.545999145508,0.294840911806,3.210285731724,48.960060380562,43.274145920569,0.664994506836
2024-01-11,140.435,0.664994506836,0.006797454525,0.003077251084,0.000606890683,-0.001954374245,-0.505578170613,0.129950166292,-122838500.0,137.813998413086,0.13936644993,3.224213736398,57.015251007454,52.675671532557,-0.985003051758
2024-01-12,140.1,-0.985003051758,-0.000717037267,0.00222088267,-0.000942700769,0.005382131324,-0.375500691612,0.130039676614,-125222000.0,138.959997558594,-0.159517259659,3.037784031459,68.113582245771,58.029631211262,-2.960000610352
2024-01-16,134.51,-2.960000610352,-0.009041895134,0.003280721118,0.003588550928,-0.010228108904,-0.434344325341,0.128092745715,-127702600.0,139.191998291016,-0.272197042237,3.086354936872,54.06329336517,59.730708872798,0.510004272461
2024-01-17,132.525,0.510004272461,-0.016145814439,0.003672435849,-0.001140881396,-0.002746632553,-0.595399901497,0.121255178573,-133217400.0,138.179998779297,-0.180210468767,3.135640825544,40.462438788157,54.213104799699,2.454995727539
2024-01-18,137.3205,2.454995727539,0.014965212153,0.00326520184,-0.000272572521,0.00241258486,-0.677980222933,0.113156008005,-136257100.0,137.269998168945,0.282950937564,3.189926147461,40.076999627164,44.867577260164,-0.280506713867
2024-01-19,137.33,-0.280506713867,0.011383631741,0.003751855856,-0.002459384705,-0.010234234234,-0.571482040522,0.095851694122,-130984100.0,136.725997924805,0.020364922517,3.294927324568,59.922853361234,46.820763925518,2.599992675781
2024-01-22,142.1825,2.599992675781,0.008754421265,0.003782154369,0.001648852124,0.00727923205,-0.297784624669,0.075889185139,-126898800.0,136.821997070312,0.181883775793,3.471355983189,87.764879163277,62.588244050558,-0.172505493164
2024-01-23,141.76,-0.172505493164,0.005210939524,0.003534150613,-0.000185610294,-0.006935201401,0.015348920222,0.077964855166,-122415900.0,137.79599609375,0.14680401398,3.591356549944,84.580429292798,77.42272060577,0.540003051758
2024-01-24,142.5,0.540003051758,0.010611345569,0.002469091162,-0.000301740504,-0.00910924136,0.222517115875,0.078495144271,-118533800.0,139.251995849609,-0.054000493854,3.634926932199,86.772482494269,86.372596983448,-1.309997558594
2024-01-25,141.98,-1.309997558594,0.014236096551,0.002150768156,-0.000395744156,-0.008519553073,0.262555709238,0.079204956158,-123391000.0,140.493997192383,-0.2738153805,3.692071097238,77.615356439342,82.989422742136,0.130000610352
2024-01-26,143.505,0.130000610352,0.0,0.003188375202,0.000741624824,0.009816339455,0.324693178576,0.083911905691,-119713500.0,141.507998657227,-0.176234887105,3.576928274972,84.692265430685,83.026701454765,6.114995117188
2024-01-29,150.75,6.114995117188,0.002539800128,0.006958463898,-0.001248105295,0.005067004467,0.817242575848,0.112054268239,-108370900.0,143.445999145508,0.407555603438,4.084785461426,90.650982145089,84.319534671705,1.949996948242
2024-01-30,149.4,1.949996948242,-0.014145407369,0.004249187289,-0.000952779431,-0.008823724541,1.269171133341,0.143067977229,-103054600.0,145.583999633789,0.294772742603,4.125500270299,96.947899583497,90.763715719757,0.040002441406
2024-01-31,146.96,0.040002441406,-0.005319848474,0.003864374853,0.000688170586,-0.011335732786,1.264452041019,0.154431201203,-106938600.0,147.011999511719,-0.226177289644,4.249071393694,82.315966525588,89.971616084725,-2.820000610352
2024-02-01,145.32,-2.820000610352,0.004578907069,0.003661615113,-0.000309448666,0.005605148433,0.840691909668,0.151398279156,-111065200.0,147.601998901367,-0.450603566578,4.49157169887,58.527800718125,79.263888942403,1.170005493164
2024-02-02,142.64,1.170005493164,-0.017066010692,0.004751302174,-0.002426954508,-0.009375651087,0.662788785099,0.147548479026,-107648500.0,148.47799987793,0.274984162579,4.459430149623,69.075404991756,69.973057411823,3.910003051758
2024-02-05,144.304,3.910003051758,-0.003138906205,0.004522716371,0.000172852525,-0.011142328514,0.500656419931,0.141978353324,-103396700.0,147.864001464844,0.21047115678,4.672286987305,69.344693869127,65.64929985967,0.475998779297
2024-02-06,144.28,0.475998779297,0.002210300642,0.003605774531,-0.000339315101,-0.00578831312,0.238980568826,0.13729989839,-106407600.0,146.280001831055,-0.163227800196,4.700859069824,61.400329554232,66.606809471705,0.249998779297
2024-02-07,145.57,0.249998779297,0.004082172164,0.003055960903,-0.000142591467,0.001996145374,0.025088706331,0.137059482814,-110105200.0,145.298001098633,-0.123320333939,4.571431841169,51.253061420636,60.666028281332,1.980003051758
2024-02-08,148.8,1.980003051758,0.011521497208,0.003265326633,-0.000933569837,-0.003015075377,0.060986338144,0.138846933341,-105891100.0,145.980001831055,0.264093238257,4.59678867885,65.826479097143,59.493290024004,1.739993286133
2024-02-09,146.49,1.739993286133,-0.031220919077,0.007642460399,-5.4970014e-05,0.004525817733,0.249510946591,0.144703406379,-102382800.0,146.789999389648,0.255793887476,4.5364314488,79.42021036646,65.499916961413,1.105001220703
2024-02-12,151.6601,1.105001220703,0.007351139579,0.005685297283,-0.000559227799,0.020043718052,0.14449102453,0.144163291402,-107389600.0,146.998999023438,0.262571753305,4.625002179827,58.07969287403,67.775460779211,2.139903051758
2024-02-13,149.65,2.139903051758,-0.029843928783,0.005069298304,-0.001802984604,0.002948864017,0.444590305646,0.149161751007,-99480100.0,148.80299987793,0.31356197724,5.077860151018,80.045041984007,72.514981741499,1.170007324219
2024-02-14,143.13,1.170007324219,-0.030897781699,0.00878407225,-0.000833057968,-0.020730706076,0.395700357047,0.139200198495,-111281800.0,150.061001586914,0.196025815902,5.127859933036,61.565694919549,66.563476592529,5.069996948242
2024-02-15,149.985,5.069996948242,0.004790868613,0.005072459875,-0.000884019631,0.007219125646,0.152705155188,0.121962204566,-127303600.0,150.191000366211,0.170033174754,5.508431570871,43.216350829231,61.609029244262,7.705002441406
2024-02-16,153.46,7.705002441406,-0.010083051007,0.007698570421,0.00226698083,-0.016218988397,0.573271626668,0.126188746534,-115380600.0,151.621002197266,0.491320003346,5.510575430734,96.594234447476,67.125426732085,-0.950005493164
2024-02-20,148.02,-0.950005493164,-0.014425264097,0.005434661169,-0.000536254636,-0.015628117311,0.450186323153,0.120951792521,-121898900.0,152.604000854492,-0.40134686668,5.587003435407,66.177274344323,68.662619873676,0.129993896484
2024-02-21,146.57,0.129993896484,-0.014647305153,0.003325729552,0.000499280336,0.004041649541,0.044107840406,0.115093962735,-127128600.0,151.473999023438,-0.208801196658,5.773430960519,40.575389889722,67.782299560507,2.670005493164
2024-02-22,151.89,2.670005493164,0.011927088674,0.004027417219,-0.000663211186,0.005894039735,-0.170351463376,0.109041588874,-122557800.0,151.157998657227,0.434789672111,5.655144827706,46.975928202976,51.242864145674,3.369994506836
2024-02-23,154.525,3.369994506836,-0.012817147397,0.003978935698,0.000645088254,0.007727924873,0.061542639888,0.105997398964,-116442800.0,152.569998168945,0.407566565289,5.888000488281,82.325249664096,56.625522585598,-1.864996337891
2024-02-26,149.78,-1.864996337891,-0.017686341435,0.003950923518,-1.6791012e-05,-0.001266920051,0.010798894463,0.097964029359,-121293900.0,151.563998413086,-0.053499626593,5.719072614397,64.26750508622,64.522894317764,-0.509995727539
2024-02-27,149.83,-0.509995727539,0.004890438177,0.003743182121,-0.000578354494,-0.003392310762,-0.264877820528,0.097996926952,-126571800.0,150.916000366211,-0.207537966233,5.73550088065,42.675148090176,63.089300946831,2.229997558594
2024-02-28,153.29,2.229997558594,-0.000197282519,0.002769124515,0.002773730097,0.008287837927,-0.272090329122,0.097327149864,-121948100.0,151.698001098633,0.328554026301,5.811357770647,60.445809416753,55.796154197716,0.139992675781
2024-02-29,158.895,0.139992675781,-0.000195520959,0.006104302477,0.003947381216,0.035821382008,-0.200657399413,0.099890510634,-117619000.0,152.535998535156,0.235214277752,5.682786124093,69.171894661334,57.430950722754,-1.424998779297
2024-03-01,157.7,-1.424998779297,-0.001524134701,0.004846148954,-0.001300753522,0.002989251415,0.087175693318,0.102921330153,-109616700.0,152.97799987793,0.321675992791,5.944214957101,85.484797227327,71.700833768471,2.020001220703
2024-03-04,162.575,2.020001220703,0.001126926336,0.004627972466,-6.0227035e-05,0.017365456821,0.381122674932,0.113086827247,-104251400.0,154.389999389648,0.311684998905,5.859142848424,93.155919057829,82.60420364883,-4.485003662109
2024-03-05,156.66,-4.485003662109,-0.005629700868,0.003101017812,-0.000798659476,-0.003435114504,0.415011034259,0.116128985124,-108654600.0,156.153997802734,-0.161891326755,5.525929042271,75.91095640069,84.850557561949,2.670001831055
2024-03-06,162.26,2.670001831055,0.004832763846,0.004313803873,-0.000904229084,0.01349156777,0.466334666748,0.115679559581,-103940300.0,157.607998657227,0.289395099883,5.427357264927,81.976038202311,83.680971220277,1.609995117188
2024-03-07,163.4501,1.609995117188,0.006895740016,0.00325030303,-0.000708014293,-0.009393333333,0.735430561593,0.122648360794,-98772400.0,159.695999145508,0.430826583401,5.213785443987,96.248821441557,84.711938681519,0.089893286133
2024-03-08,166.62,0.089893286133,0.015042233184,0.004692590361,0.000948071196,0.003734939759,0.814447533871,0.130026320211,-102582700.0,160.909997558594,-0.222500994146,4.719141278948,90.769916613716,89.664925419195,-1.709996337891
2024-03-11,163.47,-1.709996337891,-0.006973556059,0.003462078652,-0.00037761474,-0.001770884221,0.876819036507,0.141359231596,-98479100.0,161.947998046875,-0.101430162246,4.633427211217,85.610257669818,90.876331908364,-0.479994506836
2024-03-12,164.21,-0.479994506836,6.1319753e-05,0.003490797546,0.000257316058,0.007423312883,0.713528756792,0.140762374553,-101628700.0,162.92799987793,-0.161479007509,4.369499206543,77.186998767557,84.52239101703,2.459998168945
2024-03-13,164.1,2.459998168945,-0.02549949029,0.005541415385,-0.000594290119,0.009846153846,0.773110046723,0.153080808439,-97682800.0,164.395999145508,0.442551501022,4.39849962507,92.256730029067,85.017995488814,0.659994506836
2024-03-14,164.82,0.659994506836,0.005948112521,0.003130287648,0.001187532818,-0.003988397389,0.610756987884,0.155946219031,-105185600.0,164.573999023438,0.182238298311,4.459214346749,82.526708699911,83.990145832178,1.620002441406
2024-03-15,163.87,1.620002441406,-0.000300426887,0.004496303864,-0.002477571298,-0.015145140934,0.545524708898,0.154540090449,-100107500.0,165.154000854492,0.099515960558,4.425285339355,91.08507607941,88.622838269463,-3.230000610352
2024-03-18,162.095,-3.230000610352,0.008123804404,0.003293710828,-0.001066100564,0.00092624039,0.065985249399,0.155159344784,-107259900.0,164.3,-0.432026385259,4.586927141462,60.179322896349,77.930369225223,-0.234999389648
2024-03-19,162.19,-0.234999389648,-0.002285895933,0.002009226577,-0.000682812319,0.004334633723,-0.200245794586,0.152458991415,-102963000.0,164.073999023438,-0.011711837568,4.51764025007,61.402449402699,70.888949459486,-0.400006713867
2024-03-20,162.72,-0.400006713867,0.003708548912,0.002489623745,-0.000109353822,0.002032144837,-0.400691915915,0.139713954306,-106383700.0,163.097998046875,0.058669250703,4.512998308454,57.247771316178,59.609847871742,1.990006713867
2024-03-21,166.145,1.990006713867,0.006678348612,0.003118026657,-0.00048929672,0.002020384778,-0.357668208204,0.129122667571,-101617400.0,163.088000488281,0.343435286914,4.311570303781,71.120374714406,63.256865144428,2.034992675781
2024-03-22,168.04,2.034992675781,-0.007016248824,0.002688982036,-0.000210619758,0.00622754491,-0.128384541806,0.133189620339,-95630900.0,163.435998535156,0.247514529238,4.398785182408,86.246328759358,71.538158263314,-0.179999389648
2024-03-25,167.505,-0.179999389648,0.0,0.003318122245,-0.001156161519,-0.002114857619,-0.035951099709,0.129791663083,-98465200.0,164.879998779297,0.205507821677,4.189856392997,83.954123089508,80.440275521091,0.485005493164
2024-03-26,169.26,0.485005493164,0.010119631482,0.001765218929,0.000267441233,-0.002534032648,-0.005338546958,0.113145050227,-95249100.0,166.105999755859,0.03154897054,4.115571158273,78.963102014564,83.054517954476,-1.870000610352
2024-03-27,167.92,-1.870000610352,0.010275412073,0.002080007096,7.0723201e-05,-0.007036839927,-0.06165431866,0.098968936014,-97996800.0,167.226000976562,-0.421100984186,3.931285313198,72.736357656154,78.551194253408,-1.509996337891
2024-03-28,166.16,-1.509996337891,0.000961502666,0.001963018551,0.000400894884,-0.002461427628,-0.193612441653,0.08291083321,-101918700.0,167.566000366211,-0.363114027306,3.964500427246,62.877248131611,71.525569267443,-1.199993286133
2024-04-01,164.665,-1.199993286133,0.00891116575,0.003461094755,0.001438631836,-0.010605059184,-0.395617360122,0.07467678397,-105334700.0,166.922003173828,-0.280073070456,3.827357700893,48.289757266859,61.301121018208,-1.295004882812
2024-04-02,159.09,-1.295004882812,-0.014812990398,0.003047909029,-0.000562622495,-0.011433542534,-0.638970537113,0.070429235659,-107831000.0,166.024002075195,-0.373239664434,3.901286533901,32.293668675408,47.820224691293,1.020000610352
2024-04-03,160.39,1.020000610352,-0.008494164045,0.002209616593,0.000418861075,0.008108108108,-1.000601090674,0.06553389122,-111831900.0,164.448001098633,-0.175425085677,3.931286403111,12.521946173655,31.035124038641,-1.050003662109
2024-04-04,161.53,-1.050003662109,0.011798700427,0.002744696688,-0.000941556763,0.001922838358,-1.256222409299,0.06550966767,-114120000.0,162.838000488281,0.115901407646,3.605572291783,6.597172091218,17.13759564676,-2.690003662109
2024-04-05,159.28,-2.690003662109,0.001951634133,0.003002758794,8.8995865e-05,-0.001316696972,-1.411904874422,0.072244887837,-117659700.0,161.323999023438,-0.215821462893,3.686285836356,2.763316190019,7.294144818298,2.490004272461
2024-04-08,160.33,2.490004272461,-0.00871610079,0.003435528121,-7.3549134e-05,-0.000311759571,-1.274673360165,0.073377961815,-115434100.0,160.685998535156,0.355608243429,3.508215767997,28.065625957015,12.475371412751,-0.059995727539
2024-04-09,161.8027,-0.059995727539,0.007986514913,0.003480160941,6.7277816e-05,0.001564221603,-1.24085045971,0.076097404599,-117733100.0,160.066000366211,-0.017912264741,3.523217337472,15.112260130701,15.313734092578,0.857303662109
2024-04-10,158.83,0.857303662109,-0.018627804691,0.004316613439,-0.001034997682,-0.005385434279,-1.022536304865,0.076238901438,-115442100.0,160.576000976562,0.178565694981,3.541073390416,35.751284409891,26.309723499202,1.449998779297
2024-04-11,160.51,1.449998779297,-0.007986016902,0.00326189577,0.000218177302,0.010259315206,-1.002110956695,0.076824848445,-117920700.0,160.764001464844,0.146752094939,3.546072823661,15.198568466234,22.020704335608,4.909998168945
2024-04-12,161.77,4.909998168945,-0.018135654898,0.003586472181,-0.00339126049,-0.004369768587,-0.624596091162,0.077238994116,-114340400.0,162.080001831055,0.460649547369,3.683930533273,60.104498813803,37.018117229976,-2.400004882813
2024-04-15,162.79,-2.400004882813,0.015310300032,0.002423022206,0.000336774107,0.006927692213,-0.755750620277,0.078646704043,-118040300.0,161.6,-0.375506955299,4.003930228097,7.404104189808,27.569057156615,-7.189993896484
2024-04-16,158.195,-7.189993896484,0.001478121584,0.005759224796,-0.000321752379,0.015176795226,-1.051626256334,0.088184350829,-121763600.0,160.666000366211,-0.33844284047,4.410357883998,7.63311559245,25.04723953202,-1.534996337891
2024-04-17,158.235,-1.534996337891,0.011425975005,0.002988324393,-0.000324449948,-0.00135689492,-1.12460027302,0.094690729098,-119035000.0,159.466000366211,0.125628773035,4.478929792132,15.306125625529,10.114448469263,0.134995117187
2024-04-18,161.51,0.134995117187,0.007766692077,0.003898308271,-0.00013692014,0.011967418546,-1.009994170991,0.097606820702,-115130000.0,159.083999633789,-0.001771310413,4.456072126116,30.531928157815,17.823723125265,-1.409993896484
2024-04-19,159.65,-1.409993896484,-0.003497893792,0.003553198147,-0.00012509553,-0.000813618726,-0.780244745097,0.097681713882,-111199600.0,158.020001220703,0.078673161047,4.583214896066,46.222612261785,30.68688868171,-4.640005493164
2024-04-22,155.76,-4.640005493164,0.00761246356,0.002301683847,0.000276944936,-0.002753057174,-0.92382913188,0.099469831562,-115092400.0,157.148001098633,-0.37357920402,4.712144034249,5.080363833261,27.27830141762,0.850000610352
2024-04-23,157.77,0.850000610352,0.004022762789,0.002847495244,-0.00037638107,0.000443880786,-0.864838094966,0.096363522829,-112062400.0,157.35,0.071384343126,4.626072474888,22.842238476281,24.715071523776,3.179996948242
2024-04-24,165.0,3.179996948242,0.021901268854,0.004675968992,-0.000911120617,0.003191974464,-0.50513819805,0.087546002978,-108607000.0,158.207998657227,0.431584711997,4.753215244838,57.687647544958,28.5367499515,-2.160003662109
2024-04-25,161.19,-2.160003662109,-0.008167537834,0.004738282459,0.000663023837,-0.001981301467,-0.131017645823,0.079563554612,-104752500.0,159.101998901367,-0.127199562346,4.80071585519,69.915253733782,50.14837991834,1.819994506836
2024-04-26,164.08,1.819994506836,0.004110166195,0.002766307673,0.000573726096,0.004038673357,0.123061632276,0.07331147655,-102350700.0,159.683996582031,0.190279795045,4.826429094587,71.224947299948,66.275949526229,0.149995727539
2024-04-29,163.79,0.149995727539,0.003166317274,0.002248861912,0.000208303959,-0.005827010622,0.355310369144,0.071898461087,-99529600.0,161.527996826172,0.122339808302,4.819999694824,80.624035298265,73.921412110665,-1.54
2024-04-30,161.23,-1.54,-0.010416039701,0.002712319382,0.00155568813,0.004172894868,0.356675129474,0.070583642483,-101842200.0,162.655996704102,-0.283203818794,4.886071341378,65.369825905995,72.406269501403,-2.659992675781
2024-05-01,157.44,-2.659992675781,-0.006243333843,0.002721982485,-0.00042094189,-0.000888437619,0.103951974781,0.07119265287,-104860100.0,162.179998779297,-0.267453903604,4.864642551967,37.018563295869,61.004141500043,-1.279996337891
2024-05-02,155.19,-1.279996337891,0.006723892336,0.004587239997,0.002547098847,-0.012849055404,-0.213969592823,0.074534306774,-107612200.0,160.844000244141,-0.127585127925,4.69535609654,18.451502778195,40.279963993353,3.140001831055
2024-05-03,161.77,3.140001831055,0.021979382854,0.004380778739,0.001589423414,-0.000185414091,-0.263317591501,0.074849843365,-102833800.0,159.908001708984,0.12411328989,4.592498779297,37.873795318742,31.114620464269,-2.059993286133
2024-05-06,161.0,-2.059993286133,0.008077097439,0.002776273292,0.000416956389,0.0,-0.191557348574,0.074106357837,-98303900.0,159.00400390625,-0.145473650482,4.498213631766,48.062094095147,34.795797397361,1.0
2024-05-07,161.9,1.0,-0.001172854577,0.002817450993,0.000380978938,0.001174942799,0.010859335369,0.075038169348,-95391700.0,158.95400390625,0.230127335428,4.431070600237,64.968654416535,50.301514610141,-2.090002441406
2024-05-08,157.74,-2.090002441406,-0.016957583984,0.003379057925,0.000405489574,0.00407383832,-0.001369683612,0.073331754162,-98307900.0,159.202001953125,-0.309695424916,4.419642857143,48.800306411398,53.94368497436,0.159993896484
2024-05-09,146.67,0.159993896484,-0.071564206648,0.010060709413,0.000171345915,0.000477489768,-0.129621415673,0.074041967564,-106544400.0,159.55,0.152685796078,4.37678527832,34.699133135883,49.489364654605,0.380003051758
2024-05-10,146.78,0.380003051758,0.004760264765,0.003963243755,0.001270005745,-0.006430650511,-0.894104431966,0.0957571532,-121347000.0,157.294000244141,0.065812387258,4.844997950963,6.989358114108,30.162932553796,-0.459992675781
2024-05-13,146.7,-0.459992675781,0.004989035614,0.003193675621,0.001363143976,-0.002380142809,-1.369417137322,0.118876781609,-126871800.0,154.616000366211,-0.192944702228,4.845354352679,7.641886446339,16.44345923211,2.430004882813
2024-05-14,148.745,2.430004882813,0.001810427177,0.002266532798,-0.000347124748,-0.004384203481,-1.409531536398,0.12891376709,-121224300.0,152.042001342773,0.30565372766,4.774640764509,20.348188952857,11.659811171101,-2.045003051758
2024-05-15,146.92,-2.045003051758,0.0059305412,0.003031836348,0.000792200731,-0.004809320599,-1.50596150668,0.143782002028,-125391700.0,149.420001220703,-0.426361542635,4.581426348005,9.918507664747,12.636194354647,-1.119996948242
2024-05-16,146.135,-1.119996948242,0.003703657578,0.002149982918,-0.000366013725,-0.00146908097,-1.531559655177,0.158202105124,-131387700.0,147.000003051758,-0.290938572011,4.489283970424,5.606125743296,11.957607453633,1.055002441406
2024-05-17,147.0234,1.055002441406,-0.002581730257,0.002124351978,0.000520582598,0.002888130969,-1.361787136841,0.16616070748,-127559900.0,147.028002929688,0.225665263276,4.460711887905,12.266402287573,9.263678565205,-1.363396337891
2024-05-20,145.64,-1.363396337891,0.003569881921,0.001646805309,-0.000294633023,-0.003694075797,-1.261703498587,0.176913041246,-130838900.0,146.896002197266,-0.255037876599,4.315711975098,4.935309152992,7.60261239462,0.729995117188
2024-05-21,144.99,0.729995117188,-0.004509041643,0.002815500686,0.000177871484,-0.005555555556,-1.064719428748,0.184954254147,-127091500.0,146.344000244141,0.07914304115,4.139997209821,8.337281463275,8.512997634613,-0.889993896484
2024-05-22,143.4,-0.889993896484,-0.001110365408,0.002080936501,0.000208837188,-0.003751563151,-1.005074956894,0.192443170659,-131576500.0,145.824002075195,-0.49128945342,3.949283054897,0.046752750642,4.439781122303,-0.689993286133
2024-05-23,143.2,-0.689993286133,-0.000910972438,0.002829329785,-0.000674635342,0.002871349534,-0.976189294998,0.196957423241,-134767300.0,145.206002807617,-0.325948483575,3.709997994559,1.512558827711,3.298864347209,-2.160006713867
2024-05-24,144.19,-2.160006713867,0.01035172138,0.003301438092,-0.000336137754,0.011504735181,-0.983741802296,0.2006894109,-138668200.0,143.976000976562,-0.284607179753,3.384997776576,0.997216619448,0.852176065934,0.280001220703
2024-05-28,145.74,0.280001220703,0.010590425461,0.002357465753,0.000776820905,-0.001780821918,-0.686023537886,0.191656827874,-134171100.0,143.738000488281,0.281094263219,3.5442842756,16.545758387435,6.351844611531,1.269994506836
2024-05-29,145.74,1.269994506836,-0.014488740246,0.003200951987,0.002012199179,0.005380794702,-0.26780942044,0.180611712002,-128429500.0,143.866000366211,0.19235748164,3.563569205148,34.775232737601,17.439402581494,0.870000610352
2024-05-30,147.4325,0.870000610352,-0.008253234492,0.002933287483,-4.446583e-05,0.013978679505,0.016992966387,0.174802944327,-131000400.0,144.367999267578,0.36918713928,3.451141357422,63.037504893892,38.119498672976,-1.912495727539
2024-05-31,146.25,-1.912495727539,0.001786658186,0.002111263548,0.000518025476,0.003224036219,0.159172579099,0.172177084338,-134577100.0,144.929998779297,0.02979590709,2.797570364816,54.778604932634,50.863780854709,-1.320007324219
2024-06-03,146.3,-1.320007324219,0.005588993709,0.001668107589,0.001041575891,0.003842459174,0.236050781442,0.164481687212,-138355700.0,145.707998657227,-0.096788111614,2.823998587472,47.90200213563,55.239370654052,-0.05
2024-06-04,146.43,-0.05,-0.00294012086,0.002534700315,-0.000691422171,0.00418323961,0.389324180363,0.149352856531,-134512300.0,146.063998413086,0.106964546184,2.756855555943,63.286726959464,55.322444675909,0.650001831055
2024-06-05,146.6,0.650001831055,0.006119077273,0.00280098662,0.000445204941,-0.009325584538,0.550287409243,0.119599427393,-131463800.0,146.07799987793,0.262462359444,2.713284083775,88.169050395379,66.452593163491,-0.820001220703
2024-06-06,145.73,-0.820001220703,-0.001852135236,0.002163631366,0.000201543391,0.001511923579,0.570446364269,0.088062973824,-134585300.0,145.911999511719,-0.296869263741,2.757497514997,62.94413687205,71.466638075631,1.27
2024-06-07,145.87,1.27,-0.005442197631,0.002298221614,0.000455757082,-0.002257181943,0.660815785368,0.048367440304,-131122200.0,146.207998657227,0.2173168491,2.874997820173,77.540822587869,76.218003285099,0.790003662109
2024-06-10,146.29,0.790003662109,-0.004432081952,0.001681049243,0.000616642232,0.001917676871,0.689392919421,0.048044299645,-133717800.0,146.554000854492,0.145021724201,2.83642578125,73.274863532575,71.253274330831,1.780007324219
2024-06-11,147.85,1.780007324219,-0.000675397437,0.002769438993,0.000213423964,0.000541381877,0.787851430248,0.04990277581,-130637500.0,146.918002319336,0.451801034667,2.911427089146,90.966283174597,80.593989765013,-0.1
2024-06-12,149.985,-0.1,0.01516078168,0.002330222015,-0.000478911781,-3.3335556e-05,0.812747944076,0.047029048506,-133923300.0,147.052001953125,-0.039682224604,2.913927350725,86.896559630469,83.712568779213,-0.664992675781
2024-06-13,145.86,-0.664992675781,-0.002210030906,0.004081012148,0.000778364876,-0.02100812135,0.9089960094,0.051426227971,-130343500.0,147.760003662109,-0.195130877905,2.963212149484,89.757260816302,89.206701207123,0.240006103516
2024-06-14,145.1,0.240006103516,-0.004106817785,0.00193814433,-0.000724161633,-0.002749140893,0.737161421487,0.051415526352,-134793900.0,147.580004882812,-0.256157662206,3.175356183733,47.55954562915,74.737788691974,0.870001220703
2024-06-17,148.9,0.870001220703,0.007056236012,0.005476514636,3.8839655e-05,0.01361470388,0.601821880688,0.050843094549,-137548500.0,147.442004394531,0.138831290078,2.953213282994,44.041451795606,60.45275274702,0.6
2024-06-18,150.22,0.6,0.002675544458,0.002115877252,0.001023093314,0.002134756504,0.728652660237,0.055245163043,-132389700.0,147.728002929688,0.384879236296,3.006784711565,89.766907725897,60.455968383551,-2.930006713867
2024-06-20,149.27,-2.930006713867,0.003258951784,0.002711240441,0.000526243156,0.010150910198,0.645183550778,0.055682290389,-135706400.0,147.636001586914,-0.345244973111,3.096284048898,59.155190837682,64.321183453062,-1.389995117188
2024-06-21,147.69,-1.389995117188,0.005950700534,0.002170812046,0.000724452951,-0.007192793762,0.611498257124,0.054904351419,-132832200.0,147.348001098633,0.032850996652,3.04485648019,66.549757024883,71.823951862821,1.880007324219
2024-06-24,147.43,1.880007324219,-0.002808139381,0.003395910158,0.000197760054,-0.01153201475,0.67958745121,0.052888385929,-125183800.0,148.042001342773,0.156468077193,2.965571812221,85.643223151978,70.449390338181,0.959999389648
2024-06-25,150.34,0.959999389648,0.003908631535,0.002562462241,-0.000281209977,0.009196482513,0.623191299851,0.039338511357,-129714700.0,148.526000976562,-0.102893361982,3.017713274275,68.338517298488,73.51049915845,0.570003662109
2024-06-26,149.64,0.570003662109,-0.007819282393,0.002053696654,5.3952389e-05,-0.000601081948,0.726432281211,0.042145101095,-124706400.0,148.808001708984,0.408037066275,3.04664175851,95.162487423405,83.048075957957,0.36
2024-06-27,149.65,0.36,0.003066711426,0.001639239665,0.000427493063,-0.005383490629,0.703767882464,0.044896839286,-128504300.0,149.350003051758,0.136390441918,2.902428763253,83.101468432913,82.200824384935,1.960000610352
2024-06-28,151.33,1.960000610352,-0.000461759277,0.002144648278,0.0,-0.001385772733,0.762593292007,0.050698620598,-124915700.0,150.096002197266,0.239133837105,2.820643833705,96.687067851291,91.650341235869,0.300004882812
2024-07-01,151.52,0.300004882812,0.003759098114,0.002217914175,-0.000512514385,-0.004271538411,0.766203253363,0.053494037181,-121073200.0,150.508001708984,0.027421952905,2.863501412528,85.869693205976,88.552743163393,0.110004882812
2024-07-02,152.39,0.110004882812,-0.002242376744,0.001715843744,-4.9928605e-05,0.007270804415,0.731993043221,0.053507478266,-121073200.0,151.156002807617,-0.083045689543,2.91635785784,85.869693205976,89.475484754414,1.949996337891
2024-07-03,154.09,1.949996337891,-0.002786009369,0.002006042492,0.00072667473,0.001169514651,0.847148201443,0.062264333716,-117547100.0,151.842001342773,0.401728948058,3.031001499721,92.421519648919,88.053635353624,-1.360004272461
2024-07-05,152.19,-1.360004272461,-0.002160687751,0.00189691601,0.000457473132,-0.001377952756,0.772263431752,0.065302292607,-119272700.0,152.388000488281,-0.270025460973,3.001715523856,78.397137510882,85.562783455259,0.31
2024-07-08,153.21,0.31,0.000983566534,0.002001898527,0.000898136387,0.003011456628,0.668499443401,0.064630274799,-123108800.0,152.566000366211,0.039445602082,2.705286298479,75.20581201,82.008156389934,-1.249993286133
2024-07-09,155.385,-1.249993286133,0.006317395451,0.002707428721,0.001340062825,0.016119539629,0.530767034577,0.064272819851,-126337100.0,152.632000732422,-0.08880831503,2.821356637137,61.764705875087,71.789218465323,-2.935003051758
2024-07-10,152.42,-2.935003051758,0.0043293124,0.001817124943,-0.000940533014,-0.004506563908,0.443485454954,0.063194688808,-122008300.0,152.795999145508,-0.051480746111,2.789213997977,64.13399096031,67.034836281799,-0.580003662109
2024-07-11,150.245,-0.580003662109,-0.008495741025,0.004822318167,-0.000225234625,-0.002025905015,0.321191283319,0.062848807083,-125271800.0,152.295999145508,-0.193939665602,2.750713893345,57.31833935941,61.072345398269,-4.245
2024-07-12,147.505,-4.245,0.005684944048,0.003217734795,-0.00046329497,0.00459715317,-0.151135409138,0.066180198946,-131561300.0,150.95,-0.262120762064,3.13714163644,16.218519644452,45.89028332139,-0.725001220703
2024-07-15,146.6,-0.725001220703,-0.00613158403,0.003790786948,0.00159988159,0.004935563477,-0.395278467654,0.069003979694,-128637800.0,149.805999755859,-0.007647334464,3.083570207868,22.983470744271,32.173443249378,0.620001220703
2024-07-16,149.205,0.620001220703,0.008490694129,0.002107900586,-8.4822401e-05,0.00495049505,-0.504398914921,0.066929286451,-125091700.0,148.857998657227,0.192741132522,3.111428397042,26.799624152355,22.000538180359,2.054994506836
2024-07-17,149.555,2.054994506836,-0.013354416812,0.002016885553,0.000399597948,0.002110694184,-0.292276898488,0.062138765281,-121012400.0,148.619998168945,0.383439200036,3.221071515765,61.838598250397,37.207231049008,-1.555
2024-07-18,149.35,-1.555,0.001148636277,0.002348653574,-7.9063049e-05,0.007963825336,-0.355128124597,0.0634948928,-124254700.0,147.851998901367,-0.208715300979,3.396785191127,33.564575252174,40.734265884975,-2.469995117187
2024-07-19,148.22,-2.469995117187,0.001021200242,0.002393494941,0.00096365206,0.006450736742,-0.449653316435,0.064247506667,-127848400.0,148.02799987793,-0.178426976993,3.461427961077,23.850826460618,39.751333321063,-0.229994506836
2024-07-22,148.31,-0.229994506836,0.001013540718,0.002631767247,-0.001530436858,0.001147563116,-0.415738001095,0.064101369645,-124716800.0,148.270001220703,0.232549620417,3.463570731027,33.4778926165,30.297764776431,1.869992675781
2024-07-23,151.0,1.869992675781,0.002530329613,0.001862513284,0.000144239345,0.002922422954,-0.233226790039,0.063972897396,-121044700.0,148.861999511719,0.27973342843,3.517856052944,52.471712341439,36.600143806186,-2.25
2024-07-24,145.46,-2.25,-0.013579860655,0.003348054249,-0.000353518594,-0.00865535337,-0.197633176196,0.063616963806,-123721600.0,148.360000610352,-0.253123875545,3.482140677316,40.06934610507,42.006317021003,-1.230004272461
2024-07-25,138.29,-1.230004272461,-0.020661414517,0.006286725664,0.000871226232,-0.020955752212,-0.452737417357,0.072903470046,-129183500.0,147.605999755859,-0.288345653307,3.742141723633,9.858037994546,34.133032147018,1.739998779297
2024-07-26,141.2397,1.739998779297,0.013354246472,0.002350246653,-0.000335607386,-0.004653276956,-0.855218456429,0.094006049615,-134810000.0,146.235998535156,-0.124161993729,4.114283970424,13.550866703445,21.159416934354,-1.139693896484
2024-07-29,140.51,-1.139693896484,0.008137040257,0.003073845936,-0.001382230272,-0.005168507505,-1.054522783119,0.108429130387,-129708600.0,144.657998657227,-0.302218961231,4.073927743094,13.938075315862,12.448993337951,-0.220006713867
2024-07-30,140.845,-0.220006713867,0.002566117525,0.002414452181,0.000854277394,0.000746056558,-1.105971715535,0.118701559623,-126985400.0,142.679998779297,-0.186815746005,3.983213152204,17.349502573933,14.946148197747,-1.854994506836
2024-07-31,140.47,-1.854994506836,0.012950483645,0.002357056609,-0.000403204627,-0.002272888699,-1.154616702036,0.129545218224,-129981600.0,140.72799987793,-0.257489580701,3.981785365513,9.77811262867,13.688563506155,-0.910002441406
2024-08-01,138.83,-0.910002441406,0.00100314841,0.002476627473,0.000631854726,-0.004660166332,-1.076984828017,0.131547984174,-126650200.0,139.794000244141,-0.282498717826,3.578928266253,14.082475613148,13.736696938584,-3.740003662109
2024-08-02,129.06,-3.740003662109,-0.042786282745,0.007870698322,0.004824817482,-0.001933338489,-1.243460586233,0.14508247818,-131817100.0,138.805999755859,-0.309564352395,3.927500043597,11.686242259044,11.848943500288,-0.830004272461
2024-08-05,124.72,-0.830004272461,-0.034781246456,0.007233174436,0.00510869543,0.007675527188,-1.703901424221,0.176682867155,-139562600.0,136.431997680664,-0.1621058215,4.275356837681,6.881446974826,10.88338828234,0.589997558594
2024-08-06,128.12,0.589997558594,0.012728443474,0.005647925614,-0.000425536918,0.009574090855,-2.069131522333,0.209220413735,-147084500.0,133.435998535156,0.213465097945,4.400356837681,11.133949051263,9.900546095045,2.350001220703
2024-08-07,111.735,2.350001220703,-0.138192677325,0.007127356813,0.003268211183,-0.006270010672,-1.835176598191,0.21702377894,-135936100.0,131.731997680664,0.365853466297,4.553213936942,28.811246859958,15.608880962016,1.27500213623
2024-08-08,113.115,1.27500213623,0.008583321851,0.005997104755,-0.002812972788,-0.007589050711,-2.677301406109,0.279540871434,-164964000.0,126.421998596191,0.07799974115,5.745713915144,6.435049439697,15.460081783639,1.524999389648
2024-08-09,114.76,1.524999389648,-0.001526544423,0.004783208841,-0.001377630711,0.002577207007,-2.925365488938,0.324708175466,-156957800.0,122.331999206543,0.099783267664,5.869285583496,10.42329789538,15.223198065012,0.320001831055
2024-08-12,114.99,0.320001831055,0.003475856096,0.002870107378,0.000161544485,-0.004243158989,-2.85735507819,0.357885465385,-152193400.0,119.702000427246,0.099919056675,5.857857840402,11.49988808825,9.452745141109,-1.369997253418
2024-08-13,114.93,-1.369997253418,0.006776946175,0.00392512014,-0.002480727061,0.004193971166,-2.709541684787,0.386991433969,-156174400.0,117.364001464844,-0.407226439949,5.772858210972,8.821141293101,10.248109092244,1.970001525879
2024-08-14,118.5,1.970001525879,0.007014539642,0.003455317703,-0.000138596822,0.006625891947,-2.210786766477,0.394612107103,-151512400.0,114.650001525879,0.353277467093,5.657143184117,20.343229964108,13.554753115153,-2.26000213623
2024-08-15,117.46,-2.26000213623,0.016818667128,0.004966369136,6.7074139e-05,-0.006218537163,-1.764616977205,0.402982326173,-155017200.0,115.296000671387,-0.278051741579,5.365000588553,18.283935872514,15.816102376575,1.419997253418
2024-08-16,117.02,1.419997253418,-0.00824357125,0.00474927905,-0.000182738776,-0.007463952502,-1.160175081294,0.402873732481,-149750899.99999997,116.144000244141,0.135579965233,5.365929194859,26.521064629556,21.71607682206,-0.710002441406
2024-08-19,117.14,-0.710002441406,0.005330605791,0.002502009749,-0.000206061337,0.001795946293,-0.818062834531,0.399656953686,-154342899.99999997,116.389999389648,-0.297049027043,5.382358006069,19.228273482954,21.344424661675,1.999999389648
2024-08-20,118.385,1.999999389648,-0.001678671725,0.002677736674,-0.000114840888,-0.004666218261,-0.311827806304,0.379418754267,-150158200.0,117.493998718262,0.398366082256,5.37521471296,28.404672532594,24.718003548368,-1.005002746582
2024-08-21,117.425,-1.005002746582,0.005622795004,0.002022026432,-0.000230715334,-0.005210098272,-0.021474086394,0.356787051725,-154098200.0,117.58999786377,-0.361581716305,5.366286141532,23.809522572984,23.814156196178,0.255000305176
2024-08-22,118.1537,0.255000305176,0.0,0.002256033311,0.000608594873,0.00402532291,0.249862252331,0.3382327984,-149069699.99999997,117.877998352051,-0.107979267212,4.987000056676,34.646431690289,28.953542265289,-2.703703051758
2024-08-23,116.6309,-2.703703051758,0.01030751384,0.002117884088,-0.001480832822,-7.8017833e-05,0.333026380658,0.327394186621,-153945200.0,117.191998291016,-0.346855725971,4.594499860491,24.062647214129,27.506200492467,0.219098474121
2024-08-26,117.29,0.219098474121,0.0,0.002053915276,-0.000511367664,0.003765511339,0.524787608761,0.308272639995,-148946800.0,117.299998474121,0.055034315731,4.385928562709,30.707172824428,29.805417242948,-1.580000915527
2024-08-27,115.58,-1.580000915527,-0.003543306853,0.002404214726,0.000445716831,0.002341514179,0.611269933043,0.282170989505,-153895000.0,116.613998413086,-0.270596344249,4.093071528843,59.753344907569,38.174388315375,1.15999786377
2024-08-28,116.54,1.15999786377,-0.006338854526,0.001904741379,1.2201968e-05,0.004655172414,0.764322939464,0.249831886111,-150437600.0,116.485998535156,0.329635646874,2.81878553118,62.790648666376,51.083722132791,0.989998779297
2024-08-29,117.775,0.989998779297,0.005445413055,0.004457561141,0.001521121589,-0.003342641957,0.934019718683,0.200125195218,-146973900.0,116.45599822998,0.396705166667,2.673071180071,73.582043822706,65.375345798884,-1.175001525879
2024-08-30,116.84,-1.175001525879,0.002915986035,0.001932443988,-5.489257e-05,-0.000855139388,0.993357427132,0.156174539368,-150304899.99999997,116.685998535156,-0.25250976944,2.623070853097,54.500842845547,63.62451177821,0.469997558594
2024-09-03,117.43,0.469997558594,-0.007799854527,0.002656880419,0.002165147804,0.008069362177,1.082810494501,0.134247515845,-147025600.0,116.777998352051,0.112613622595,2.589499337333,61.163190481688,63.082025716647,-2.449996643066
2024-09-04,114.76,-2.449996643066,-0.006175045166,0.003270126006,0.000250385089,0.004200210011,0.989976794116,0.120613460618,-151704400.0,116.631999206543,-0.174845659019,2.557714189802,16.190592444833,43.951541924022,0.449999084473
2024-09-05,115.42,0.449999084473,-0.004947484588,0.00338546217,-7.7779429e-05,0.008387209506,0.948871994471,0.054398553161,-148422800.0,116.325999450684,0.268924255264,2.503428322928,20.571463444742,32.641748790421,0.740003662109
2024-09-06,116.63,0.740003662109,0.001807843301,0.002792816018,-0.000221274871,0.002234252814,0.986131260704,0.047576961807,-144829400.0,116.052000427246,0.418775451597,2.428927830287,38.666788729614,25.142948206396,-2.350001220703
2024-09-09,116.585,-2.350001220703,0.007262879243,0.003223785944,0.00059325821,0.012813830249,0.887702227995,0.048493230662,-148901800.0,115.588000488281,-0.24236206756,2.526071275984,16.938127341044,25.392126505133,-0.224999389648
2024-09-10,115.75,-0.224999389648,0.00558612515,0.002693188616,-0.000852042303,-0.010768310401,0.96008133501,0.047280598524,-144723200.0,115.398001098633,0.225559077844,2.572499411447,50.814382023131,35.473099364596,-0.629997253418
2024-09-11,113.92,-0.629997253418,-0.000260653301,0.002247892953,-0.000142939537,-0.010165957077,0.921662598544,0.042844404367,-148803600.0,115.426000976562,-0.188130493159,2.746856689453,34.662627292718,34.138378885631,2.039999084473
2024-09-12,115.98,2.039999084473,0.003190779144,0.002069457578,-0.000332412314,-0.003008682197,0.946451609153,0.042981278025,-145158600.0,115.576000976562,0.135775096971,2.893284933908,49.926777849778,45.134595721876,1.380000610352
2024-09-13,117.56,1.380000610352,0.003323103166,0.002172399151,-0.00075483979,-0.00161358811,1.043139598352,0.043406796183,-142082400.0,115.816000366211,0.230957027362,2.838642120361,70.424621396023,51.671342179506,0.19
2024-09-16,117.58,0.19,0.002038198418,0.001609712688,0.000109137611,-0.003474870752,1.112990427318,0.04042976529,-138568200.0,116.510000610352,0.008747335705,2.753641945975,76.13471979547,65.495373013757,-0.029996948242
2024-09-17,121.37,-0.029996948242,0.019736279324,0.004423673674,0.000752844506,0.012429095762,1.122169630031,0.041171434738,-141798100.0,116.748001098633,-0.093700048705,2.760784694127,73.206504304976,73.255281832156,0.750002746582
2024-09-18,123.31,0.750002746582,0.00163770835,0.002768966645,0.000960633227,0.00809352518,1.394692234439,0.056254480093,-135474500.0,118.148001098633,0.235597649194,3.113641466413,78.50700383079,75.949409310412,-0.890001831055
2024-09-19,128.86,-0.890001831055,0.045009003583,0.00642624873,0.001867192466,0.007269600563,1.542306813095,0.071101343351,-131613200.0,119.440000915527,0.028609533061,3.234355926514,75.286000434213,75.66650285666,-0.11
2024-09-20,129.82,-0.11,0.008388363736,0.002874528229,0.000947476742,-7.70238e-05,1.985198953551,0.114383715182,-123921600.0,121.718000793457,0.120043678016,3.660785130092,86.170182540826,79.987728935276,1.359992675781
2024-09-23,130.48,1.359992675781,0.002439452219,0.002221673004,-0.00048746153,-0.007756653992,2.336534068282,0.152165569237,-111445300.0,124.403999328613,0.242292699785,3.763641902379,96.030904558373,85.829029177804,-1.450001220703
2024-09-24,130.87,-1.450001220703,0.012012733988,0.002609128504,0.000151287498,0.002220860775,2.314455968643,0.170916638652,-115127900.0,126.699998474121,-0.440111538779,3.694713592529,84.948458306866,89.049848468688,0.609995727539
2024-09-25,131.22,0.609995727539,-0.001292958431,0.002422237433,0.000980788774,-0.00205338809,2.347772626892,0.1918092651,-110938800.0,128.571997070312,0.224254451601,3.754713875907,97.577312528103,92.852225131114,-0.509993286133
2024-09-26,131.545,-0.509993286133,0.015270345314,0.003141566945,-0.000716093327,-0.009972153232,2.203220101596,0.205768774529,-113249500.0,130.229998779297,-0.18137782782,3.736856188093,93.608295745207,92.044688860059,-2.295
2024-09-27,130.04,-2.295,0.007040647289,0.002811923786,-0.001435862127,-0.000921942225,1.905703398292,0.213490957544,-117075400.0,130.329998779297,-0.395792014227,3.749284471784,80.327091584864,90.504233286058,-1.79
2024-09-30,127.57,-1.79,-0.007251464368,0.002524426642,0.000104032143,0.001963556393,1.552921099123,0.216046051943,-119601100.0,129.744000244141,-0.437919587404,3.642141614641,75.51708522176,83.150824183944,-0.760002441406
2024-10-01,126.48,-0.760002441406,0.004258346549,0.002638398115,0.000613429512,-0.006831566549,1.152373477013,0.215855626933,-123409900.0,129.3,-0.101282084348,3.483856201172,68.59066431571,74.811613707444,-1.009998779297
2024-10-02,125.91,-1.009998779297,-0.001115799699,0.002568763454,-4.519081e-06,0.003826835685,0.746640507715,0.209180893591,-127305400.0,128.098001098633,-0.191461199297,3.545999254499,56.971033315118,67.026260950863,0.270000305176
2024-10-03,125.32,0.270000305176,-0.012521808743,0.002635162195,-0.000366925642,0.003764517421,0.488050829893,0.201887461,-124597700.0,127.191999816895,0.232356692257,3.514571053641,58.323637451886,61.295111694238,-0.029999084473
2024-10-04,127.73,-0.029999084473,0.024982019559,0.002600607146,0.000707350378,-0.005760099634,0.232022883446,0.194490799868,-126844700.0,126.4,0.182566005529,3.553142547607,53.143196421481,56.145955729495,2.120006103516
2024-10-07,130.33,2.120006103516,-0.005891408192,0.003245666976,-0.001816108012,0.008433921387,0.338299721471,0.184793384904,-123858100.0,126.720001220703,0.279041456587,3.731713431222,74.810600423455,62.092478098941,-0.100004272461
2024-10-08,131.64,-0.100004272461,-0.000614311861,0.002868997311,0.000835009939,0.011448328851,0.398561090419,0.178001867116,-121010300.0,127.404000854492,0.235144085618,3.399570465088,72.574941663025,66.842912835987,0.86
2024-10-09,134.225,0.86,0.006792406766,0.002776086957,7.7003508e-05,0.006184407796,0.546529772378,0.167866081719,-117705900.0,128.810000610352,0.290684440334,3.443855830601,82.212034054007,76.532525380162,1.265005493164
2024-10-10,134.0669,1.265005493164,0.000442819073,0.003286610107,-0.000753845689,-0.010941350055,0.786418080094,0.162411751527,-113974100.0,130.672001647949,0.368654618165,3.038854871477,97.78334009029,84.190105269107,-1.256902441406
2024-10-11,134.11,-1.256902441406,-0.003840030993,0.002431008454,0.001058646951,0.012303743961,0.707705070314,0.150235664358,-117034100.0,132.176000976562,-0.341351359067,3.085283006941,72.165758967401,84.053711037232,0.289993896484
2024-10-14,133.48,0.289993896484,-0.003199350412,0.002008658655,-0.000370577335,-0.003657535269,0.704313887251,0.137429109907,-114319400.0,133.085998535156,0.355063480466,3.107782091413,84.597324037027,84.848807698239,1.309993286133
2024-10-15,132.79,1.309993286133,-0.009496244848,0.002452902355,-0.000134224018,-0.00412479376,0.670124461726,0.117747253942,-112005400.0,133.997998046875,0.268605151499,3.030639103481,87.646578097549,81.469887033992,0.480004272461
2024-10-16,135.6456,0.480004272461,0.010955139253,0.005869665256,-0.001587178259,0.00679581385,0.495005213649,0.107672333136,-115508100.0,134.151998901367,-0.064207471812,3.094210488456,75.762373160545,82.668758431707,-0.495606103516
2024-10-17,135.28,-0.495606103516,0.004069575114,0.002906335075,-0.000619877193,-0.004635420499,0.456584400092,0.098322664351,-111816600.0,134.083996582031,0.079668690785,3.089281899588,83.749475352351,82.386142203482,0.740004272461
2024-10-18,135.48,0.740004272461,0.005807919874,0.00216460785,0.000121265072,-0.009721511585,0.440362435218,0.103917766617,-108002600.0,134.725997924805,0.109559842143,3.046424320766,90.047052060018,83.186300190971,0.969996948242
2024-10-21,136.62,0.969996948242,-0.00578961747,0.002156125608,0.00087261704,0.007076514816,0.409820084108,0.11039558968,-105611500.0,135.135998535156,-0.097707373156,3.003566741943,93.159557306208,88.985361572859,0.570002441406
2024-10-22,135.62,0.570002441406,-0.007872307106,0.002050914701,-0.000455160674,-0.003600029388,0.390753303741,0.116140293666,-102711000.0,135.616000366211,0.27790574919,2.887138366699,94.448280018097,92.551629794774,-0.030003662109
2024-10-23,134.9284,-0.030003662109,-0.004351326453,0.002777777778,-0.000652201971,-0.00053037037,0.229654021703,0.119100736896,-105119400.0,136.079998779297,-0.251649517094,2.88485281808,83.34484006817,90.317559130825,-3.008401831055
2024-10-24,132.27,-3.008401831055,0.012356010502,0.002657981432,0.000732122517,-0.009658580413,-0.144648875894,0.118799516976,-108564000.0,135.433999633789,-0.293688335361,3.051280975342,43.376844090971,73.723321392413,0.48
2024-10-25,134.065,0.48,0.004745799494,0.002056380267,0.000945673971,0.005135702504,-0.345452921657,0.117304679683,-105886300.0,134.779998779297,-0.183516699212,2.869138445173,43.166976140637,56.629553433259,0.515001831055
2024-10-28,136.545,0.515001831055,0.0127805112,0.003007997065,0.000235501638,0.001797505503,-0.362379747526,0.11502050591,-103334200.0,134.405999755859,0.292198589627,2.868424551828,56.50511965928,47.682979963629,-0.765001220703
2024-10-29,135.78,-0.765001220703,-0.003314162265,0.001649845064,-0.000573937603,0.001770694998,-0.302548065146,0.109797782861,-100073800.0,134.123999023438,-0.129845924195,2.756996154785,67.113001293368,55.595032364428,1.999998779297
2024-10-30,137.5,1.999998779297,-0.009507893527,0.002720304829,0.001263259265,0.007547446325,-0.145998218461,0.101163295152,-97201900.0,134.561999511719,0.40566869425,2.745996747698,91.949051162133,71.85572403826,-1.0
2024-10-31,137.165,-1.0,0.008791186434,0.003709150327,-0.000363051174,-0.003885257807,-0.14602300173,0.088925640001,-100212400.0,135.47799987793,0.014990783384,2.638854980469,70.77126060602,76.61110435384,-2.375006713867
2024-11-01,134.23,-2.375006713867,-0.006157627521,0.003014631233,0.001421969958,0.002015527023,-0.271293716368,0.06486163467,-105261500.0,135.885998535156,-0.368798897888,2.692070007324,47.631790310107,70.11736735942,2.230006713867
2024-11-04,135.895,2.230006713867,-0.001685556024,0.002484928687,0.001157311183,-0.000918982503,-0.25217593416,0.057674360143,-101553900.0,136.261999511719,0.417769533322,2.800285339355,70.230079422927,62.877710113018,0.974995117187
2024-11-05,138.8,0.974995117187,0.004968276166,0.002928535078,0.000763976586,0.009087604507,-0.223397518578,0.049893215878,-99094200.0,136.479998779297,0.160051899788,2.772429330008,75.777960845477,64.546610192837,-0.979992675781
2024-11-06,142.51,-0.979992675781,0.030184212612,0.004426679814,4.6104153e-05,0.00373292013,-0.155100391563,0.049659865454,-94105000.0,136.488000488281,0.049313044862,2.76350075858,68.2292635172,71.412434595201,-1.599996337891
2024-11-07,144.485,-1.599996337891,0.006032154018,0.004591704289,5.7164911e-05,0.019222629797,0.071308342926,0.061795537796,-88994100.0,137.370001220703,-0.138567924253,3.019929068429,82.534293097733,75.51383915347,2.884995117187
2024-11-08,134.3,2.884995117187,-0.086177630244,0.008824608302,0.001897846675,-0.002747456746,0.599852339181,0.096093109539,-77005200.0,139.886001586914,0.427724761436,3.448500497001,92.688516808326,81.150691141086,0.310000610352
2024-11-11,135.73,0.310000610352,0.01032612275,0.004464558824,-0.001265125493,-0.001985294118,0.062119927001,0.095905332636,-96194200.0,139.516000366211,0.012326150495,4.287786211286,19.228539301047,64.817116402369,1.669993896484
2024-11-12,134.72,1.669993896484,-0.012736536228,0.003896358543,0.00027095374,-0.006929087424,-0.12352274971,0.095443022518,-89659100.0,139.62200012207,0.187967837745,4.480072021484,35.290681329006,49.069245812793,-1.520003051758
2024-11-13,134.19,-1.520003051758,0.004729766496,0.00295501756,-0.001065663954,0.002689979825,-0.524554019002,0.095552347003,-96562600.0,138.697998046875,-0.398476136987,4.432928902762,9.069456263434,21.196225631162,-1.430005493164
2024-11-14,135.165,-1.430005493164,0.00911424197,0.005283944167,-0.000874712328,0.008919907442,-0.798414333435,0.098362290539,-101485200.0,137.06799621582,-0.126519264606,4.555001395089,8.255822871038,17.538653487826,-0.605002441406
2024-11-15,134.19,-0.605002441406,-0.002675391029,0.002146050671,-3.5940284e-05,-7.4515648e-05,-0.833438481577,0.099092864087,-96707600.0,134.505996704102,0.097087373963,4.652859279088,18.655051336104,11.993443490192,-1.69
2024-11-18,132.855,-1.69,0.000452811763,0.003461451418,-0.000725317498,0.002225407363,-0.961365370393,0.102251899517,-101506300.0,134.083996582031,-0.251823633247,4.690716334752,6.866718497428,11.25919756819,-0.664997558594
2024-11-19,131.14,-0.664997558594,-0.007867527995,0.003414016775,0.000191549571,-7.624857e-05,-1.026943700513,0.10519285434,-106017900.0,133.041998291016,-0.091856300302,4.60243007115,5.07792723475,10.199899022761,0.300002441406
2024-11-20,133.38,0.300002441406,-0.009281810697,0.00471886039,0.002423914837,0.02426662571,-1.07574475297,0.109247035196,-111190300.0,132.689999389648,0.077330089258,4.6002873012,8.36444841112,6.769698047766,1.87
2024-11-21,133.505,1.87,-0.007911329569,0.003129229393,0.000680827242,-0.00503055597,-0.81801166991,0.106134024642,-105652900.0,133.188000488281,0.506478435601,4.697430201939,28.662779211081,14.035051618984,-0.245005493164
2024-11-22,135.79,-0.245005493164,0.000300229225,0.004432483121,0.001132461518,0.018679669917,-0.749937954195,0.105501412672,-109714000.0,132.92799987793,-0.185200467644,4.66850062779,18.060727852053,18.362651824751,1.549996337891
2024-11-25,140.3001,1.549996337891,0.004878390759,0.002904334612,-0.000306627044,0.015269556408,-0.415224645201,0.105501062726,-103412900.0,133.895999145508,0.297936185421,5.054214477539,39.797546723338,28.840351262157,0.629892675781
2024-11-26,141.17,0.629892675781,-0.001064314938,0.002829716312,0.00084159456,0.001205673759,0.038742345573,0.110261931195,-95482400.0,135.643997192383,0.460761035071,5.029929024833,58.923788175326,38.927354250239,-1.500001831055
2024-11-27,140.04,-1.500001831055,0.0,0.002310947233,-0.000306461323,0.002649101453,0.234054147068,0.11209795699,-98710600.0,137.289996337891,-0.206752526522,4.847073146275,52.210979331604,50.310771410089,-1.760001220703
2024-11-29,138.805,-1.760001220703,0.001807925963,0.001929040641,0.00025396744,0.001985129575,0.248177254884,0.112780497444,-101367600.0,137.89599609375,-0.244706302719,4.489931379046,70.791247515131,60.642005007354,-2.694999389648
2024-12-02,136.275,-2.694999389648,-0.000734744714,0.002659955915,-0.00074813919,0.001285819251,0.097651097021,0.112214459464,-104031800.0,138.465997314453,-0.313710650369,3.710431780134,52.525277171111,58.509168005949,1.215005493164
2024-12-03,135.7199,1.215005493164,-0.003782124167,0.00253887145,0.000198565945,-0.00927147967,0.07814713385,0.11238058054,-100423100.0,138.495999145508,0.394382660674,3.521860395159,64.141475113023,62.485999933089,1.740106713867
2024-12-04,135.185,1.740106713867,-0.006620133986,0.003782936653,0.001092845187,-0.009996338338,0.051626521153,0.112510931858,-105104100.0,137.802001953125,0.092721968434,3.430717468262,63.888960239585,60.185237507906,3.885007324219
2024-12-05,139.275,3.885007324219,-0.0016539223,0.002730913281,3.5901486e-05,0.003133102852,0.126641525234,0.113401833738,-101210700.0,137.68200378418,0.308484380061,3.46650150844,77.441148358171,68.490527903593,-2.954992675781
2024-12-06,138.34,-2.954992675781,0.010489969182,0.002632522686,-0.000568586458,0.004283121597,-0.01716901848,0.109607015526,-107385600.0,137.290005493164,-0.240862800407,3.535787309919,54.293009726115,65.207706107957,-1.420001831055
2024-12-09,138.32,-1.420001831055,0.000584296174,0.003379401215,-0.000365229485,0.012517385257,-0.076768668672,0.079622202431,-103089800.0,137.452005004883,-0.172035864771,3.485072544643,59.343435635822,63.692531240036,-1.049995727539
2024-12-10,136.985,-1.049995727539,-0.000582806357,0.002441373291,-0.000218713332,-0.003600523713,-0.096240720943,0.079598377861,-99441100.0,137.408004760742,0.065392534174,3.521501813616,62.289613747184,58.64201970304,1.315003051758
2024-12-11,139.695,1.315003051758,0.00274757495,0.003190760167,-0.000600226505,0.003700244288,-0.045925919031,0.080522171246,-94663300.0,137.57600402832,0.181546783159,3.589358738491,70.078080535986,63.903709972998,-0.855003662109
2024-12-12,134.66,-0.855003662109,-0.00532980592,0.004370601014,-0.000415414764,-0.02490948588,0.014326014658,0.079918486574,-90567200.0,137.530001831055,0.037687445382,3.432215009417,68.266038780172,66.877911021114,2.810001220703
2024-12-13,135.01,2.810001220703,-0.00596499103,0.003155945847,-0.000189505596,-0.012001463593,-0.044275805599,0.076232730852,-94821300.0,137.760000610352,-0.049926938881,3.577216012137,49.349108573575,62.564409296578,-4.060003051758
2024-12-16,130.015,-4.060003051758,0.002061888345,0.003702789209,0.00152695211,-0.009183051364,-0.502861491409,0.083862732419,-100109800.0,136.566000366211,-0.430681314661,3.521501813616,1.818154074764,39.81110047617,2.184996948242
2024-12-17,131.79,2.184996948242,0.0,0.003593040847,-0.001136153623,-0.003101361573,-0.691099852166,0.084516938952,-95973500.0,135.551998901367,0.134765505711,3.553644452776,24.08583734524,25.084366664526,0.450005493164
2024-12-18,132.09,0.450005493164,-0.001625919448,0.001719296916,-0.000301165991,0.000757633154,-0.775665652702,0.084404776098,-92847700.0,134.339999389648,0.018104312723,3.493643624442,27.313219071047,17.739070163683,-4.549999084473
2024-12-19,130.355,-4.549999084473,0.012466708138,0.004902036707,0.00109874725,0.009486563928,-1.091547086984,0.097660819804,-97084400.0,132.080000305176,-0.320660286026,3.761500222342,2.357395609119,17.918817341802,-1.004993896484
2024-12-20,130.89,-1.004993896484,-0.005566302178,0.004813151751,0.000483326165,0.01859922179,-1.117912181134,0.107564855636,-92340400.0,130.456001281738,0.046954095944,3.750285557338,16.121692018428,15.264102232865,3.320006713867
2024-12-23,134.12,3.320006713867,0.004470537327,0.003853497515,-0.000713076009,-0.005118314665,-0.76424040985,0.106661964806,-76868700.0,131.108003234863,0.400861042398,4.148143223354,53.079867273523,23.852984967024,0.400004272461
2024-12-24,133.9945,0.400004272461,-0.001412447483,0.001486763831,0.000765878727,-0.003610202261,-0.479537659158,0.106648980406,-72140400.0,131.572004699707,-0.030499772547,4.175000871931,55.437262882642,41.546274058198,0.995505493164
2024-12-26,134.342,0.995505493164,-0.005555966883,0.001461726924,-0.000741013072,0.000759833135,-0.241683919817,0.100706939732,-70463300.0,132.122004699707,0.155618815554,4.027859279088,59.011416237244,55.842848797803,0.978007324219
2024-12-27,133.9,0.978007324219,-0.012784591285,0.001949951445,-0.000485626636,0.000224098006,-0.054046506668,0.096518663974,-68396300.0,133.678005981445,0.273511197118,3.825001307896,62.519375658098,58.989351592661,-0.515005493164
2024-12-30,130.3645,-0.515005493164,-0.015556449628,0.002326707791,-0.001021098057,-0.007200517859,-0.052144737633,0.095012662962,-71046400.0,134.485003662109,-0.035032290951,3.869287763323,47.56563846311,56.365476786151,1.445497558594
2024-12-31,132.15,1.445497558594,0.004931410115,0.002356333988,-0.000191715035,-0.002340329156,-0.143663945796,0.097093146296,-73505200.0,134.005001831055,0.101049485103,3.951786586217,35.394096117062,48.49303674609,-0.739996337891
2025-01-02,132.17,-0.739996337891,0.003500429513,0.003418366573,-0.000183306031,0.002274967771,-0.213626635546,0.097837076213,-75817500.0,133.383001708984,-0.26613318242,3.855357578823,32.302951937605,38.420895505926,-0.690004272461
2025-01-03,132.7,-0.690004272461,0.003802859874,0.002938399758,0.001473857076,0.005455372026,-0.235930252939,0.097652781789,-73211700.0,132.680999755859,-0.036520252002,3.916786193848,35.804476721551,34.500508258739,3.010006713867
2025-01-06,137.41,3.010006713867,0.009505513391,0.00263814877,0.000754181635,0.00306591722,0.03882752713,0.092314497844,-69604800.0,132.758999633789,0.438231836086,3.929642813546,86.627936421396,51.578455026851,-2.210003051758
2025-01-07,134.195,-2.210003051758,0.001109535197,0.003849279645,-0.001226051865,-0.008533431843,0.18278883262,0.091336571885,-73779300.0,133.12200012207,-0.242664173685,3.701071602958,73.320989666552,65.251134269833,-2.905006713867
2025-01-08,130.55,-2.905006713867,-0.000685477512,0.003400609756,-0.001308679598,-0.004954268293,0.019826472083,0.090684376517,-78069800.0,133.017999267578,-0.318212168924,3.832857404436,37.350403891134,65.766443326361,0.250003051758
2025-01-10,130.98,0.250003051758,0.00382262988,0.005700685453,-0.000727245961,-0.002437166794,-0.108754861356,0.089125875499,-81274500.0,132.895999145508,-0.124868444792,3.818571908133,32.842675183485,47.838022913724,-1.349995117187
2025-01-13,128.96,-1.349995117187,-0.00806139111,0.003316303589,0.000684835925,-0.000232576169,-0.252195030546,0.085489652014,-85599900.0,132.526000976562,-0.180077563082,3.659285954067,16.879301358607,29.024126811075,-0.109993896484
2025-01-14,130.26,-0.109993896484,0.007528142606,0.002904175012,0.000899157212,0.003389308273,-0.371965406002,0.078954723573,-89110500.0,131.154000854492,0.072671724985,3.552643912179,7.657108038384,19.126361526825,-2.660001525879
2025-01-15,132.32,-2.660001525879,0.020297836977,0.00447964357,0.001137939444,0.016438777078,-0.499768534699,0.077025368784,-93109400.0,129.634001159668,-0.267043585944,3.299072265625,3.934126193783,9.490178530258,0.200004272461
2025-01-16,130.995,0.200004272461,-0.003923968123,0.003356060606,0.000876075054,-0.007613636364,-0.231011870052,0.076754008155,-89376500.0,129.880003356934,0.400914964488,3.454786573138,48.947870258216,20.179701496794,1.165003662109
2025-01-17,134.005,1.165003662109,0.015208795786,0.003105636432,0.00012060706,0.000410600971,-0.0642190292,0.076750682086,-92281300.0,130.152003479004,0.037401442594,3.518356868199,45.654179965641,32.845392139213,1.114995117188
2025-01-21,134.82,1.114995117188,0.002590335377,0.003090499742,0.000164015919,-0.004798110283,0.241941811602,0.079525363878,-88530100.0,131.250001525879,0.172958112986,3.620499202183,72.73550938943,55.779186537762,-1.749992675781
2025-01-22,134.32,-1.749992675781,-0.000526093938,0.003156090226,-0.000235114452,0.00992481203,0.299129751869,0.072438335302,-93926900.0,132.09400177002,-0.256194329256,3.70906993321,53.979916483616,57.456535279562,-1.82
2025-01-23,132.62,-1.82,-0.000754763045,0.002689199396,-9.4245377e-05,0.00166163142,0.29103553396,0.068988949646,-98955400.0,133.074002075195,-0.08394708331,3.646571023124,48.76484868514,58.493424852729,0.620005493164
2025-01-24,129.375,0.620005493164,-0.004728346269,0.006267174421,0.0017894224,-0.024394842018,0.325386665034,0.0682208799,-94987600.0,133.218002319336,0.232202187361,3.642642974854,55.535250843366,52.760005337374,-2.285003662109
2025-01-27,126.89,-2.285003662109,-0.009048657877,0.00462307448,-0.001019009422,0.007543274575,-0.055905285067,0.076047921704,-101954500.0,132.204000854492,-0.436395036216,3.835500989641,3.251273799661,35.850457776056,2.070006713867
2025-01-28,127.335,2.070006713867,-0.002248825448,0.003942571785,0.001178730999,-0.006437265918,-0.165779982316,0.076348134604,-97147500.0,130.972003173828,0.454781246493,3.731214795794,26.645309269836,28.477277970954,3.715003051758
2025-01-29,132.765,3.715003051758,0.002823312542,0.004033860904,0.000623798666,0.010234363111,-0.085358954238,0.072475331847,-91217600.0,130.568002319336,0.278363517337,3.805500030518,48.629246396612,26.175276488703,-0.184998168945
2025-01-30,133.51,-0.184998168945,0.007391731136,0.003104522312,-0.00204818193,-0.000374363582,0.074576759043,0.071760114618,-87590100.0,130.584002685547,0.195462017055,3.605857304164,69.400024407122,48.224860024524,-1.720006713867
2025-01-31,134.0,-1.720006713867,0.00371807814,0.002782595535,0.001087442441,0.013999243284,0.127739219191,0.071757989865,-90030600.0,130.294000244141,-0.237991575027,3.748071398054,61.499938958694,59.843069920809,-2.830001831055
2025-02-03,128.76,-2.830001831055,-0.015094882635,0.003212942178,0.001501645781,-0.003328430993,0.121750125066,0.071814365811,-93077300.0,131.110000610352,-0.128251770382,3.721642085484,55.299987787439,62.066650384418,1.019998779297
2025-02-04,130.24,1.019998779297,-0.001541046002,0.002310757587,-6.6756907e-05,0.005791953047,0.029582573928,0.072910612355,-95822300.0,131.273999023438,0.099008428034,3.836498260498,41.399993892344,52.733306879492,0.500005493164
2025-02-05,129.34,0.500005493164,-0.003594930404,0.002975282106,-0.000197881046,-0.007139018961,0.038136085633,0.066635613692,-93135100.0,131.211999511719,0.249881074107,3.727926526751,51.000061030056,49.233347569946,0.260006103516
2025-02-06,132.15,0.260006103516,0.004320968613,0.003189612784,0.000542132568,0.01528887523,-0.024733184364,0.061269361337,-96135800.0,130.616000366211,-0.140911877422,3.520069667271,39.600067134712,44.000040685704,0.420007324219
2025-02-07,138.99,0.420007324219,0.016066904325,0.005677701252,0.000792454237,0.029326816263,0.13327384995,0.062176319381,-92431400.0,130.772003173828,0.407846739366,3.55292728969,69.300079338773,53.300069167847,-4.010004272461
2025-02-10,134.88,-4.010004272461,0.009779281123,0.005241966251,-0.000799893466,-0.010418195158,0.385396415112,0.067576009796,-86498200.0,131.534002685547,0.04574829888,3.800784519741,67.388137993594,58.762761489026,0.360005493164
2025-02-11,135.68,0.360005493164,-0.002440119918,0.003591653695,0.000984650777,0.00570750871,0.545207079906,0.071537720971,-81738100.0,132.62600402832,-0.15379396891,3.715070452009,69.264110245804,68.65077585939,-1.159995727539
2025-02-12,135.15,-1.159995727539,-0.010779043281,0.003483655219,0.001190435058,0.01563087097,0.574996245923,0.071432940116,-85781100.0,133.38200378418,-0.082248924095,3.679356166295,64.069296472755,66.907181570718,5.370004272461
2025-02-13,139.5,5.370004272461,-0.006262488301,0.005438985964,0.000330596713,-0.001002578058,0.949273104138,0.086243303775,-79633900.0,135.566003417969,0.472849292839,4.146856035505,95.629866430397,76.321091049652,1.539993286133
2025-02-14,158.6,1.539993286133,0.121561295296,0.012274425514,0.001466675098,0.002623510447,1.167962878351,0.103574332663,-66888600.0,137.260000610352,0.231397703463,3.908284868513,94.478472468009,84.725878457054,2.819998168945
2025-02-18,158.81,2.819998168945,-0.002354137574,0.006015274759,0.001617984213,-0.013908723999,2.542427395699,0.215544511117,-45239300.0,142.548001098633,0.252754039597,5.29899924142,93.229039533275,94.44579281056,1.790006103516
2025-02-19,157.26,1.790006103516,-0.0037360279,0.0052316875,-0.000888495134,-0.017125,3.210528445277,0.275003146039,-53383800.0,147.620001220703,-0.034793772148,5.295142037528,90.855451909578,92.854321303621,0.719995727539
2025-02-20,155.705,0.719995727539,-0.010507586076,0.004139201638,-0.001218442299,-0.003934237462,3.27868118963,0.308282397015,-60289900.0,152.311999511719,-0.195696565359,5.454427446638,83.660584797239,89.248358746698,-0.395002441406
2025-02-21,151.025,-0.395002441406,-0.004796826533,0.005220402615,-0.000108956841,-0.022428636158,2.956562397916,0.326368189571,-65389600.0,155.269998168945,-0.078646628385,5.596498761858,76.328445126383,83.614827277734,-4.954992675781
2025-02-24,145.99,-4.954992675781,0.006366759972,0.003052993197,-9.7853291e-05,-0.006870748299,1.980694818877,0.327142880012,-72746000.0,156.276000976562,-0.451674814273,6.002213614328,50.954308266004,70.314446063209,-1.169992675781
2025-02-25,143.56,-1.169992675781,-0.000241704601,0.003427427151,0.001168694986,-0.008700455738,1.151614862736,0.317573889314,-77224900.0,152.956002807617,-0.330677700341,5.968999590193,46.664826922315,57.982526771567,-2.009996948242
2025-02-26,142.83,-2.009996948242,0.011374076833,0.002706971221,-0.000657685208,-0.00230511316,0.326463569381,0.308201490783,-83414100.0,149.146002197266,-0.322996410425,6.136857169015,37.53838121245,45.052505466923,1.199998779297
2025-02-27,144.285,1.199998779297,0.004165841204,0.00316680475,-0.001602086649,-0.003831814416,-0.086762029517,0.301431895315,-80504700.0,146.356002807617,0.15958558381,6.204000200544,41.089417951396,41.764208695387,-4.835003051758
2025-02-28,138.98,-4.835003051758,0.000358573344,0.003989247312,0.000206691151,-0.003727598566,-0.67049341727,0.295858477565,-84916500.0,143.184002685547,-0.366253059488,6.421857561384,21.387295415649,33.338364859832,-0.110004882812
2025-03-03,143.17,-0.110004882812,0.010585448782,0.004560495938,0.001375487187,0.020165312812,-1.073695520919,0.288995929163,-91169600.0,141.744000244141,-0.113315408854,6.110430036272,19.524733301313,27.333815556119,-2.190004272461
2025-03-04,139.835,-2.190004272461,-0.00698681118,0.005951856356,-0.000367955523,0.000321911439,-1.16849200544,0.279796575386,-84480700.0,140.975997924805,0.083190410463,6.301859174456,26.300586389433,22.404205035465,1.584998168945
2025-03-05,140.93,1.584998168945,0.003181989493,0.003026080214,0.001551883074,-0.006625784169,-1.168928586419,0.266820220569,-79681200.0,140.949996948242,0.150828499973,6.534000941685,27.713567924488,24.512962538411,1.650001831055
2025-03-06,138.085,1.650001831055,-0.015815716467,0.004888651345,-0.000104779548,-0.015962943168,-1.061586301066,0.254074000951,-75799600.0,140.659997558594,0.111717628975,6.188999720982,18.944594482712,24.319582932211,-3.314995727539
2025-03-07,133.24,-3.314995727539,-0.000445184809,0.003879332096,-0.000528398222,-0.01120593692,-1.462342322724,0.244160070031,-81723900.0,139.723999023438,-0.464798644652,6.531142098563,0.545715229891,15.73462587903,1.149999389648
2025-03-10,134.845,1.149999389648,0.001339444418,0.006762360092,0.000387097764,-0.000481802683,-1.683058478136,0.240936427296,-87340500.0,138.82799987793,-0.020476635102,5.210428510393,12.482155995885,10.657488569496,-2.695006103516
2025-03-11,128.475,-2.695006103516,-0.016420720917,0.007830897061,0.001861274603,-0.011578704416,-1.894223690688,0.245882285186,-94833500.0,137.061999511719,-0.189084594844,5.298571995326,6.543613249938,6.523828158571,-3.034997558594
2025-03-12,126.18,-3.034997558594,0.012436204785,0.005014911317,0.000476554465,-0.009731596296,-2.369279670346,0.266871484045,-104151900.0,133.866000366211,-0.292943080735,5.517143249512,5.11014783308,8.045305692967,0.370003051758
2025-03-13,124.24,0.370003051758,-0.01232718412,0.004712296984,-0.000256807825,-0.006000480038,-2.480380358651,0.282238635993,-99317800.0,130.660000610352,-0.041373440827,5.405644008092,9.728054430593,7.12727183787,-4.860002746582
2025-03-14,123.34,-4.860002746582,0.020941531727,0.00481296615,0.001066353996,0.010900745841,-2.880294216489,0.319755409769,-106987500.0,127.581999206543,-0.36713555319,5.251358577183,0.82376676134,5.220656341671,-0.479999389648
2025-03-17,126.527,-0.479999389648,0.00846492683,0.004237857028,0.000772265221,0.020873003066,-2.754042951424,0.342898232172,-102569300.0,125.275999450684,0.181860280312,5.385644095285,13.978895841568,8.176905677834,0.413002441406
2025-03-18,125.845,0.413002441406,-0.007405092353,0.003525634921,0.000840214287,-0.00123015873,-2.260052358888,0.326989223447,-97303100.0,124.234001159668,0.374387358343,5.412786211286,29.351924063711,14.71819555554,-1.285002441406
2025-03-19,125.34,-1.285002441406,0.004335267551,0.00300951239,-0.00012046578,0.001918465228,-1.968577103566,0.307633670109,-101221100.0,124.058000183105,-0.222204730849,5.438500540597,20.384309894073,21.238376599784,0.66
2025-03-20,125.42,0.66,-0.010317484538,0.003559532389,-0.00054050661,0.004243734486,-1.571043424141,0.282655343171,-96868000.0,123.947999572754,0.16377335986,5.175643375942,26.75780813338,25.498014030388,0.730001525879
2025-03-21,124.04,0.730001525879,-0.011850992695,0.004501865148,0.00116986101,-0.004933616782,-1.206617870548,0.255096685656,-93607400.0,125.302000427246,0.226126529254,5.235642569406,27.343751628746,24.828623218733,4.760003051758
2025-03-24,129.63,4.760003051758,0.01121888223,0.003562516795,0.000590721345,-0.004721870321,-0.719753352775,0.243897549408,-84903200.0,126.490000915527,0.371417679049,5.240642002651,40.074766815404,31.392108859177,0.190007324219
2025-03-25,129.81,0.190007324219,-0.002079835597,0.002744114242,0.000831690287,0.002006947125,-0.284050860079,0.231324760026,-81197000.0,127.06600189209,-0.096858346386,4.999214172363,45.135404047932,37.517974164028,0.070004882812
2025-03-26,130.95,0.070004882812,0.000692919114,0.002679387551,0.000648675566,0.007540201585,0.03612604548,0.223222094135,-76834100.0,128.130003356934,0.083169156581,4.901357378278,50.672990205678,45.294387023005,-2.310000610352
2025-03-27,124.34,-2.310000610352,-0.020405783679,0.005758320127,0.000361470488,-0.014738510301,0.184064052385,0.207143345002,-80336200.0,128.658003234863,-0.198867823286,4.557071685791,56.521723321813,50.776705858474,1.310001525879
2025-03-28,124.45,1.310001525879,-0.000875452519,0.003933031098,-9.3346047e-05,-0.010180545614,0.104190955657,0.201851972791,-85240700.0,128.558003234863,-0.035298900325,4.614928109305,38.713517839071,48.636077122187,-3.759997558594
2025-03-31,118.39,-3.759997558594,-0.015577138494,0.00470423365,-5.2940858e-05,-0.003535055972,-0.240240995565,0.203526420868,-89237800.0,126.936003112793,-0.409835769038,4.612784794399,12.995789989008,36.077010383297,1.069999084473
2025-04-01,119.87,1.069999084473,0.001757902947,0.003547254951,0.001171521854,0.001671262639,-0.493850448191,0.197717892105,-96327800.0,124.864001464844,0.093984727835,4.367070879255,24.673621764674,25.460976530918,1.310000305176
2025-04-02,120.805,1.310000305176,-0.014028692391,0.003878389689,-0.000149367198,0.011089722129,-0.487851506182,0.179873432473,-92411400.0,123.124000549316,0.227324244095,4.33857018607,35.900784002621,24.523398585434,1.995003051758
2025-04-03,115.92,1.995003051758,-0.050325734134,0.005797530229,-0.001532869272,-0.005917159763,-0.324719283058,0.143399614404,-87226600.0,121.956001281738,0.323705520522,4.20356968471,46.475214673292,35.683206813529,-1.949998779297
2025-04-04,108.03,-1.949998779297,-0.041326656436,0.006684839092,-0.000555675502,-0.015133558209,-0.737805402306,0.155133672786,-95177200.0,119.620001220703,-0.222680105214,4.62714113508,11.302075592418,31.22602475611,-1.369996337891
2025-04-07,102.15,-1.369996337891,-0.034220901937,0.008019594529,0.002791530125,-0.009118246193,-1.39171462897,0.192159720558,-105437100.0,116.814001464844,-0.201797559086,4.919998168945,7.346785503346,21.708025256352,4.150003051758
2025-04-08,112.0,4.150003051758,0.041768529488,0.008576756366,0.000818142023,0.011378002528,-1.715583543716,0.222079238049,-115412700.0,114.182002258301,0.201020163637,5.426427023751,20.629836862205,13.092899319323,-6.309997558594
2025-04-09,107.08,-6.309997558594,0.000378473977,0.007078924955,0.003959112949,0.013343427652,-1.827656095248,0.254574626972,-123074200.0,111.084002685547,-0.244555130042,5.844998495919,18.669680832338,15.54876773263,14.239999694824
2025-04-10,116.16,14.239999694824,-0.030580276078,0.007067940552,-0.002957651965,-0.013503184713,-0.760539439145,0.25221432247,-110233500.0,110.78800201416,0.509145625547,6.880355834961,68.894603304854,36.064706999799,-2.249996337891
2025-04-11,114.14,-2.249996337891,-0.000351162446,0.006623969117,0.000516141506,0.001403755045,-0.4788949735,0.258386165563,-117163100.0,110.776002502441,-0.182147267722,7.259641919817,45.083564170898,44.21594943603,0.400000915527
2025-04-14,115.5,0.400000915527,0.024096404,0.005139130435,-0.002319232036,-0.015345268542,-0.190148440847,0.26324919394,-112345800.0,112.352001953125,0.104001974931,7.388928004674,47.107976760216,53.695381411989,-2.279998779297
2025-04-15,114.5125,-2.279998779297,0.008876499228,0.005476034143,-4.0701323e-05,0.002516962136,-0.036097903485,0.265435996699,-116683800.0,113.736001586914,-0.330052119987,7.64107131958,42.866332871136,45.019291267416,0.127499389648
2025-04-16,114.84,0.127499389648,-0.00924631511,0.004463577909,-0.000383490983,0.011538800317,0.200394746753,0.266788268673,-111501400.0,115.526000976562,0.104300612418,7.593928200858,54.244772628863,48.073027420072,-2.200000610352
2025-04-17,112.46,-2.200000610352,0.009854408881,0.003054945055,0.000167990158,-0.011340659341,0.257450147097,0.267729227965,-116527700.0,113.790000915527,-0.082022028975,7.549642835345,49.727203096916,48.946102865638,0.239996948242
2025-04-21,112.93,0.239996948242,-0.01224487392,0.005140495868,0.000350614342,0.014462809917,0.329924267815,0.266333730559,-112073100.0,113.547999572754,-0.235833655662,7.294642857143,51.881829904078,51.951268543286,-1.319999389648
2025-04-22,113.41,-1.319999389648,0.008780536889,0.004333569845,0.001785848237,0.005853658537,0.334121442566,0.258252562278,-117768100.0,112.961999511719,0.056338713621,7.194642748152,47.470674994196,49.693235998397,1.500003662109
2025-04-23,122.12,1.500003662109,0.041684737042,0.006555221387,0.001766380238,0.020217209691,0.574701902349,0.239645944276,-112940900.0,113.3,0.325651427038,7.240357535226,60.825604876399,53.392703258224,-3.840001220703
2025-04-24,118.98,-3.840001220703,0.004903634064,0.003248022884,0.000669998101,0.001009591116,0.953988068658,0.215865171356,-107757500.0,114.02799987793,-0.103112950338,7.376071929932,78.582108928688,62.292796266428,2.729999084473
2025-04-25,121.98,2.729999084473,-0.002300540477,0.002519970353,-0.001911832239,0.004529358478,1.401984536196,0.196621350187,-104067200.0,115.841999816895,0.382304375968,6.868214743478,93.230839105567,77.546184303552,0.53000213623
2025-04-28,123.195,0.53000213623,0.0,0.004375234675,-0.001751284536,0.005591380295,1.698526887388,0.188059270825,-101162200.0,117.804000854492,0.248162753116,6.369643075126,96.647465287261,89.486804440505,0.105003051758
2025-04-29,123.97,0.105003051758,-0.000162240649,0.003421317326,0.000269468415,0.005597014925,1.880085893225,0.19345131777,-95553400.0,120.142001342773,0.139254678282,5.804642813546,90.844401620303,93.57423533771,1.51999786377
2025-04-30,119.4825,1.51999786377,-0.035341442618,0.006912312585,-2.7685296e-05,-0.01298996324,2.065117186472,0.205766947459,-89028000.0,122.258000183105,0.40173577803,5.37678527832,97.572815349458,95.02156075234,2.437498168945
2025-05-01,123.74,2.437498168945,0.0,0.00586647541,0.00192079893,0.014262295082,1.87032898323,0.206974220859,-96562200.0,122.986000061035,0.120200408154,4.629284994943,74.876540356296,87.764585775352,0.27000213623
2025-05-02,120.69,0.27000213623,-0.023465878655,0.009486457473,0.000405052559,-0.003385631709,1.804633750236,0.209583940521,-87130400.0,123.446000671387,0.341438492007,4.05214200701,87.777801843156,86.742385849637,4.57000213623
2025-05-05,125.31,4.57000213623,-0.015208356593,0.005253131207,-0.001387745097,0.015848567144,1.765575126569,0.219578012968,-75828800.0,123.996000671387,0.349336198465,4.236855643136,92.248087754846,84.967476651433,-0.420000610352
2025-05-06,123.165,-0.420000610352,-0.01397231768,0.00333357682,0.00034858085,-0.000365230095,1.637850437668,0.21159300673,-82590200.0,124.313999938965,0.166263485717,4.204712459019,84.831473913199,88.285787837067,-1.495001831055
2025-05-07,121.53,-1.495001831055,-0.00275334174,0.004525404871,4.1143798e-05,0.001607120781,1.27563387912,0.192547622208,-87819500.0,123.55,-0.239665430509,4.263998304095,66.741574763693,81.273712143913,1.590002746582
2025-05-08,123.89,1.590002746582,0.012223824073,0.003981059698,-0.000248077921,-0.009909693918,1.080551782493,0.16659213751,-84395900.0,123.790000915527,0.288621595408,4.167569296701,74.887669990962,75.486906222618,2.499999389648
2025-05-09,125.04,2.499999389648,-0.011314188718,0.002843229834,-0.000625935534,0.000640204866,1.114137700226,0.174415441815,-80576000.0,124.266000366211,0.235938613432,4.336854662214,93.049337896632,78.226194217096,2.000000915527
2025-05-12,133.98,2.000000915527,0.048173824799,0.005160542891,0.00059901512,0.004649070186,1.119546357241,0.177014088029,-74430800.0,124.62200012207,0.280098825958,4.359711783273,96.213115799556,88.05004122905,0.230006713867
2025-05-13,135.11,0.230006713867,0.003054827381,0.003879289853,0.000511104111,0.003639875204,1.520550290523,0.199082270298,-67232500.0,126.486001586914,0.203823162837,4.618283408029,96.469943639012,95.244132445067,2.940003051758
2025-05-14,139.2,2.940003051758,0.002173147737,0.003240081089,-0.00082046852,0.007819287576,1.932505324262,0.223916032225,-60341800.0,129.762002563477,0.376100095512,4.430426461356,97.661978777126,96.781679405231,-1.750003051758
2025-05-15,137.0497,-1.750003051758,-0.002691852495,0.002531660344,-0.000194526606,-0.000221038809,2.041973778321,0.239663749014,-66490500.0,132.628001403809,-0.154586382956,4.347926548549,89.052057077852,94.39465983133,-0.259706713867
2025-05-16,136.7,-0.259706713867,0.005556033357,0.0029043257,-0.000364446501,-0.006179571065,1.947628011813,0.241464308233,-69953800.0,134.708000183105,-0.048596125246,4.365783691406,86.022433248929,90.912156367969,1.3
2025-05-19,135.835,1.3,-0.019492771315,0.002756559013,1.265522e-05,0.003879979307,1.845381856677,0.23989092655,-66263600.0,136.9,0.108562091888,4.30292565482,91.576743601955,88.883744642912,0.765006103516
2025-05-20,132.4452,0.765006103516,-0.020827240802,0.00395043176,-0.000258296725,-0.00979253112,1.57277366336,0.224268445574,-71168300.0,137.37799987793,0.28420842269,4.31292615618,85.150332488446,87.583169779777,-0.315195117187
2025-05-21,129.97,-0.315195117187,-0.010974132698,0.002737526783,0.000198508275,-0.005433119069,1.008171052278,0.206279839804,-77776200.0,136.194000244141,-0.240967582531,4.153641292027,60.8903088361,79.2057949755,-2.450003356934
2025-05-22,126.48,-2.450003356934,-0.005724558867,0.003043221074,0.000191078566,-0.002444987775,0.278916652214,0.193053279176,-84463600.0,134.208000183105,-0.398634893236,4.295070103237,37.490444377998,61.177028567515,1.170001525879
2025-05-23,126.665,1.170001525879,-0.020054877849,0.002885922136,0.000326597769,0.012590934527,-0.213448722185,0.186438801755,-78011800.0,132.380001831055,0.189349923629,4.006712777274,37.271540416781,45.217431210293,0.055001220703
