Date,Price_0939,Prev_Delta_Close,Gap,atr10m_pct,vwap_gap,ret939_pct,MACD_Hist,Bollinger_Width,OBV,MA5,Composite_HL,ATR_14,Stoch_K,Stoch_D,Delta_Close
2016-02-02,38.28,1.300000762939,-0.011703530663,0.002247894737,0.002007076714,0.007368421053,-0.223765291021,0.154495995146,-37824800.0,38.72799987793,0.481849166538,1.449999400548,43.058020278046,29.201687331768,-0.399998931885
2016-02-03,38.0902,-0.399998931885,0.009239663787,0.002939378103,-0.000212161792,-0.004698197021,-0.213663998727,0.153163454467,-47457200.0,38.27200012207,-0.053921876765,1.452142170497,33.040448532976,36.203876951631,-0.070199542236
2016-02-04,37.68,-0.070199542236,-0.006312511194,0.002247220752,-0.000279672292,-0.002646903123,-0.178958726122,0.146365944535,-40543200.0,37.781999969482,-0.062924445524,1.436428070068,36.794168302693,37.630879037905,0.329998321533
2016-02-05,37.96,0.329998321533,0.00578798291,0.003553608787,0.000114528394,-0.007322175732,-0.13981632687,0.138694100052,-45647000.0,38.041999816895,0.17574233632,1.401428222656,36.611980084648,35.482198973439,-0.550000152588
2016-02-08,36.87,-0.550000152588,-0.005880813194,0.002946971736,-0.000890364667,-0.007537012113,-0.137278250099,0.140905426857,-51397200.0,37.954000091553,-0.316893884422,1.392856870379,25.683049473111,33.029732620151,0.589999084473
2016-02-09,37.25,0.589999084473,-0.013347571068,0.002718420341,0.00065067814,0.007573708412,-0.116021883379,0.145381625504,-43595200.0,37.755999755859,0.154785592511,1.375714165824,26.593782109998,29.629603889253,-0.25
2016-02-10,37.81,-0.25,0.015675725164,0.00252900479,-0.000294755728,0.006120276743,-0.116430013111,0.150861907729,-52286800.0,37.579999542236,0.034275823912,1.344285692487,18.214930675524,23.497254086211,-0.600000915527
2016-02-11,36.67,-0.600000915527,-0.020693374811,0.002153951701,-8.5593982e-05,0.006311745335,-0.087372549218,0.146560531285,-44377400.0,37.417999267578,-0.160285869428,1.361428669521,22.040049441117,22.282920742213,-0.329999847412
2016-02-12,36.57,-0.329999847412,0.009906455939,0.001911347518,0.000390937569,-0.002454991817,-0.110093672974,0.154597106681,-52101400.0,37.083999633789,-0.048820292939,1.394999912807,6.193079209056,15.482686441899,0.560001068115
2016-02-16,37.45,0.560001068115,0.0,0.004001855343,-0.000133039708,0.008618367897,-0.057889295549,0.147875201323,-45676600.0,37.02799987793,0.296766519323,1.411428724016,20.582891118987,16.27200658972,0.540001678467
2016-02-17,38.365,0.540001678467,0.010002559532,0.002150156413,7.7263887e-05,0.000130344108,0.043139453146,0.140091973134,-37716400.0,37.134000396729,0.494860341397,1.418571744646,36.24774261745,21.007904315164,0.085000762939
2016-02-18,38.421,0.085000762939,-0.002860874075,0.001486176317,-0.000411168421,0.002112676056,0.143848791474,0.131181704515,-31357500.0,37.424000549316,0.129164224168,1.345714569092,89.743632705339,48.858088813926,-0.110998626709
2016-02-19,38.185,-0.110998626709,0.00026098463,0.002051282051,-0.000548867101,-0.004302477184,0.200460218236,0.124831903008,-36975300.0,37.64400100708,-0.013642780944,1.074285779681,79.791002334121,68.594125885637,0.344998779297
2016-02-22,39.1,0.344998779297,0.0,0.002281538462,0.000565972317,0.002564102564,0.248981528906,0.121293115203,-31240300.0,38.082000732422,0.212498840093,1.025714601789,87.456420027665,85.663685022375,0.059999847412
2016-02-23,38.99,0.059999847412,-0.006384065398,0.001644821383,0.000304606735,0.002056026728,0.315486540861,0.115192835689,-26294000.0,38.488000488281,0.452726321664,0.895000457764,97.515471996859,88.254298119549,-0.600000610352
2016-02-24,38.19,-0.600000610352,-0.005470150764,0.001872708224,0.001326449465,0.000261917234,0.299713201392,0.109154742159,-32438300.0,38.568000030518,-0.336898802431,0.891429083688,73.602423375207,86.191438466577,1.010000762939
2016-02-25,39.41,1.010000762939,0.000510215749,0.002332993371,0.000196460817,0.004844467109,0.333345168442,0.100443197566,-25383500.0,38.718000030518,0.394997741993,0.894286019461,96.363667860866,89.160521077644,0.220001068115
2016-02-26,39.74,0.220001068115,-0.003785049756,0.001808510638,-0.000428326775,0.006585612969,0.371169839707,0.089866663534,-17775200.0,38.981999969482,0.314424039815,0.892857142857,99.723803163521,89.896631466531,-0.219999542236
2016-02-29,39.48,-0.219999542236,-0.00455466354,0.001540416878,-0.000208213983,0.003558718861,0.374332016944,0.091128051475,-26516600.0,39.180000305176,0.038653931246,0.852142878941,90.673560768543,95.587010597643,-0.739998321533
2016-03-01,38.805,-0.739998321533,0.004388181765,0.001675918787,-0.001233934872,-0.002698535081,0.311991751604,0.092011100544,-34980000.0,39.096000671387,-0.25852976534,0.862857001168,70.46634170741,86.954568546492,0.525001831055
2016-03-02,39.4899,0.525001831055,0.000508432294,0.001512455516,-5.6036505e-05,0.003810371124,0.298582842924,0.095838351576,-25286100.0,39.284001159668,0.326573933262,0.849285398211,85.751317332876,82.29707326961,-0.149899847412
2016-03-03,38.42,-0.149899847412,-0.019827116835,0.005541493776,0.001447772348,-0.003630705394,0.278851185228,0.099003979805,-17788000.0,39.312001037598,-0.004662905327,0.798571177891,86.010341165768,80.742666735351,0.399999694824
2016-03-04,39.06,0.399999694824,0.000772766088,0.002312741313,-0.000291185028,0.005405405405,0.221732074863,0.099555535932,-31304200.0,39.150000762939,0.172803063008,0.802856990269,69.540186395966,80.433948298203,0.120000305176
2016-03-07,39.12,0.120000305176,-0.004594188458,0.00175025641,-0.000191323307,0.003076923077,0.199827751705,0.101188117034,-23885000.0,39.082000732422,0.296749560373,0.785714013236,74.637673119997,76.729400227244,0.060000305176
2016-03-08,39.105,0.060000305176,-0.005870330282,0.001604621309,0.000118464358,0.003979460847,0.177713789967,0.09988821833,-23885000.0,39.170000457764,0.19748716228,0.755714144026,63.350742434802,69.176200650255,0.064998168945
2016-03-09,39.2001,0.064998168945,0.002297680796,0.00122720326,0.000173856308,-0.00152572593,0.155584322602,0.097966012122,-31589200.0,39.137999725342,0.188112141413,0.758571352277,62.827070339289,66.938495298029,0.079898779297
2016-03-10,39.67,0.079898779297,0.003309599597,0.001700076123,0.000496742724,0.006597310327,0.141908886653,0.091590816424,-25393200.0,39.125999450684,0.031153398711,0.737857273647,68.586265055614,64.921359276568,-0.640001220703
2016-03-11,39.49,-0.640001220703,0.005636721178,0.002171974522,0.000168780065,0.006114649682,0.110951325779,0.084758810466,-34110100.0,39.167999267578,-0.165666238461,0.777142933437,55.497258781198,62.303531392033,0.879998931885
2016-03-14,40.405,0.879998931885,-0.001486191731,0.002093773257,0.000859666743,0.002356735301,0.172001725003,0.07037901038,-22323700.0,39.40599899292,0.425727085452,0.827857153756,96.774119081075,73.619214305962,0.095
2016-03-15,39.97,0.095,-0.008395065496,0.002664093625,-0.001089180169,-0.004731075697,0.209909226801,0.064368307002,-16615900.0,39.669998931885,0.146198939669,0.815714154925,93.357920039874,81.876432634049,-0.069998474121
2016-03-16,40.16,-0.069998474121,0.006014983824,0.002105132038,0.000760114187,0.000498256104,0.184258743999,0.060713674525,-21925100.0,39.815999603271,-0.154655948326,0.78714288984,69.884218762831,86.67208596126,0.020000305176
2016-03-17,40.09,0.020000305176,0.000497771469,0.00163722319,-0.000239952387,-0.00248818114,0.175855394398,0.061664780415,-16532100.0,39.995999908447,0.043757594301,0.777857371739,80.694981801165,81.312373534623,0.200000915527
2016-03-18,40.33,0.200000915527,0.001737396208,0.00207958144,0.000433835541,-0.000495662949,0.167453035214,0.060851016858,-10442200.0,40.248000335693,0.062057225241,0.793571744646,84.94210936211,78.507103308702,0.460000915527
2016-03-21,40.61,0.460000915527,-0.005148298106,0.001663380976,-0.000242467666,0.000739280434,0.183998952956,0.064883388397,-298300.0,40.332000732422,0.278556762207,0.772143227713,94.736919563605,86.79133690896,0.149998321533
2016-03-22,40.5299,0.149998321533,-0.006378761831,0.001355555556,-7.8775138e-05,0.000738271605,0.181071704799,0.070109279748,-4353100.0,40.384000396729,0.276768550201,0.745715005057,93.684196404065,91.121075109927,0.500098779297
2016-03-23,41.32,0.500098779297,-0.004630724649,0.002288932419,-8.2205246e-05,0.011753183154,0.184825299558,0.071155659172,2299200.0,40.609999847412,0.33316279211,0.770714896066,95.765437068542,94.728851012071,-0.540001220703
2016-03-24,40.48,-0.540001220703,-0.003433040555,0.001888287402,0.001780189134,-0.003937007874,0.158963078946,0.073782677318,-1788400.0,40.729999542236,-0.038185182227,0.7278578622,77.952709755056,89.134114409221,0.27
2016-03-28,40.81,0.27,0.000490808779,0.001521707138,-0.00036962564,0.000981113564,0.129571634283,0.076611669491,-6049400.0,40.821999359131,0.108478022226,0.72571509225,76.587299754804,83.435148859468,0.070001068115
2016-03-29,40.75,0.070001068115,-0.003180065184,0.002272147239,0.000219704701,0.0,0.109424384962,0.079422847975,-2721400.0,40.839999389648,0.145796694992,0.720000675746,81.74607135991,78.76202695659,0.720001220703
2016-03-30,41.75,0.720001220703,0.003134729915,0.001983369487,0.00043587853,0.006266570258,0.125234036915,0.081326757603,1405600.0,40.981999969482,0.448911958518,0.735000610352,97.786067164547,85.373146093087,-0.099998474121
2016-03-31,41.645,-0.099998474121,0.0,0.001512605042,-5.6738286e-05,-0.000120048019,0.136301343775,0.086587451439,4838600.0,41.106000518799,0.060961447091,0.741428920201,90.70521791615,90.079118813536,0.185001831055
2016-04-01,41.55,0.185001831055,-0.007171958848,0.002625483559,6.1808874e-05,0.004593810445,0.14350541576,0.091481202739,10007000.0,41.31600112915,0.189530211463,0.700714656285,94.178141216147,94.223142098948,0.639998626709
2016-04-04,42.23,0.639998626709,0.003555381151,0.001322390175,-0.00026954608,-0.00259801606,0.159070315257,0.093518096418,13979900.0,41.604000854492,0.377333521799,0.663571493966,97.435908148862,94.106422427053,0.089999694824
2016-04-05,42.03,0.089999694824,-0.00732517428,0.002189150607,0.000441784428,0.0,0.164019338267,0.096718778511,18387700.0,41.892000579834,-0.013582856358,0.650714329311,88.853549584644,93.489199649885,0.010000915527
2016-04-06,42.25,0.010000915527,-0.001427244814,0.001384230586,0.000169756623,0.006431634111,0.135516033917,0.095183836168,11805000.0,42.006000518799,0.044944720957,0.613571439471,79.936389277838,88.741949003782,0.799999237061
2016-04-07,42.87,0.799999237061,-0.00882697038,0.001559278351,-0.000302754125,0.004451733833,0.169555382024,0.099790185661,18066000.0,42.286000061035,0.467094581535,0.659285681588,96.969681020552,88.586539961011,-0.259999389648
2016-04-08,42.7,-0.259999389648,0.003989630756,0.00165942029,0.000292427409,-0.001870032726,0.148088985371,0.097826238855,13164700.0,42.441999816895,-0.03691243713,0.654285430908,81.788107466523,86.231392588304,-0.330001068115
2016-04-11,42.66,-0.330001068115,0.00236021457,0.001860136567,-0.000112950204,0.004473746174,0.105383780465,0.088475595185,8244400.0,42.47799987793,-0.243527229728,0.65499986921,71.985780080148,83.581189522408,-0.180000457764
2016-04-12,42.585,-0.180000457764,-0.002824833644,0.001586402266,-0.000418986054,0.005311614731,0.073701316869,0.089234604164,12193200.0,42.509999847412,0.016846233712,0.66642842974,75.886511364426,76.553466303699,0.234999694824
2016-04-13,42.785,0.234999694824,0.001167660846,0.001154653604,-3.272164e-06,-0.001982738512,0.065098594331,0.091603443079,17293400.0,42.665999603271,0.332233942313,0.658571243286,87.857134067529,78.576475170701,0.564998474121
2016-04-14,43.42,0.564998474121,0.000692101385,0.001515675426,0.000252159377,0.00092208391,0.08338967091,0.0917589481,21434100.0,42.725999450684,0.332860105285,0.664999553135,97.712426416657,87.152023949537,0.089998321533
2016-04-15,43.43,0.089998321533,0.000459674984,0.001208617301,-0.000172638853,-0.002297266253,0.093775881921,0.09278056028,24552800.0,42.90599899292,0.175415361087,0.653570992606,95.081915922894,93.550492135693,-0.020000152588
2016-04-18,43.38,-0.020000152588,-0.005298307833,0.00235409912,0.000379766113,0.004631773969,0.081856794313,0.091195271855,20932400.0,43.113999176025,-0.157899507885,0.65214238848,91.525425889512,94.773256076354,0.570000762939
2016-04-19,43.785,0.570000762939,0.001137639049,0.002193636364,-0.00069714982,-0.004886363636,0.097238693623,0.095457350122,25201200.0,43.407999420166,0.473299331094,0.652856554304,97.735939192779,94.781093668395,0.064998474121
2016-04-20,43.96,0.064998474121,0.014367185634,0.004216951439,-0.000800473379,-0.011690647482,0.087860842057,0.096100549239,17414600.0,43.613999176025,-0.138303900886,0.65642792838,93.962264658697,94.40787658033,0.010001220703
2016-04-21,44.27,0.010001220703,-0.004321183446,0.002703517588,0.000127913355,0.011192325263,0.07729561555,0.097325093916,26108100.0,43.737999725342,-0.226148764372,0.697856630598,81.055888822647,90.918030891374,-0.389998931885
2016-04-22,44.08,-0.389998931885,-0.003646304547,0.002407822507,3.4733511e-05,0.008234217749,0.052961945301,0.093784106077,19936600.0,43.812000274658,0.07681289619,0.685713904245,73.977690395207,82.998614625517,1.831055e-06
2016-04-25,44.12,1.831055e-06,-0.00158810133,0.001920018178,0.00050043163,0.002499431947,0.039660562405,0.088583793273,24628400.0,43.946000671387,0.405107710865,0.681428091867,81.412656244552,78.815411820802,-0.110001678467
2016-04-26,43.98,-0.110001678467,0.003408351093,0.001698596014,-0.000322656205,-0.004076086957,0.016649847629,0.081196640601,20491600.0,43.958000183105,0.004430804414,0.678570883615,78.076807364608,77.822384668122,-0.099998931885
2016-04-27,43.8,-0.099998931885,0.001139453871,0.001197359435,0.000334472565,-0.002959253358,-0.015106837527,0.076418269766,17118900.0,43.964000701904,-0.280128632538,0.629285267421,71.544717939515,77.011393849558,0.030001831055
2016-04-28,40.6,0.030001831055,-0.085557833524,0.005938638064,-0.000391890696,0.012721376902,-0.045540871515,0.071187266021,12083800.0,43.936000823975,-0.15775074035,0.593571254185,69.512231024273,73.044585442799,-0.180001831055
2016-04-29,40.005,-0.180001831055,-0.001236992561,0.002489780751,2.4997e-08,-0.008918617614,-0.28787432699,0.087494305475,-42443900.0,43.244000244141,0.121028259034,0.809999738421,9.368114947499,50.141687970429,-1.104998474121
2016-05-02,38.89,-1.104998474121,-0.001285425445,0.002738223938,0.00056885002,0.00102960103,-0.529046758128,0.12308230471,-73090700.0,42.208000183105,-0.385196549554,0.904999324254,5.333328246181,28.071224739318,-0.040001525879
2016-05-03,38.52,-0.040001525879,-0.001286981699,0.003170103093,-0.00162590871,-0.007216494845,-0.661831462946,0.150034297753,-94383000.0,41.176000213623,0.009009019182,0.90428515843,6.980520283631,7.227321159104,0.029999237061
2016-05-04,38.1325,0.029999237061,-0.005188087338,0.002164276402,-0.001448917065,-0.005671447197,-0.734165771812,0.174385787253,-112624600.0,40.109999847412,-0.193570469443,0.897142410278,5.337519716408,5.883789415407,-0.032501525879
2016-05-05,38.3365,-0.032501525879,0.004724417648,0.002090125392,0.000335667524,0.001475966562,-0.772718494268,0.198883989715,-126599900.0,38.963999176025,-0.265702937047,0.909285136632,1.519733226121,4.612591075387,0.1635
2016-05-06,38.28,0.1635,-0.007272695566,0.001551282051,-0.000220797633,0.001569858713,-0.732070233337,0.215648856471,-110068900.0,38.579999542236,0.182785679164,0.927856717791,7.598782078817,4.818678340448,-0.309998779297
2016-05-09,38.3162,-0.309998779297,0.003687105219,0.001807596431,0.00068129859,0.005410653372,-0.701593090086,0.234137251421,-121468800.0,38.393999481201,-0.17207262656,0.924999782017,3.784600178246,4.301038494394,-0.336200457764
2016-05-10,38.06,-0.336200457764,0.008425479165,0.00195535248,-0.00103445166,-0.006266318538,-0.643028242547,0.249544809845,-110312600.0,38.219999694824,-0.083642417788,0.937857219151,3.930136095778,5.104506117614,0.039998474121
2016-05-11,37.91,0.039998474121,0.002624732095,0.001897905759,-0.000664053596,-0.007591623037,-0.561443058783,0.261017181892,-99084400.0,38.129999542236,-0.185484102979,0.898571286883,5.900141506472,4.538292593499,0.099998321533
2016-05-12,37.99,0.099998321533,0.003420180843,0.001411641321,0.000296481663,-0.003932878867,-0.481828013073,0.269099379166,-109682700.0,38.111999511719,-0.238463033113,0.874285561698,4.587143654711,4.805807085654,0.01
2016-05-13,37.99,0.01,-0.003684194464,0.002058108822,0.001356034814,0.003433703117,-0.401417650517,0.273910966577,-120078100.0,38.011999511719,-0.099139615775,0.888571330479,7.132237367218,5.873174176134,-0.390001525879
2016-05-16,37.83,-0.390001525879,0.0,0.001930585106,0.000235767971,0.006117021277,-0.348698224205,0.27866889878,-129416000.0,37.937998962402,-0.212494989029,0.902857099261,1.917363964662,4.545581662197,0.42
2016-05-17,38.255,0.42,-0.000784281812,0.001835164835,-0.000578439231,0.000915750916,-0.248295084159,0.27403194564,-119237500.0,37.991999053955,0.41182308229,0.925714220319,11.944853368892,6.998151566924,-0.545000915527
2016-05-18,37.74,-0.545000915527,0.001060750902,0.001571655629,1.1632356e-05,-0.000264900662,-0.198645275666,0.269066806907,-127594600.0,37.913999176025,-0.330057111605,0.957142693656,5.687156664388,6.516457999314,0.01
2016-05-19,37.55,0.01,-0.005033076204,0.001817358892,-0.0003765825,-0.000266240682,-0.145942282507,0.258819613601,-116991600.0,37.861999511719,0.008079427757,0.726428168161,9.621951679814,9.084653904365,-0.309998321533
2016-05-20,37.6938,-0.309998321533,0.008324316451,0.001968575233,0.000276328664,0.003829560586,-0.128855424766,0.246695516438,-125212900.0,37.709999847412,-0.191924331309,0.656428473336,15.69517311696,10.334760487054,-0.093801525879
2016-05-23,37.66,-0.093801525879,0.003191562539,0.001577412513,-7.3016442e-05,-0.001590668081,-0.079173048533,0.224316158265,-117405300.0,37.709999847412,0.087321625133,0.644999640329,36.597844876526,20.638323224433,-0.290001068115
2016-05-24,37.51,-0.290001068115,0.003211205513,0.0016384,0.000137715577,0.000266666667,-0.0491366016,0.194456238401,-124532000.0,37.533999633789,-0.358163806549,0.633571079799,26.086929465759,26.126649153082,0.469999542236
2016-05-25,38.2,0.469999542236,0.002106420011,0.001140304782,3.3639875e-05,0.003678402522,0.02073043687,0.15036293249,-115854000.0,37.587999725342,0.391236674714,0.644285474505,59.239133782813,40.641302708366,0.480000305176
2016-05-26,38.66,0.480000305176,-0.000775563057,0.001655886158,0.00035387583,0.000258732212,0.117596323484,0.073283594593,-99712900.0,37.773999786377,0.428482935099,0.655714035034,95.212760510277,60.179607919616,0.229999389648
2016-05-27,39.07,0.229999389648,0.003857071953,0.001989219713,0.000972611294,0.002823408624,0.194767907026,0.051985328224,-87266900.0,38.103999328613,0.297951705966,0.628571101597,97.087313870765,83.846402721285,0.229999237061
2016-05-31,39.25,0.229999237061,0.000763424798,0.001817950674,-0.000308159785,-0.002034070684,0.267869687011,0.056194994048,-74927500.0,38.443999481201,0.276936603345,0.614999771118,96.015848419607,96.105307600217,0.380001068115
2016-06-01,39.43,0.380001068115,-0.006560740076,0.001790703581,0.000425897771,0.001524003048,0.328872661154,0.064365022154,-59040500.0,38.895999908447,0.289705637301,0.615713936942,98.561254698615,97.221472329663,0.07
2016-06-02,39.55,0.07,0.0,0.001543522267,0.000924697512,0.000759109312,0.348988583787,0.071091674889,-70595300.0,39.2,0.207177491061,0.611428397042,93.884955232708,96.15401945031,-0.020001220703
2016-06-03,39.33,-0.020001220703,-0.000252929973,0.001462686567,0.000361508724,-0.00505944852,0.351838185642,0.077292152737,-57836800.0,39.369999694824,0.055389981677,0.58571434021,94.964048486615,95.803419472646,-0.149999694824
2016-06-06,39.254,-0.149999694824,0.001786618027,0.00137044586,-2.8352994e-05,0.000101910828,0.318663763933,0.079921922462,-68678000.0,39.42799987793,-0.320286890633,0.580714362008,82.374169793082,90.407724504135,-0.084001831055
2016-06-07,39.13,-0.084001831055,-0.00127646769,0.001723002298,-0.000310228288,-0.001021189686,0.285620712974,0.081721643325,-77835100.0,39.401999664307,-0.11700179157,0.54642868042,82.014380562188,86.450866280628,-0.199999694824
2016-06-08,38.76,-0.199999694824,-0.00077058256,0.001491128825,0.000712297512,-0.003342761635,0.239063396589,0.082003163622,-88037800.0,39.261999511719,-0.259262842071,0.518571581159,73.381360092161,79.25663681581,0.149999847412
2016-06-09,38.93,0.149999847412,-0.001028036898,0.001292770774,-0.000282221895,0.001543606895,0.199971058565,0.082274874215,-97171800.0,39.143999481201,0.0174616461,0.504286084856,72.661918849761,76.019219834704,-0.060001068115
2016-06-10,38.405,-0.060001068115,-0.005145376085,0.001810188777,-0.000634722506,-0.006852857512,0.165874752332,0.081927007882,-107264900.0,39.011999511719,0.00398766892,0.465000425066,66.666666638889,70.903315193604,-0.004998474121
2016-06-13,38.39,-0.004998474121,-0.002083380934,0.001872390397,-0.000450669429,0.001826722338,0.108877813165,0.081008076212,-115191000.0,38.855999755859,-0.281109917413,0.472143445696,47.083422720768,62.137336069806,-0.529999389648
2016-06-14,37.8219,-0.529999389648,0.000264086671,0.001346712437,5.9149126e-05,-0.001270134671,0.03579945967,0.079509144533,-126256900.0,38.594000244141,-0.3193258208,0.487857818604,19.196460493949,44.315516617868,-0.161900152588
2016-06-15,37.83,-0.161900152588,0.002389807566,0.001157615894,-3.06634e-06,0.002119205298,-0.021911103503,0.081925874209,-135870100.0,38.340000152588,-0.22735740105,0.470000675746,9.865527612792,25.38180360917,-0.399999694824
2016-06-16,37.19,-0.399999694824,-0.001870149459,0.001338062099,-0.000533756361,-0.004550321199,-0.068828662519,0.083743783537,-143586400.0,38.044000244141,-0.33414873378,0.447143282209,1.321534081352,10.127840729364,0.31
2016-06-17,37.3,0.31,-0.002666625977,0.001844919786,0.000288716041,-0.002673796791,-0.087219754751,0.08522258667,-133318900.0,37.770000457764,0.114860165998,0.465000425066,22.222207022297,11.13642290548,0.089999389648
2016-06-20,37.97,0.089999389648,0.013105153422,0.001293822598,-0.000326440676,0.00237592397,-0.098055326307,0.084026741468,-143218900.0,37.568000030518,-0.009077702621,0.454286030361,18.27952872061,13.941089941419,-0.22
2016-06-21,38.11,-0.22,0.006622516556,0.001640600316,0.000225923504,0.003422854134,-0.073369357493,0.083176559072,-135511600.0,37.545999908447,-0.198888455458,0.465000425066,31.52171958881,24.007818443905,-0.380000457764
2016-06-22,38.0401,-0.380000457764,-0.000264996598,0.001475609756,0.00035035838,0.00848621421,-0.051796811426,0.080754689957,-144352700.0,37.559999847412,-0.274889764509,0.475714547294,30.797064881581,26.866104397,0.699901678467
2016-06-23,39.08,0.699901678467,0.007743913889,0.001482590886,0.001051539579,0.00051203277,0.032543847753,0.079743665671,-133484600.0,37.82200012207,0.465913105579,0.535714285714,69.924838960494,44.081207810295,0.550001068115
2016-06-24,38.42,0.550001068115,-0.03179414843,0.002866823039,0.000637470138,0.001303101381,0.14407259854,0.083456010964,-122729100.0,38.248000335693,0.469012741046,0.562142780849,99.999999963636,66.907301268571,-0.510000152588
2016-06-27,37.48,-0.510000152588,-0.010551346017,0.00177238806,0.000509437623,-0.001066098081,0.099903284906,0.084720305296,-139254100.0,38.352000427246,-0.345271662337,0.661428451538,37.454501051721,69.126446658617,-0.529999237061
2016-06-28,37.3354,-0.529999237061,0.008930933952,0.002353193773,5.0330104e-05,0.002023617821,0.00873473031,0.090584261875,-152056200.0,38.192000579834,-0.330364341098,0.717857088361,6.62028778775,48.024929601036,0.224601373291
2016-06-29,38.05,0.224601373291,0.010383369952,0.001351159115,0.00068859473,0.002370916754,-0.006939027214,0.087999131749,-143676500.0,38.158000946045,0.27615528949,0.733571461269,27.874644107286,23.983144315585,0.519999694824
2016-06-30,38.62,0.519999694824,0.002074198384,0.0013076326,0.000166858495,-0.000776196636,0.051070270666,0.083572657802,-135310000.0,38.124000549316,0.397870446156,0.796428407942,63.066189564311,32.520373819782,0.690001373291
2016-07-01,39.35,0.690001373291,0.0,0.001459425083,0.000216768707,0.001017552786,0.134874782468,0.081850668123,-124885000.0,38.060000610352,0.455357215039,0.803571428571,88.850195488704,59.930343053434,0.190000915527
2016-07-05,39.3254,0.190000915527,-0.005816882572,0.001348003053,-0.00010666268,0.000391757822,0.197599511843,0.084494009383,-117980400.0,38.386000823975,0.216045755093,0.792857033866,94.237351663655,82.051245572223,0.114598626709
2016-07-06,39.42,0.114598626709,-0.004310298551,0.001840845429,-0.000211776552,0.003819709702,0.222313392843,0.086293360061,-128009700.0,38.884000396729,0.1901462959,0.785714285714,90.847444445977,91.311663866112,1.410001831055
2016-07-07,41.085,1.410001831055,0.0,0.002069311781,-5.9823608e-05,0.006245407788,0.316489240452,0.103571125261,-114832500.0,39.538000488281,0.498488540064,0.868571690151,98.786427069985,94.623741059872,0.275000610352
2016-07-08,41.6198,0.275000610352,0.005802656195,0.002298317308,0.000540611855,0.000475961538,0.393660833202,0.123757266778,-97208100.0,40.096000671387,0.35346336248,0.876428876604,95.634115894538,95.089329136833,0.270199389648
2016-07-11,42.21,0.270199389648,0.003342071895,0.001877468475,0.000220707313,0.004282655246,0.455231793354,0.145809330905,-86136300.0,40.612000274658,0.212700825374,0.915714536394,93.103431547737,95.84132483742,-0.090001068115
2016-07-12,42.3205,-0.090001068115,0.005223201004,0.001607935758,-0.00027917205,-0.000460557393,0.483614111958,0.165100982076,-77084000.0,41.12799987793,0.148840871314,0.897143227713,96.576534452322,95.104693964866,0.149501220703
2016-07-13,42.47,0.149501220703,-0.005415576539,0.00158816568,0.000260322047,0.005207100592,0.496262625521,0.181634513931,-68817800.0,41.734000396729,0.133455756723,0.900714874268,96.943969300179,95.541311766746,-0.499998779297
2016-07-14,42.2,-0.499998779297,0.008815795118,0.001938828531,6.8962101e-05,-0.003306565895,0.4430101957,0.188508270549,-76738000.0,41.962000274658,-0.19351036685,0.867858069284,88.455009573533,93.991837775345,0.079998779297
2016-07-15,42.445,0.079998779297,0.002838286425,0.001166509434,1.6303717e-05,0.001061320755,0.401926353684,0.193242914243,-67726100.0,42.145999908447,-0.070271803554,0.836429323469,93.718123154055,93.039034009256,-0.345001525879
2016-07-18,42.0,-0.345001525879,-0.001187630377,0.00209274673,-1.0714171e-05,-0.001189060642,0.338436639244,0.193876097219,-75419600.0,42.187999725342,-0.294064808662,0.749286379133,90.662092471212,90.945075066267,0.090000152588
2016-07-19,41.9,0.090000152588,-0.003563828114,0.001120648546,-0.001000382481,-0.000953743443,0.274309357665,0.190745378012,-82943800.0,42.181999969482,0.052609631882,0.697143282209,89.982086602778,91.454100742682,-0.100000762939
2016-07-20,42.47,-0.100000762939,0.023923445413,0.004287383178,0.001296687462,-0.007710280374,0.194649801497,0.185988245165,-91406600.0,42.047999572754,-0.174819811643,0.687143325806,81.914847837048,87.519675637013,0.180001525879
2016-07-21,43.145,0.180001525879,0.00539272061,0.001678871269,0.000565808427,0.006180037313,0.181739497067,0.1828268777,-77720100.0,42.183999633789,-0.081848926733,0.682143347604,93.793178420393,88.563370953406,-0.104999084473
2016-07-22,43.005,-0.104999084473,0.000232303005,0.001580023229,-0.000138290372,-0.001045296167,0.181572578519,0.185695216875,-66263700.0,42.336000061035,0.138234498472,0.684285845075,91.079873144363,88.929299800601,0.164998168945
2016-07-25,43.25,0.164998168945,-0.002084696356,0.00133836858,0.000615129597,0.005112712061,0.172395147951,0.190936145487,-56059200.0,42.55,0.138544968085,0.677142824445,94.061756406013,92.978269323589,0.159999847412
2016-07-26,43.4254,0.159999847412,-0.000460733882,0.000887070754,0.000178959561,0.000815856188,0.164678501089,0.184833695391,-44533300.0,42.813999938965,0.450206230061,0.678571156093,99.28403842191,94.808555990762,0.174598474121
2016-07-27,43.57,0.174598474121,-0.000688045421,0.001022033509,-8.69857e-06,0.0,0.154715550972,0.164255533266,-35868500.0,43.173999786377,0.406828630987,0.580713817051,99.290763797128,97.545519541684,0.099998168945
2016-07-28,44.69,0.099998168945,0.008014708118,0.004318181818,-0.000410661451,0.015681818182,0.135856256271,0.143876958049,-20680300.0,43.37799911499,0.083313110821,0.572856630598,90.170797314653,96.248533177897,-0.239999237061
2016-07-29,44.3947,-0.239999237061,-0.001574796257,0.002029736427,-0.000361849164,0.000105879703,0.157410622967,0.134755086639,-2395600.0,43.659999084473,0.188632702076,0.614285332816,80.056213163287,89.839258091689,0.3553
2016-08-01,44.95,0.3553,0.0,0.001954413408,0.000191471582,0.004469273743,0.17217411065,0.1306910158,11027600.0,43.975999450684,0.22472445052,0.645713806152,88.483154771429,86.236721749789,0.340000915527
2016-08-02,45.34,0.340000915527,0.009494376164,0.002241907262,0.000194170911,-0.008311461067,0.196831207315,0.128566155808,23180000.0,44.351999664307,0.323448173638,0.669285093035,92.713550958462,87.084306297726,-0.270000305176
2016-08-03,44.97,-0.270000305176,0.0,0.002252052363,-0.000395285093,-0.002218770801,0.177446681702,0.117100583734,12827300.0,44.645999908447,-0.339145783226,0.687856401716,82.81620997601,88.0043052353,-0.019999237061
2016-08-04,45.04,-0.019999237061,0.002447177052,0.00124123391,0.000668541676,-0.000443852641,0.137451364904,0.11470816274,5044200.0,44.902000427246,-0.227876581957,0.674285071237,79.952275323604,85.160678752692,-0.229998626709
2016-08-05,45.05,-0.229998626709,0.004240094195,0.001577777778,0.000540425087,0.001111111111,0.085044562131,0.112778679389,-1539300.0,44.974000549316,-0.399764954343,0.660713740758,76.611003055322,79.793162784979,0.209998321533
2016-08-08,45.35,0.209998321533,-0.004418845684,0.001692188194,-0.000274588307,0.006435863293,0.065064085783,0.115140097238,5016000.0,45.076000213623,0.24670432082,0.673570905413,87.350780762558,81.304686380495,-0.329999542236
2016-08-09,45.03,-0.329999542236,0.001110600545,0.001065231862,9.482657e-06,-0.00088750832,0.022273061061,0.115315676655,-2641900.0,45.02200012207,-0.031850540456,0.676427841187,79.132792707271,81.031525508384,0.050001831055
2016-08-10,44.88,0.050001831055,0.0,0.001863354037,-0.0002492694,-0.004436557232,-0.013477511598,0.116138082951,3844300.0,45.024000549316,0.02842895061,0.60999924796,76.174523681249,80.886032383693,-0.069998626709
2016-08-11,44.83,-0.069998626709,0.000892593162,0.001725975474,1.6930913e-05,-0.000445930881,-0.063970389145,0.111339930695,-2181700.0,44.996000671387,-0.21450510582,0.598570959909,67.11410424674,74.140473545087,0.219999237061
2016-08-12,44.71,0.219999237061,-0.005105428327,0.001679081178,-0.000172750291,-0.002899197145,-0.088363834825,0.10802751704,3574500.0,45.044000244141,0.260740152327,0.594285420009,72.794068121652,72.02756534988,0.330000915527
2016-08-15,45.165,0.330000915527,0.003552394409,0.002240044248,-0.000241942999,-0.000774336283,-0.110872690967,0.101510917018,-3111800.0,45.000000762939,0.206107062044,0.607142584664,70.58822646667,70.165466278354,-0.014998474121
2016-08-16,45.01,-0.014998474121,-0.002879314811,0.001210573079,-2.6304574e-05,-0.000222123501,-0.123109618679,0.092949614289,3413800.0,45.026000976562,-0.061580078132,0.61571420942,74.90197718117,72.761423923164,-0.090001831055
2016-08-17,44.88,-0.090001831055,0.0048976231,0.001595259194,0.000815414805,-0.005759858219,-0.149684487838,0.076573753153,-4170600.0,44.994000244141,-0.189416455332,0.592142922538,53.225674106104,66.238625917981,-0.199999694824
2016-08-18,44.59,-0.199999694824,0.0,0.000928827216,-0.000198256269,-0.002014324082,-0.184149667222,0.066192973773,-12800900.0,44.968000030518,-0.320736925014,0.535714285714,27.451063482947,51.859571590074,-0.229999389648
2016-08-19,43.96,-0.229999389648,-0.004283192939,0.001258772923,-0.001091754903,-0.004754358162,-0.226439434156,0.058056887003,-19349700.0,44.830000305176,-0.321006169137,0.50928579058,7.142892525,29.273210038017,0.280001678467
2016-08-22,43.98,0.280001678467,-0.003616632942,0.001588021779,-0.000287048094,-0.002268602541,-0.258136918791,0.050060904486,-28788800.0,44.670000457764,0.060492284771,0.498571395874,27.570108438634,20.721354815527,0.189998168945
2016-08-23,44.395,0.189998168945,0.004527977614,0.001512283074,0.000200873769,0.000563443768,-0.277754794253,0.043814186213,-35307200.0,44.473999786377,0.085396538205,0.472857066563,29.54529197039,21.419430978008,-0.494998474121
2016-08-24,43.96,-0.494998474121,0.001366686936,0.001049818016,-0.000629471578,0.0,-0.300903038461,0.040889589645,-42707800.0,44.270000457764,-0.446000986472,0.491428375244,14.204558992998,23.773319800674,-0.790001831055
2016-08-25,42.975,-0.790001831055,0.0,0.001706836616,1.6381886e-05,-0.00405561993,-0.35372131512,0.047137399548,-50286300.0,43.968000030518,-0.371566477094,0.542856761387,4.273438784513,16.0077632493,-0.134999847412
2016-08-26,42.57,-0.134999847412,-0.002801095506,0.005126404494,-0.000587228369,-0.003511235955,-0.396033763197,0.060192024444,-88854900.0,43.663999938965,-0.075183769935,0.623571123396,18.152860045827,12.210285941113,0.409999542236
2016-08-29,43.45,0.409999542236,0.000465343368,0.00326744186,-0.000382293382,0.010465116279,-0.398646495498,0.068684608648,-70184400.0,43.411999511719,0.123086750598,0.670713969639,27.812474286812,16.746257705717,-0.2
2016-08-30,43.09,-0.2,-0.005549171756,0.002580795164,0.000876888008,0.001860032551,-0.367034290854,0.071550177652,-60961200.0,43.22799987793,0.208780867943,0.701428277152,36.24998657763,27.405106970089,-0.259998168945
2016-08-31,42.53,-0.259998168945,0.000933857089,0.001966876604,0.000282962716,-0.007930954047,-0.358825277786,0.077290868732,-73137400.0,43.013999938965,-0.10315867481,0.714999607631,23.566937008672,29.209799291038,-0.509999542236
2016-09-01,41.92,-0.509999542236,-0.002379873578,0.001698473282,-0.000155152451,0.0,-0.389786519825,0.089181933493,-85583200.0,42.784000396729,-0.392267430633,0.762142453875,2.727277980851,20.848067189051,0.379999237061
2016-09-02,42.09,0.379999237061,0.001418472207,0.002072474032,-0.000206134739,-0.006373937677,-0.373226213819,0.096027836533,-74844000.0,42.676000213623,0.323760542237,0.765713827951,16.045785134907,14.11333337481,1.52588e-07
2016-09-06,42.08,1.52588e-07,0.000237546246,0.001864608076,-0.000323089496,-0.000475059382,-0.358168301653,0.100584606688,-82052200.0,42.498000335693,-0.234418817889,0.778570992606,10.294079695028,9.689047603595,0.079999847412
2016-09-07,42.15,0.079999847412,-0.00023715184,0.002846975089,-0.001382735455,0.0,-0.326156215501,0.103783757057,-74973100.0,42.280000305176,0.063860565638,0.792142323085,12.352895634033,12.897586821322,-0.249998474121
2016-09-08,41.82,-0.249998474121,0.005250534558,0.002213912631,0.000615993753,-0.007122507123,-0.305512034485,0.106602639496,-86036700.0,42.094000244141,-0.234179147475,0.77928515843,5.333328245293,9.326767858118,0.029998474121
2016-09-09,41.5,0.029998474121,-0.006929441133,0.001551226551,-0.000169609782,-0.001924001924,-0.278977507,0.109274320113,-93731000.0,42.059999847412,-0.281620852295,0.777856281825,7.22011518211,8.302113020479,-0.490001678467
2016-09-12,40.96,-0.490001678467,-0.003901483881,0.001723378213,-0.000208428228,0.002692778458,-0.29992193147,0.114870589006,-104708900.0,41.801999664307,-0.467067595587,0.787856238229,0.292348739279,4.281930722227,0.459998168945
2016-09-13,41.05,0.459998168945,-0.004587123011,0.002292020374,0.000587165511,-0.004365753092,-0.269071639343,0.114243604786,-96949300.0,41.667999267578,0.389053393739,0.800713402884,17.808167632881,8.44021051809,-0.410000610352
2016-09-14,40.88,-0.410000610352,0.001230296206,0.001671172278,0.000430983122,0.004669451954,-0.282704309183,0.115818562564,-103879300.0,41.363999176025,-0.378806483446,0.830713544573,4.419886590536,7.506800987565,-0.069998626709
2016-09-15,40.77,-0.069998626709,-0.000490087162,0.001753370924,0.000505086968,-0.000490316254,-0.262232221105,0.114208887613,-96171500.0,41.145999145508,0.128454813421,0.792142323085,9.375050796743,10.534368340053,0.349998931885
2016-09-16,40.9734,0.349998931885,-0.004134196823,0.001996591186,-0.000233023733,-0.002352081812,-0.211925241354,0.109372201086,-90071600.0,40.999999237061,0.277908874202,0.712142126901,20.711953328071,11.502296905117,0.896598931885
2016-09-19,42.11,0.896598931885,0.004060233771,0.00152250452,-0.000240692469,0.001760395851,-0.116992556129,0.101673789083,-74281400.0,41.171999359131,0.397663578126,0.712856292725,44.983796781837,25.023600302217,-0.429999694824
2016-09-20,41.75,-0.429999694824,0.006477937999,0.001916666667,-5.3170825e-05,-0.005952380952,-0.058787738133,0.093362363811,-81834100.0,41.223999786377,-0.224529441251,0.72357068743,41.666677690092,35.787475933333,-0.169998168945
2016-09-21,41.79,-0.169998168945,0.000961931195,0.00143320519,5.798374e-05,0.004084574724,-0.020776839889,0.083356993055,-86700800.0,41.412000274658,-0.435426355379,0.696427753993,44.000091535134,43.550188669021,0.129998168945
2016-09-22,42.45,0.129998168945,0.00572523113,0.001631641366,-0.000220304812,0.006878557875,0.030711102194,0.072796322451,-81239500.0,41.633999633789,0.208945102185,0.674999237061,73.096331659331,52.921033628186,-0.229998779297
2016-09-23,42.19,-0.229998779297,0.00071053478,0.002026066351,-0.000212327508,-0.000236966825,0.085324836356,0.068055534227,-75409800.0,41.854000091553,0.071997316102,0.672856739589,86.567155638168,67.887859610878,-1.373291e-06
2016-09-26,41.675,-1.373291e-06,-0.004266421214,0.001294453701,-0.000487081173,-0.007974291835,0.117780152326,0.065270604107,-82322100.0,41.918000030518,-0.076698257909,0.659285136632,85.074490857449,81.579326051649,0.005000305176
2016-09-27,41.76,0.005000305176,0.000719740381,0.001608726924,0.000431795562,0.001198753297,0.103744988994,0.060701554637,-88700300.0,41.918000030518,-0.397518329868,0.663570676531,59.701467014005,77.114371169874,0.570001831055
2016-09-28,42.34,0.570001831055,-0.001889955766,0.003210887574,-0.000286361054,0.002130177515,0.135098264835,0.053081119904,-82735400.0,42.068000030518,0.406651588615,0.682141985212,92.039817000764,78.938591624073,-0.049999084473
2016-09-29,42.0023,-0.049999084473,-0.004256332497,0.001484208027,-0.00021382351,-0.002557587271,0.14891428439,0.049069617145,-87963700.0,42.142000579834,0.039589183721,0.692856379918,88.292782733101,80.011355582623,-0.562301373291
2016-09-30,41.76,-0.562301373291,0.007239456122,0.001866315285,-0.000204867025,0.000479156684,0.098982231773,0.049157970333,-94749400.0,41.986000061035,-0.326439264835,0.705713817051,46.829241038201,75.720613590688,0.530000915527
2016-10-03,41.98,0.530000915527,-0.005438627034,0.001628388017,8.09916e-06,-0.001902044698,0.119976363327,0.04910242537,-87298400.0,42.006000518799,0.361784509331,0.725714002337,88.292782733101,74.471602168134,0.569999237061
2016-10-04,42.69,0.569999237061,-0.001645116242,0.002286958569,0.00060556677,0.004943502825,0.146398980748,0.051652613949,-81351000.0,42.180000305176,0.358223718187,0.708571297782,98.522041544768,77.881355105357,-0.590001525879
2016-10-05,42.4,-0.590001525879,0.005700752664,0.001322626358,-0.000164689854,0.001417099669,0.129194794902,0.051440330465,-87221700.0,42.133999633789,-0.193256447598,0.739999771118,67.756886033637,84.857236770502,0.340001678467
2016-10-06,42.39,0.340001678467,-0.001169935653,0.001826891544,0.001081635763,-0.007027406887,0.154815091484,0.055588310837,-80003000.0,42.223999786377,0.422283995666,0.747143064226,96.464661011497,87.581196196634,0.580001220703
2016-10-07,42.88,0.580001220703,0.00069813308,0.002793296089,0.000554691841,-0.001862197393,0.179415554939,0.061019596242,-72752800.0,42.530000305176,0.200277011405,0.71357182094,95.530839307467,86.5841287842,0.090001220703
2016-10-10,43.235,0.090001220703,0.004188976031,0.001685283893,-0.000231402437,0.001969872538,0.187000251997,0.062376771816,-72752800.0,42.666000366211,-0.016978282639,0.702857426235,88.601172429772,93.532224249578,0.265
2016-10-11,41.91,0.265,0.0,0.006747685185,-0.003640219832,-0.029861111111,0.216919266494,0.069268229565,-64467700.0,42.856000518799,0.251331203505,0.730714525495,88.888939312565,91.006983683268,-0.750000152588
2016-10-12,41.06,-0.750000152588,-0.002672512409,0.002810902896,-5.0484543e-05,-0.000730104648,0.075617564418,0.064956968705,-88363800.0,42.668000793457,-0.441647980403,0.854285921369,5.072444736848,60.854185493062,-0.080000457764
2016-10-13,40.52,-0.080000457764,-0.00585646331,0.002453385672,-0.000391702383,-0.005888125613,-0.027920900614,0.063458158647,-94767700.0,42.316000366211,-0.051012601591,0.856428418841,5.405401920473,33.122261989962,0.459999542236
2016-10-14,41.28,0.459999542236,0.004636374544,0.001673791596,-0.000659569526,0.002671848433,-0.090811606493,0.064535918632,-94767700.0,41.918000030518,0.154703620864,0.889285768781,16.9139428877,9.130596515007,-0.489999084473
2016-10-17,40.65,-0.489999084473,-0.001470982396,0.002172600049,-6.5653746e-05,-0.001964154186,-0.136846540154,0.070087344599,-103586700.0,41.481999969482,-0.240682756792,0.902142933437,11.275999657067,11.19844815508,-0.059999847412
2016-10-18,40.735,-0.059999847412,0.0,0.002496940024,0.000375174458,-0.002815177479,-0.170229787068,0.076270113035,-110839400.0,40.9,-0.170071228278,0.875000272478,5.341257037779,11.177066527515,0.434998168945
2016-10-19,40.74,0.434998168945,-0.015788140396,0.008899555775,-0.000118886208,0.005429417572,-0.143767508872,0.077780424345,-101234500.0,40.901999664307,0.329732017193,0.895714623587,22.551886118333,13.056380937726,-0.730001678467
2016-10-20,40.28,-0.730001678467,0.0,0.001899525119,-0.000869997163,0.006748312922,-0.191897334769,0.088239663109,-120534100.0,40.707999420166,-0.159088242336,0.925000326974,1.82290864647,9.905350600861,0.460001678467
2016-10-21,40.45,0.460001678467,-0.008100191887,0.00225389755,-0.000226252877,0.000989853997,-0.163204039464,0.09102713717,-111808200.0,40.659999847412,0.46055969787,0.909285954067,20.833411972922,15.069402245908,0.05
2016-10-24,40.78,0.05,0.007160516433,0.001355724442,2.3884827e-05,-0.000245158127,-0.149395130287,0.09461571902,-119084600.0,40.601999664307,0.105555564752,0.900714601789,14.583368512831,12.413229710741,-0.370000152588
2016-10-25,40.315,-0.370000152588,0.000247421964,0.001696287129,0.000117960087,-0.002103960396,-0.135726103141,0.098667491589,-126083400.0,40.565999603271,-0.303930323927,0.877857208252,12.239614632931,15.885465039562,-0.125001373291
2016-10-26,39.81,-0.125001373291,-0.004727510157,0.001223,0.000255151747,-0.00475,-0.13084832155,0.102165890316,-132681800.0,40.369999694824,-0.24427719403,0.859999792916,6.510416406271,11.111133184011,0.149999084473
2016-10-27,40.18,0.149999084473,0.003253280057,0.001465452731,0.000183956183,0.002244948865,-0.132076263458,0.106132907305,-139878500.0,40.359999847412,-0.03195587246,0.844999858311,4.975142788938,7.908391276047,0.110000915527
2016-10-28,40.25,0.110000915527,-0.000992824885,0.002,0.000760801982,0.0,-0.101027775926,0.10895609963,-133295300.0,40.269999694824,0.218600623435,0.841428484235,13.184142624629,8.223233939946,-0.709999084473
2016-10-31,39.3,-0.709999084473,-0.00278200829,0.002320060867,0.00026037312,-0.003296981993,-0.12006959178,0.113731187013,-145814900.0,40.07799987793,-0.311904095557,0.861428669521,0.751944395125,6.303743269564,-0.059998321533
2016-11-01,39.1,-0.059998321533,0.0,0.001368501529,5.8954882e-05,-0.003567787971,-0.14051717564,0.117465059968,-154056600.0,39.844000244141,-0.292795668521,0.707142966134,0.86582159711,4.933969538955,-0.050000762939
2016-11-02,39.04,-0.050000762939,0.0,0.002038717949,-8.8439924e-05,0.001025641026,-0.153433965924,0.122882779925,-162135100.00000003,39.616000366211,-0.124713811005,0.715000152588,14.186848922488,5.268204971574,-0.339999237061
2016-11-03,39.065,-0.339999237061,0.004134362901,0.001852804941,6.4384025e-05,0.005275347401,-0.170814347183,0.124619331444,-168458300.00000003,39.364000701904,-0.329818345407,0.692857197353,2.076172523952,5.70961434785,-0.684998931885
2016-11-04,38.79,-0.684998931885,0.001823858595,0.002392717815,0.000932836375,0.008842652796,-0.187777540025,0.123374970357,-175987699.99999997,38.982000732422,-0.271278405996,0.699286052159,2.572405637564,6.278475694668,0.300000152588
2016-11-07,39.72,0.300000152588,0.014070075081,0.001778002018,-0.000323686734,0.002018163471,-0.137429909822,0.1125597983,-167239600.0,38.892000579834,0.323854392591,0.746428625924,25.401953705212,10.016843955576,0.140000610352
2016-11-08,39.49,0.140000610352,-0.006021115775,0.002083796063,-1.2332084e-05,-0.003281171126,-0.043390087701,0.083859345918,-160780800.0,39.016000366211,0.267175772814,0.743571417672,50.649365109316,26.207908150698,0.340001831055
2016-11-09,40.05,0.340001831055,0.041928146929,0.00679253012,-0.002168023544,-0.034939759036,0.02215024341,0.080192281094,-167435200.0,39.17200088501,0.135546519737,0.700714111328,58.397069357182,44.81612939057,0.019999694824
2016-11-10,40.48,0.019999694824,0.011230366019,0.002246051333,0.000539124491,-0.000987166831,0.083571983338,0.077034762119,-154332300.00000003,39.446000671387,-0.273517614842,0.811428342547,54.798783531412,54.61507266597,0.130000610352
2016-11-11,40.21,0.130000610352,-0.005663618291,0.002187551593,-2.1113705e-05,-0.004210004953,0.158147457449,0.074926241586,-144615900.0,39.892000579834,0.089981953068,0.826428277152,71.517080493965,61.570977794186,-0.070000610352
2016-11-14,39.94,-0.070000610352,-0.000747353756,0.002109009457,-0.00062279666,-0.005973120956,0.172241640901,0.072517586016,-150344899.99999997,40.102000427246,-0.199674017027,0.833571297782,56.96595705225,61.093940359209,-0.739999237061
2016-11-15,39.27,-0.739999237061,0.002295922215,0.001840162891,-0.000614010333,-0.000509035378,0.117301772708,0.072529813834,-161538300.00000003,39.970000457764,-0.411585739415,0.87714276995,27.863828270921,52.115621939045,0.540001373291
2016-11-16,39.72,0.540001373291,-0.00025124682,0.001726953027,-0.000766330716,-0.002260738508,0.12062271279,0.065586524251,-152273600.0,39.966000366211,0.30331337655,0.903571265084,46.749298754312,43.859694692495,0.230000762939
2016-11-17,40.13,0.230000762939,0.001251545334,0.001959530352,0.000420735129,0.002498126405,0.130017006175,0.065493791147,-143379500.0,39.942000579834,0.132510956746,0.905714035034,51.083645795989,41.898924273741,0.259999389648
2016-11-18,40.39,0.259999389648,-0.001980639207,0.002257504341,-0.000248539352,0.001984619201,0.161574410766,0.063217860224,-136796900.0,39.898000335693,0.396189039866,0.867142541068,64.705896227273,54.179613592525,-0.549999847412
2016-11-21,39.84,-0.549999847412,0.000250961885,0.001681304893,1.3403794e-05,-0.000250941029,0.14182132118,0.060853170953,-143812000.0,39.838000488281,-0.371252783815,0.888571058001,47.678053662643,54.489198561968,-0.080001678467
2016-11-22,38.98,-0.080001678467,-0.008551312046,0.004145104008,-0.000872890552,-0.011161846778,0.120614194463,0.058732498748,-152426700.00000003,39.95,-0.085674582429,0.872856957572,45.201216437628,52.528388775848,-0.880001525879
2016-11-23,38.17,-0.880001525879,-0.001574739134,0.002131966351,0.000154883823,0.00341745531,-0.00149926832,0.06771679753,-168669200.0,39.607999420166,-0.343044698928,0.974999564035,7.79562642393,33.558298841401,0.809999542236
2016-11-25,39.12,0.809999542236,0.002565476911,0.00216223132,9.308126e-05,0.001023541453,-0.018357136507,0.068543993813,-159100300.00000003,39.413999176025,0.397890720806,1.002142224993,31.451585604384,28.149476155314,0.039999847412
2016-11-28,39.03,0.039999847412,0.001532210764,0.001485211627,3.5281798e-05,-0.004844467109,-0.012989693568,0.066732674947,-156367299.99999997,39.167999267578,0.15159162418,0.945713860648,36.290306858243,25.179172962186,-0.289998321533
2016-11-29,38.9307,-0.289998321533,0.003097545862,0.001436148301,-0.000114985993,0.002335221421,-0.032234121193,0.068874705811,-162095100.00000003,38.947999572754,-0.454826199182,0.920713969639,25.000025629704,30.913972697443,-0.200700457764
2016-11-30,38.615,-0.200700457764,0.000516407384,0.001467096774,-0.000688946235,-0.003483870968,-0.039657510716,0.070690109273,-169433600.0,38.741999816895,-0.175909164462,0.886428288051,24.731150812436,28.673827766794,-0.545000305176
2016-12-01,38.1845,-0.545000305176,0.001313350078,0.00167339979,0.000877066546,0.001692025184,-0.080673504148,0.076802812005,-184350400.0,38.736000061035,-0.491069078453,0.766428266253,8.524537261804,19.418571234648,-0.584501525879
2016-12-02,37.76,-0.584501525879,0.002127708359,0.001526008493,0.001991404846,0.002123142251,-0.128285425042,0.085703433165,-193358899.99999997,38.459999847412,-0.2703754879,0.775713784354,7.051201322125,13.435629798788,0.140001525879
2016-12-05,38.02,0.140001525879,0.005540872718,0.001132511152,0.000290326243,-0.002361584886,-0.128103387685,0.089237429219,-186106099.99999997,38.208000183105,0.235498832912,0.759285518101,16.666687038988,10.747475207639,0.410000305176
2016-12-06,38.4,0.410000305176,0.000260169697,0.001145681582,-0.000130373626,-0.001040582726,-0.083004802367,0.09136818136,-176591400.0,38.145999908447,0.353811342424,0.722142628261,33.653833211081,19.123907190731,0.019998168945
2016-12-07,37.67,0.019998168945,-0.007548076904,0.0030993968,0.000377737535,-0.012063991608,-0.046389949481,0.092245053519,-182727500.00000003,38.083999633789,-0.017660281712,0.689285550799,33.333251811996,27.884590687355,0.809999542236
2016-12-08,38.18,0.809999542236,-0.003898069464,0.002476650143,0.000801453757,-0.003913383773,-0.012438754304,0.092386126019,-171838899.99999997,38.165999603271,0.177453524427,0.722857339042,35.256373408565,34.081152810547,0.500000305176
2016-12-09,39.03,0.500000305176,0.003619425764,0.002212776919,-0.000749041386,0.005409582689,0.027025918493,0.090106769882,-164792000.0,38.381999969482,0.234440013359,0.739286150251,42.763173566118,37.11759959556,0.170000762939
2016-12-12,39.41,0.170000762939,0.0,0.00181122449,0.00038454264,0.005357142857,0.088237564299,0.082197316104,-156989500.00000003,38.641999816895,0.346428709842,0.742143358503,66.181807060451,48.067118011711,-0.209999237061
2016-12-13,39.42,-0.209999237061,0.002806137965,0.001676418214,0.000204227393,0.00279827016,0.126484650202,0.07763004145,-156989500.00000003,38.795999908447,0.005739756881,0.739285877773,81.614352807575,63.519777811381,0.019998626709
2016-12-14,39.63,0.019998626709,-0.000507111016,0.00182014206,-0.000365851468,0.005327245053,0.163360838294,0.078259305786,-149506200.0,39.0,0.136335995772,0.635714667184,89.956339112721,79.250832993582,-0.810000305176
2016-12-15,38.49,-0.810000305176,-0.001545630442,0.002994066047,0.000651658469,-0.006965944272,0.1421893447,0.075524340296,-160790300.00000003,39.068000030518,-0.25343021523,0.627857753209,59.750984119678,77.107225346658,0.440000305176
2016-12-16,39.28,0.440000305176,0.002311845669,0.00196053306,-0.000644187606,0.006663249616,0.132007320567,0.071195428823,-151560899.99999997,39.118000030518,0.118993766183,0.664286204747,64.315325085261,71.340882772553,-1.180001525879
2016-12-19,38.36,-1.180001525879,0.003412101662,0.002317813236,-0.000802275545,0.003400470834,0.068957410343,0.062603550031,-166668400.0,38.897999572754,-0.323024331292,0.723572049822,29.875412916737,51.313907373892,-0.019999847412
2016-12-20,38.475,-0.019999847412,0.001564981039,0.002030437045,-0.000241085464,0.000910509886,0.044204070184,0.057101955848,-156514899.99999997,38.725999450684,0.103925300777,0.738571984427,39.833989413119,44.674909138372,-0.285001373291
2016-12-21,38.17,-0.285001373291,0.0,0.001501572327,-0.000674551223,0.000262054507,0.019762045808,0.051320336445,-163507800.0,38.475999450684,-0.20787434219,0.72500038147,33.609859317105,34.43975388232,0.070001678467
2016-12-22,38.02,0.070001678467,-0.002353560372,0.001760419397,0.0,-0.003407601573,0.009515222637,0.050675792868,-154317200.0,38.359999847412,0.070762547647,0.686428887503,34.599264087693,36.014370939305,0.270000915527
2016-12-23,38.36,0.270000915527,0.001044683065,0.001330550483,-0.000215542687,0.000782676755,0.008680901416,0.050180531313,-146336300.0,38.231999969482,0.168404918994,0.682857240949,36.708934091728,34.972685832175,0.059998168945
2016-12-27,38.72,0.059998168945,0.00156172244,0.001168918919,-9.676233e-05,0.006237006237,0.018875391548,0.048000172666,-141710700.0,38.295999908447,0.110242877977,0.674285888672,42.194043910719,37.834080696713,-0.120001525879
2016-12-28,38.59,-0.120001525879,0.000777269305,0.00162964876,-0.000366566797,-0.003357438017,0.038596172064,0.04773897143,-135077000.0,38.347999572754,0.133747192013,0.680714471,49.788984691248,42.897320897898,-0.369998779297
2016-12-29,38.17,-0.369998779297,0.002093092983,0.001671018277,0.000468755128,-0.003394255875,0.027428346521,0.047869174243,-141905500.0,38.354000091553,-0.288075260245,0.653571265084,16.931206243111,36.304744948359,0.140001373291
2016-12-30,38.49,0.140001373291,0.000522068834,0.002140099139,0.000738502895,0.004174276024,0.027417198682,0.04700722181,-134854700.0,38.368000030518,0.017723280781,0.626428059169,21.693120613729,29.471103849363,-0.080000152588
2017-01-03,38.375,-0.080000152588,0.005727706888,0.001876355692,0.000272725825,-0.006688513048,0.034975004856,0.041717009988,-124409100.0,38.391999816895,0.07258544138,0.623570850917,26.984046876239,21.869457911026,0.674999237061
2017-01-04,39.29,0.674999237061,0.000256136656,0.002292944785,-0.00107890597,0.004345603272,0.08126257386,0.040309956601,-114731800.0,38.518000030518,0.293256956214,0.644285474505,60.84645936246,36.507875617476,0.070000610352
2017-01-05,39.465,0.070000610352,-0.003048753303,0.001862244898,-0.000945766278,0.006760204082,0.128153820719,0.043797383168,-92087300.0,38.670000457764,0.23239179464,0.65714263916,77.248653713679,55.026386650793,0.235000762939
2017-01-06,39.79,0.235000762939,0.0,0.002632241814,0.000412333809,0.002267002519,0.174587688051,0.049775386629,-80007200.0,38.966000366211,0.308398264815,0.632142475673,97.297336255519,78.464149777219,0.989998779297
2017-01-09,40.85,0.989998779297,0.000245270636,0.001567858893,-0.000155642846,0.000734933856,0.265127752941,0.068621640713,-65378300.0,39.459999847412,0.422320768766,0.671428407942,93.203789976318,89.249926648505,-0.109998321533
2017-01-10,40.99,-0.109998321533,0.001718205497,0.001470588235,0.000257519336,0.004656862745,0.306486716524,0.081354844536,-76370800.0,39.926000213623,-0.05141687153,0.606428418841,89.873426861554,93.458184364464,0.300000915527
2017-01-11,41.03,0.300000915527,-0.005812585932,0.002539585871,-0.000709975713,-0.000487210719,0.351805456114,0.097633930496,-67114500.0,40.374000549316,0.295885917086,0.628571101597,91.129079371509,91.402098736461,0.050001831055
2017-01-12,40.43,0.050001831055,-0.007059418272,0.002349595489,0.001023009367,-0.008825692572,0.347927270193,0.108185264149,-77813900.0,40.718000793457,0.027449821338,0.659999574934,85.483938757239,88.828814996768,0.290001220703
2017-01-13,40.99,0.290001220703,0.000736708703,0.002124723791,0.001019995173,0.006383501105,0.303050961801,0.113909805456,-86447300.0,40.92200088501,-0.067022514333,0.687856946673,75.741295578595,84.118104569114,-0.059999694824
2017-01-17,40.69,-0.059999694824,-0.006352360965,0.001920638821,0.000505908308,-0.000245700246,0.270515649208,0.119941091552,-76914000.0,40.952001190186,0.142512917817,0.704999923706,80.508497384016,80.577910573283,0.210001525879
2017-01-18,40.897,0.210001525879,0.003667425564,0.001656760049,0.000301873627,-0.003727161998,0.231488325675,0.12472485194,-85186700.0,40.984001159668,0.231727286939,0.71071434021,79.661073546257,78.636955502956,-0.137001678467
2017-01-19,40.52,-0.137001678467,-0.002944036723,0.001829232283,0.000158144453,-0.002952755906,0.182889978107,0.124074033113,-92381800.0,40.878000640869,-0.238525933855,0.715714318412,75.706177530288,78.625249486853,-0.119998474121
2017-01-20,40.675,-0.119998474121,0.002722692859,0.0013511846,0.000125178544,0.003825271471,0.116383983475,0.121970465356,-99542000.0,40.742000579834,-0.238832516754,0.70357131958,65.242222505526,73.536491194024,-0.215000915527
2017-01-23,40.41,-0.215000915527,-0.003460192605,0.001612103175,0.000559060208,0.002232142857,0.06867797259,0.118073275299,-93634000.0,40.690000152588,-0.054332283948,0.705000196184,65.578628613418,68.842342883077,-0.069999847412
2017-01-24,40.23,-0.069999847412,-0.000495797166,0.001524801587,0.000195464498,-0.002232142857,0.023612768713,0.11297639517,-100985900.0,40.57200012207,0.032910314003,0.685714449201,60.975632430539,63.932161183161,0.080001373291
2017-01-25,39.83,0.080001373291,-0.013644332251,0.003760060362,-0.003113349841,0.00176056338,-0.011745054833,0.106976781909,-108759600.0,40.454000091553,-0.008442165524,0.66000011989,50.378868865118,58.977709969692,0.480001373291
2017-01-26,40.74,0.480001373291,0.003721104095,0.002121167161,-0.000697475878,0.007418397626,-0.037223743546,0.100777832576,-108759600.0,40.364000701904,0.240543597095,0.698571613857,50.378868865118,53.911123386925,0.219999084473
2017-01-27,41.1,0.219999084473,0.00366214671,0.001970566772,-0.000562019723,-0.000243249818,-0.013608571118,0.096571688791,-99349400.0,40.476000213623,0.381314036318,0.70142854963,72.151892591413,57.63654344055,-0.1
2017-01-30,41.09,-0.1,-0.00341461926,0.001978420795,6.8172084e-05,0.007601765571,0.000642182258,0.086600031991,-92315800.0,40.584000396729,-0.129147137253,0.635714122227,73.839695694289,65.456819050273,-0.080001678467
2017-01-31,40.91,-0.080001678467,-0.006827573537,0.002092315247,0.000551660798,0.004419346919,0.006360292031,0.074211268603,-78504200.0,40.718000030518,0.207211276329,0.630713871547,74.261565991126,73.417718092276,0.860000457764
2017-02-01,41.715,0.860000457764,-0.006224614158,0.001914739884,-0.000211917206,0.004696531792,0.054279548251,0.063412803663,-66186000.0,41.009999847412,0.451218980006,0.652857099261,99.212580647765,82.437947444393,0.615001831055
2017-02-02,42.11,0.615001831055,0.0,0.0024419156,0.000412803915,-0.001659554291,0.113250363375,0.063538239935,-54237200.0,41.413999938965,0.45184707682,0.652857371739,98.718041169549,90.73072926948,0.64
2017-02-03,43.05,0.64,0.004444412321,0.001362133209,-0.000554233886,0.00256171402,0.166863936029,0.068767121858,-42400300.0,41.77200012207,0.234396881487,0.665000370571,98.870030899128,98.933550905481,-0.270001220703
2017-02-06,42.48,-0.270001220703,-0.004908814644,0.00201733427,0.000199945808,-0.004919184821,0.189040014217,0.073613354072,-30758100.0,42.12799987793,-0.128697308074,0.659285954067,90.979324912965,96.189132327214,-0.049999694824
2017-02-07,42.64,-0.049999694824,0.003299537795,0.000926004228,-2.134142e-06,0.001644350482,0.165667775855,0.078669927062,-39493300.0,42.412000274658,-0.12848693382,0.66214288984,81.958748168616,90.602701326903,0.249999389648
2017-02-08,42.67,0.249999389648,-0.005362544778,0.001100164204,0.000298143703,0.000938306357,0.166286507968,0.086183060585,-30796000.0,42.636000061035,0.338929037338,0.659285681588,93.814391408879,88.917488163487,-0.269998474121
2017-02-09,42.58,-0.269998474121,0.0,0.001435294118,-0.000129034546,0.001882352941,0.120904294174,0.08947356747,-37527400.0,42.65,-0.28357992092,0.665714536394,81.18558396679,85.652907848095,-0.039999084473
2017-02-10,42.75,-0.039999084473,0.004701475285,0.001394010295,-0.000204846918,0.000233972859,0.088997976891,0.092836527371,-32389000.0,42.608000183105,0.157580217347,0.668571472168,84.79381466453,86.597930013399,-0.009998321533
2017-02-13,42.96,-0.009998321533,0.006083254827,0.001303255814,2.7118985e-05,-0.000930232558,0.070836975422,0.095550081718,-28696600.0,42.600000762939,0.003743562029,0.666428702218,89.948472082834,85.309290238051,0.260001220703
2017-02-14,42.97,0.260001220703,-0.00485892858,0.00159311788,-0.000751610593,-0.000930016275,0.079950717492,0.101151352083,-23024200.0,42.758000946045,0.309721477571,0.67357145037,99.999999974811,91.580762240725,0.680001525879
2017-02-15,43.545,0.680001525879,-0.003436460954,0.001514022989,0.000131766126,0.001034482759,0.102308924634,0.108329000496,-14565400.0,42.910001373291,0.424406414025,0.641428538731,97.561035149221,95.836502402289,0.455
2017-02-16,43.78,0.455,0.0,0.001544090909,3.9471636e-05,-0.005,0.126457739037,0.115508029576,-6619000.0,43.230001068115,0.386285818079,0.630714688982,97.701098998301,98.420711374111,0.420000762939
2017-02-17,44.31,0.420000762939,-0.000678791708,0.001459814354,0.000149920916,0.003169572108,0.140602224356,0.119460066037,2356500.0,43.562001037598,0.218084655573,0.635000228882,99.723038203878,98.3283907838,0.379998626709
2017-02-21,44.71,0.379998626709,-0.000894989977,0.001262544803,0.000342949155,0.001568100358,0.165921189305,0.124818226627,11988500.0,43.952000427246,0.433054256296,0.652143205915,99.75604556965,99.060060923943,0.299998321533
2017-02-22,44.96,0.299998321533,-0.002888186142,0.001137631051,0.000244298991,0.002899843855,0.185689785673,0.128302293123,23376300.0,44.309999847412,0.30185532394,0.610714503697,96.226331646822,98.568471806783,0.049998321533
2017-02-23,44.98,0.049998321533,0.000444355888,0.001286539316,0.000263519847,-0.000888494003,0.180098358526,0.127478896782,23376300.0,44.581999206543,0.219995223716,0.565714427403,95.757482550548,97.24661992234,0.420001525879
2017-02-24,45.38,0.420001525879,-0.002422920851,0.002168469861,-0.000884100882,0.001987193641,0.183383484589,0.125684589291,32835700.0,44.861999511719,0.287573895969,0.545714242118,96.646437879335,96.210084025568,0.300000305176
2017-02-27,45.51,0.300000305176,-0.003721584556,0.001355257697,9.4229929e-05,0.0,0.184621857028,0.127736854279,40444300.0,45.157999420166,0.438257497017,0.535714285714,99.999999971014,97.467973466966,-0.050000915527
2017-02-28,45.0162,-0.050000915527,-0.001099851255,0.002831864257,9.174559e-06,-0.008016747466,0.152182823952,0.124613488835,34301700.0,45.311999511719,-0.063496492881,0.531428745815,93.529378738101,96.72527219615,0.063801831055
2017-03-01,45.32,0.063801831055,0.006432943413,0.00206061274,-0.000313957005,-0.001102049813,0.089778524788,0.115728670992,20090300.0,45.326000213623,-0.268344227212,0.53714288984,82.352993950804,91.96079088664,0.270000152588
2017-03-02,45.45,0.270000152588,-0.001974120471,0.001607998242,0.000549608835,-0.001318391562,0.068456728828,0.113516950586,28976600.0,45.442000579834,0.221279922692,0.537857055664,96.745545072258,90.875972587054,0.239998626709
2017-03-03,45.35,0.239998626709,-0.00590939956,0.001577278732,-0.000384923442,-0.00154117129,0.047681114593,0.113515063849,40140700.0,45.5,0.199237727409,0.540000098092,95.535669655174,91.544736226078,-0.1
2017-03-06,45.0,-0.1,-0.00574581926,0.00173594132,1.8978138e-05,0.000222271616,-0.006233099839,0.112016068716,33351100.0,45.413999938965,-0.183914149601,0.558571406773,80.201334093255,90.827516273562,0.130001068115
2017-03-07,44.785,0.130001068115,-0.007090620147,0.001740682883,-7.3434375e-05,-0.000557911181,-0.057655835221,0.109077299173,27349800.0,45.348000335693,0.140375818412,0.561428615025,75.347263128247,83.694755625559,0.215
2017-03-08,44.9799,0.215,0.00066663954,0.001409726849,0.000924644582,-0.001112591606,-0.105328198699,0.101975747054,20873500.0,45.331999969482,0.199319948292,0.541428702218,65.289278318011,73.612625179838,0.380100610352
2017-03-09,45.44,0.380100610352,0.0,0.00085978836,-0.000166301565,0.00176366843,-0.116640010999,0.097825313758,27272000.0,45.286000061035,0.311509123327,0.532857077462,77.14286229619,72.593134580816,0.190001068115
2017-03-10,45.71,0.190001068115,0.003068143466,0.00076993664,4.2705827e-05,-0.001310902338,-0.110046503651,0.088385448514,32963000.0,45.274000549316,0.350425127353,0.527143205915,88.000052265562,76.810730959921,0.010001220703
2017-03-13,45.58,0.010001220703,-0.001531051902,0.000969112815,-0.000329027291,-0.001533406353,-0.103812312103,0.077365901002,39068900.0,45.368000793457,-0.072147055403,0.507143293108,90.769307444842,85.304074002198,-0.050001220703
2017-03-14,45.15,-0.050001220703,-0.007467607329,0.001972775564,-0.001078459147,-0.000664010624,-0.115762641512,0.06379293264,32028400.0,45.448000335693,-0.103053591689,0.50285748073,73.504200987683,84.091186899363,-0.350000762939
2017-03-15,45.055,-0.350000762939,0.003571425226,0.000868180806,-0.000106968914,0.003228679581,-0.172681727317,0.051850098546,24523900.0,45.408000183105,-0.400892612961,0.535714558193,11.111183555381,58.461563995969,0.264999694824
2017-03-16,45.07,0.264999694824,-0.00330983069,0.001480850122,-0.000354677798,-0.002213858756,-0.174636909551,0.042210574762,31368300.0,45.4,0.339290977455,0.531429018293,55.555591734955,46.72365875934,-0.090000457764
2017-03-17,44.98,-0.090000457764,0.00266782866,0.001718403548,0.000130452765,-0.00266075388,-0.196524484963,0.034689177801,24664100.0,45.269999694824,-0.118328712202,0.552857535226,29.508217200717,32.058330830351,0.209998626709
2017-03-20,44.955,0.209998626709,0.0,0.001329787234,0.000127899795,-0.003656914894,-0.194210329929,0.02735444064,36941500.0,45.163999176025,0.095532349965,0.55357170105,46.721239674539,43.928349536737,0.024999542236
2017-03-21,45.34,0.024999542236,0.003779501676,0.001239424142,-0.000271937499,0.004208194906,-0.203208968271,0.025319013213,33419900.0,45.053999328613,-0.287663114402,0.534286226545,29.508217200717,35.245891358658,-0.540000762939
2017-03-22,44.84,-0.540000762939,0.003124986429,0.001675050078,-0.000602959147,-0.002003115958,-0.216448916488,0.026588435053,27852800.0,45.053999328613,-0.215654308883,0.545715059553,16.129071940084,30.78617627178,-0.029998626709
2017-03-23,44.8601,-0.029998626709,-0.002231695732,0.001038926174,0.000382668933,0.003581655481,-0.21903433281,0.02769926027,33051700.0,44.951999664307,-0.130057992441,0.545000621251,17.60009764217,21.079128927657,-0.090099542236
2017-03-24,44.79,-0.090099542236,-0.000223411573,0.001295799821,-6.4943315e-05,0.000670241287,-0.217498017553,0.029258639078,29098900.0,44.909999847412,0.079468724509,0.532143729074,14.400024402542,16.043064661599,-0.060000457764
2017-03-27,44.6,-0.060000457764,-0.004471289179,0.00111161015,0.000258340265,0.00157197395,-0.212963095,0.029419505687,24345700.0,44.818000030518,-0.021123432891,0.534286771502,11.199951162915,14.400024402542,0.100000762939
2017-03-28,44.47,0.100000762939,0.000894875052,0.001396960215,-0.00053789356,-0.006034868127,-0.205662732683,0.030409279952,17431000.0,44.762000274658,0.211905696867,0.528572354998,21.379393790717,15.659789785391,0.230000762939
2017-03-29,44.44,0.230000762939,-0.000671198959,0.001533467652,4.8067117e-05,-0.005148869487,-0.194628544371,0.031704043177,17431000.0,44.742000579834,-0.032645825012,0.527143750872,27.848223494403,20.142522816012,0.229998168945
2017-03-30,44.44,0.229998168945,-0.000895390698,0.001413174994,0.000632037383,-0.004257226081,-0.183303594282,0.031507417612,13244100.0,44.713999938965,0.005260815312,0.532857894897,25.949327342167,25.058981542429,0.109999237061
2017-03-31,44.53,0.109999237061,-0.004938213463,0.001167606587,-0.000157846179,0.004511617415,-0.177715643007,0.030625954226,8832500.0,44.669999694824,-0.129969728878,0.531429018293,19.079001842093,24.292184226221,-0.120000152588
2017-04-03,44.325,-0.120000152588,0.000225136716,0.001656524679,-0.000351078055,-0.001014198783,-0.176887793675,0.032642259134,1686000.0,44.605999755859,0.087147736121,0.527143205915,13.157991589455,19.395440257905,0.145001220703
2017-04-04,44.35,0.145001220703,0.001349169259,0.000963179165,-0.000377287138,-0.004265828469,-0.165920136739,0.03408748689,9641000.0,44.559999847412,0.053131858542,0.510714667184,29.545415115033,20.594136182194,-0.169999694824
2017-04-05,44.16,-0.169999694824,-0.000226395115,0.001007471134,-0.000501175328,-0.000226398008,-0.171130150385,0.037424630896,4241800.0,44.455999755859,-0.317960738258,0.506428854806,12.408879029084,18.370761911191,-0.360000762939
2017-04-06,43.49,-0.360000762939,0.000228359279,0.001814654189,0.000990794452,-0.007304268432,-0.191560456267,0.042335894746,-3520500.0,44.281999969482,-0.210648376182,0.512857437134,5.952289041466,15.968861061861,0.179998168945
2017-04-07,43.68,0.179998168945,-0.001144933345,0.001281063732,-0.000227306379,0.001375515818,-0.204068535079,0.045030905405,-9587800.0,44.105999755859,-0.146909629655,0.51000050136,15.763511613892,11.374893228147,0.150001831055
2017-04-10,43.885,0.150001831055,0.0,0.00086470454,-8.2846047e-05,0.001254848277,-0.191982883435,0.043628175497,-4260000.0,43.990000152588,0.280653769175,0.511429105486,23.64545533672,15.120418664026,-0.294999847412
2017-04-11,43.29,-0.294999847412,-0.00848816083,0.00148972049,-1.3698126e-05,0.0,-0.190205746354,0.044395822301,-8581300.0,43.813999938965,-0.280899931138,0.485714503697,13.333403968348,17.58079030632,0.290001831055
2017-04-12,43.49,0.290001831055,-0.005966088236,0.001962142198,0.000504669371,0.003924284395,-0.179871152674,0.048123826097,-13453200.0,43.694000244141,0.405166273516,0.483571461269,21.500015248039,19.492958184369,-0.010000457764
2017-04-13,42.68,-0.010000457764,-0.024838961079,0.002158962264,-0.001041603715,0.006603773585,-0.170048547647,0.048879371104,-18232100.0,43.630000305176,0.204598879432,0.483571461269,16.499900809621,17.111106675336,-0.010001831055
2017-04-17,42.54,-0.010001831055,0.0,0.001980314038,0.002263149774,-0.003046636981,-0.205984672221,0.058456431228,-29659100.0,43.430000305176,0.243518449373,0.522142682757,11.428518040405,16.476144699355,0.770001373291
2017-04-18,43.23,0.770001373291,-0.005079686302,0.001512183801,-0.000215452067,0.003249013692,-0.17571226558,0.058331092409,-21590600.0,43.326000213623,0.311419804378,0.569285529,39.525710754796,22.484709868274,0.200000305176
2017-04-19,43.47,0.200000305176,0.008058910239,0.005457867093,-0.000690987584,-0.007307604476,-0.138313537872,0.057755090138,-11459400.0,43.294000244141,0.277093996153,0.577142715454,44.268753827357,31.740994207519,0.120000152588
2017-04-20,43.575,0.120000152588,0.002294069139,0.001266651408,-3.277001e-05,-0.002632181277,-0.095540663773,0.056755065828,1995200.0,43.295999908447,-0.097859563536,0.606428418841,50.996001383979,44.930155322044,0.404999542236
2017-04-21,43.9,0.404999542236,-0.000909525147,0.001319981793,0.000237208874,-0.000910332271,-0.036745813607,0.054415296322,7867100.0,43.395999908447,0.237321424925,0.629285812378,66.533836056905,53.93286375608,-0.370001220703
2017-04-24,43.89,-0.370001220703,0.012405259147,0.001477422283,0.000181577736,-0.004084411164,-0.024513918641,0.052721738625,347300.0,43.568000030518,-0.366410176757,0.633571624756,53.043383050623,56.857740163836,0.240001068115
2017-04-25,44.21,0.240001068115,0.001812780748,0.001470255598,0.000306336745,0.0,0.024956615877,0.050205408795,7074300.0,43.731999969482,0.076189164253,0.647857393537,81.250063825908,66.942427644479,-0.450001678467
2017-04-26,43.95,-0.450001678467,0.003884871804,0.001078306397,-0.000166388692,0.000455269747,0.033213944641,0.047394705078,281200.0,43.797999572754,-0.349944489434,0.654285975865,65.022297992844,66.438581623125,-0.150000762939
2017-04-27,43.835,-0.150000762939,0.003652964616,0.001457461328,0.000655705132,-0.002843494086,0.041296546228,0.043936327416,5872400.0,43.839999389648,-0.142704807462,0.625714710781,71.634580962848,72.635647593867,-0.184998474121
2017-04-28,43.65,-0.184998474121,0.000458113227,0.001351041905,-0.000159378947,-0.000457980307,0.036626537207,0.040106290449,-1614900.0,43.773999786377,-0.373349495822,0.622143064226,64.42314566676,67.026674874151,-0.010000610352
2017-05-01,43.565,-0.010000610352,-0.001604026027,0.001148633127,0.000132784759,0.000804043189,0.033058959756,0.036517061774,-7629000.0,43.795999908447,-0.057133213676,0.612857273647,63.942273274238,66.666666634615,-0.085000457764
2017-05-02,43.49,-0.085000457764,0.004139841469,0.001075355016,-0.000522996049,-0.003893724233,0.020721531799,0.033713916614,-12748100.0,43.665999603271,-0.128443260381,0.607143129621,56.249965585629,61.538461508876,0.109998474121
2017-05-03,43.591,0.109998474121,0.000229406802,0.001259573492,-0.000465269418,-0.00043567989,0.021355719209,0.0291171163,-6582000.0,43.633999633789,-0.079206651652,0.600714819772,62.019150502316,60.737129787394,0.129001220703
2017-05-04,44.01,0.129001220703,0.000686156872,0.001268571429,0.000298521263,0.005942857143,0.030038588119,0.026752735642,-2002300.0,43.618000030518,0.214514448353,0.59071459089,67.788518818084,62.019211635343,0.580000152588
2017-05-05,44.555,0.580000152588,-0.000224227887,0.000684157417,-7.4239803e-05,-0.000896961543,0.091105584727,0.03328237707,4549100.0,43.805999755859,0.492514839083,0.575000217983,99.99999995614,76.602556425513,0.084999389648
2017-05-08,44.68,0.084999389648,0.001344116804,0.001859318996,6.7372489e-05,0.000896057348,0.129266591945,0.038926124032,10442300.0,44.005999755859,0.145204092405,0.513571602958,97.109869869271,88.299462881165,3.05176e-07
2017-05-09,44.655,3.05176e-07,-0.000671414035,0.001141387025,-0.000238572562,-0.001006711409,0.150137411487,0.04372234206,16762400.0,44.245999908447,-0.03401633059,0.487857273647,87.640398821787,94.916756215733,0.014998168945
2017-05-10,44.575,0.014998168945,0.00067164977,0.001211374832,0.000360668453,-0.001903269145,0.155543722035,0.047421402923,11819300.0,44.459999847412,0.049961822964,0.439999989101,85.442842326677,90.064370339245,-0.075
2017-05-11,44.15,-0.075,-0.002471923828,0.001531651273,-0.000386011753,-0.005406623113,0.140408681577,0.04921199607,6566000.0,44.615999603271,-0.299321890932,0.418571472168,74.683477021116,82.588906056527,-0.289999389648
2017-05-12,43.94,-0.289999389648,0.000912013565,0.000911166933,-0.000152616668,0.003425439598,0.082877724406,0.048571358952,-505600.0,44.469999694824,-0.427470842315,0.430714471,34.177233505173,64.767850950989,0.019999084473
2017-05-15,43.98,0.019999084473,-0.000909938953,0.00125273224,0.000213210524,0.001366120219,0.048825735624,0.041238001732,5270200.0,44.333999633789,0.103408369256,0.400714329311,40.506243515943,49.788984680744,0.060000915527
2017-05-16,43.935,0.060000915527,0.012488629101,0.002265081857,-0.000351373023,-0.01468939224,0.029887548111,0.039070061481,9493700.0,44.205999755859,0.185570007109,0.3792855399,45.569644673564,40.084373898227,-0.245001373291
2017-05-17,43.18,-0.245001373291,0.0,0.001658986175,0.000133829858,-0.005069124424,-0.006094808616,0.037854391677,2334400.0,44.009999847412,-0.367852241516,0.432142530169,23.417626763357,36.497838317621,-0.099998168945
2017-05-18,43.11,-0.099998168945,0.002089051394,0.001449860724,-0.000248581198,0.00069637883,-0.067452216537,0.041397650173,-3654900.0,43.726000213623,-0.469132416889,0.4485710689,1.621759830205,23.536343755709,-0.130000457764
2017-05-19,43.08,-0.130000457764,0.003955374254,0.001147161066,6.5997856e-05,-0.001622247972,-0.108797363008,0.045897300636,-8880000.0,43.55,-0.232846341224,0.459285191127,4.950418386652,9.996601660071,0.079999847412
2017-05-22,43.33,0.079999847412,0.002548670314,0.001375086665,0.000353944757,0.001386642015,-0.117314748197,0.047801192324,-2997000.0,43.390000152588,0.019717557715,0.459285191127,13.861322559711,6.811166925523,0.399999542236
2017-05-23,43.925,0.399999542236,-0.000457362405,0.00125680311,-5.8641979e-05,0.00445918134,-0.079653599208,0.04760832464,2805200.0,43.32799987793,0.307504556261,0.488570894514,42.079122825612,20.296954590658,-0.244999694824
2017-05-24,43.63,-0.244999694824,0.002518328974,0.001396520147,0.000114613181,-0.001144688645,-0.054408236023,0.047715171364,-1867200.0,43.326000213623,-0.020975876555,0.509285245623,39.603913632286,31.848119672536,-0.100001220703
2017-05-25,43.47,-0.100001220703,0.005743165794,0.001725445409,-0.000130808744,-0.00708085884,-0.044526155574,0.048187975714,-6452600.0,43.415999603271,-0.3288569306,0.474999564035,32.178097205952,37.953711221283,0.480000762939
2017-05-26,43.92,0.480000762939,-0.000682652866,0.001086183311,-0.000272603263,0.001367989056,-0.008313741633,0.048030887393,-1979200.0,43.609999847412,0.158158004404,0.499999727522,52.970269891874,41.584093576704,0.789999084473
2017-05-30,44.225,0.789999084473,-0.005591590363,0.001078947368,-2.0010905e-05,-0.005285650022,0.06422042135,0.050711606571,6644900.0,43.919999694824,0.398663431673,0.553570883615,92.893422592814,59.347263230213,0.775
2017-05-31,45.515,0.775,0.004444461399,0.001236504425,-0.000274581291,0.006969026549,0.1255774845,0.054275211701,14764600.0,44.173999786377,0.313260390673,0.602142333984,95.495558922478,80.453083802389,0.144999847412
2017-06-01,45.615,0.144999847412,-0.003066127685,0.001155975395,0.000221160378,0.002086994728,0.200038770333,0.063126828454,25214400.0,44.569999694824,0.409749967966,0.632142203195,96.864104980784,95.084362165358,0.484998474121
2017-06-02,46.29,0.484998474121,0.004989226997,0.001584502482,-0.000237144009,-0.000863371466,0.264314252664,0.074297545554,32599900.0,45.083999633789,0.467150834331,0.625713348389,99.999999968944,97.453221290735,0.21
2017-06-05,46.59,0.21,0.001505369781,0.00116298046,0.000599156799,0.000429461026,0.315681096515,0.087206518829,39485600.0,45.593999481201,0.216799977237,0.635713577271,98.637622261776,98.500575737168,0.029998931885
2017-06-06,46.555,0.029998931885,-0.00085793869,0.001107342207,0.000126318177,-0.000536711035,0.33767570853,0.098623280958,47296200.0,45.975999450684,0.071534974041,0.638570785522,96.640798321401,98.42614018404,-0.194999389648
2017-06-07,46.32,-0.194999389648,0.000431416253,0.000880593804,6.2503906e-05,-0.003442340792,0.315087212542,0.105942289711,41247900.0,46.247999572754,-0.285376103852,0.581427982875,89.922493586898,95.066971390025,0.240001373291
2017-06-08,46.465,0.240001373291,0.0,0.001804470486,9.7803603e-05,0.008355034722,0.294376933899,0.11359485864,45606300.0,46.42799987793,0.247217713293,0.562142235892,95.090473382447,93.884588430249,0.255001220703
2017-06-09,46.735,0.255001220703,0.001926373079,0.001363888297,0.000173433305,-0.003730547858,0.272705842971,0.121067011542,53970700.0,46.552000427246,0.086815720772,0.609285354614,93.450925881034,92.821297616793,0.555000915527
2017-06-12,47.36,0.555000915527,0.0,0.002728426396,-0.000578845487,0.001692047377,0.277112248561,0.129715762475,63088000.0,46.710000610352,0.376102054667,0.631428309849,99.524930047842,96.022109770441,-0.190001831055
2017-06-13,47.41,-0.190001831055,0.001484068523,0.001237309645,0.000735850084,0.002749576988,0.252966593994,0.135485861514,55722500.0,46.820000457764,-0.103262791213,0.61571420942,87.268446956386,93.414767628421,0.049999084473
2017-06-14,47.675,0.049999084473,0.0,0.000970080067,0.000210280181,0.004530130636,0.237779730212,0.14148042965,62886200.0,47.040000152588,0.238992595735,0.612142835345,93.98143158478,93.591602863003,-0.035000610352
2017-06-15,47.61,-0.035000610352,-0.001259394613,0.001440210526,0.000352865491,0.002315789474,0.221442253354,0.145028825562,68963100.0,47.255999755859,0.218695052589,0.614285605294,94.808137080359,92.019338540508,0.509998931885
2017-06-16,48.18,0.509998931885,0.00124691136,0.001315691158,-0.000371178074,0.0,0.223880570812,0.145339606285,78329800.0,47.535999298096,0.288427652621,0.643571308681,95.12192231638,94.637163660506,0.029999084473
2017-06-19,48.35,0.029999084473,0.002696558195,0.001151220521,-1.2802318e-05,0.000206868018,0.212560252724,0.141844486443,88232000.0,47.719998931885,0.031876303565,0.612143107823,95.923215737818,95.284425044852,0.539999389648
2017-06-20,49.15,0.539999389648,0.0,0.001342933007,5.7439718e-05,0.003880718954,0.230377681783,0.140535028928,95641500.0,48.063999176025,0.280039903093,0.621428625924,92.982482953959,94.675873669386,-0.379999542236
2017-06-21,48.865,-0.379999542236,0.000410097551,0.001413729508,-0.000631791317,0.001331967213,0.213944907486,0.138769604996,87140800.0,48.325999450684,-0.103451384756,0.607142857143,86.16190457815,91.689201089976,-0.295000305176
2017-06-22,48.735,-0.295000305176,0.000617640096,0.001517908604,-0.000287657047,0.003190613421,0.171313048765,0.131824135096,78869000.0,48.511999511719,-0.16528769449,0.607857295445,78.402387209084,85.848924913731,0.535000457764
2017-06-23,49.02,0.535000457764,-0.001826672453,0.001154517766,1.9706631e-05,-0.004670050761,0.171540481691,0.123533262151,87583100.0,48.741999816895,0.321145612073,0.652857371739,91.280666954315,85.28165291385,0.060001831055
2017-06-26,49.1401,0.060001831055,0.002648680696,0.000933170831,-0.000101352972,-0.001826122283,0.141430708584,0.113153266125,78239200.0,48.916000366211,-0.124230273492,0.654285975865,86.103595456696,85.262216540032,-0.230100152588
2017-06-27,48.74,-0.230100152588,0.000817847386,0.001522982635,-0.001475435794,-0.004290091931,0.094838356378,0.105000398405,72936600.0,48.920000457764,-0.262130989608,0.66714314052,81.471391322912,86.285217911308,-0.070001831055
2017-06-28,48.83,-0.070001831055,0.005342143949,0.000953198447,-0.000364601811,-0.002043735949,0.035674118216,0.095016792131,69043400.0,48.9,-0.286738481713,0.675000326974,74.93183958776,80.835608789123,-0.350000457764
2017-06-29,48.92,-0.350000457764,0.005156765725,0.001672275805,-0.00117496697,0.003899035502,-0.025158677961,0.087554593062,60677100.0,48.881999969482,-0.328910383598,0.647143227713,62.116024049147,72.839751653273,-0.190000457764
2017-06-30,48.84,-0.190000457764,0.001026046327,0.001455514555,-0.000755060084,0.0012300123,-0.055711312124,0.082537832285,66725600.0,48.773999786377,0.007182441715,0.652143205915,64.462813798949,67.170225811952,-0.229999389648
2017-07-03,48.75,-0.229999389648,0.00246860585,0.001272055806,0.0005982654,0.000205170291,-0.08916879789,0.078534833754,62002300.0,48.679999542236,-0.188654536386,0.644285746983,58.995824556656,61.858220801584,-0.040000915527
2017-07-05,48.905,-0.040000915527,0.000205340514,0.001590722496,0.000381742646,0.003797208539,-0.108450137451,0.074445716065,64457100.0,48.639999389648,-0.022415670297,0.639285768781,60.360334016388,61.272990790664,0.095
2017-07-06,48.72,0.095,-0.003469350387,0.001386852345,-0.000243167456,-0.002252713496,-0.105462691796,0.067545495084,70094300.0,48.705999755859,0.322671205282,0.640714372907,73.42343113058,64.259863234541,-0.780001373291
2017-07-07,48.24,-0.780001373291,0.004797654335,0.001527518172,0.000133807288,0.001869158879,-0.174587831237,0.059381853973,64429000.0,48.597999572754,-0.453531270801,0.649999891009,7.82119094777,47.201652031579,0.199998626709
2017-07-10,48.28,0.199998626709,-0.000412891378,0.001074854284,-0.000236977797,-0.002891367204,-0.185334523752,0.050549292049,68783300.0,48.539999389648,0.275161481317,0.647142682757,31.95251711903,37.73237973246,-0.050000457764
2017-07-11,48.2301,-0.050000457764,-0.000621994186,0.000934687954,0.000102249512,2.073398e-06,-0.203815445346,0.045869914931,65303400.0,48.463999176025,-0.239545243157,0.602142878941,19.526525699301,19.7667445887,-0.080098474121
2017-07-12,48.15,-0.080098474121,0.000415298908,0.000997300104,9.6125542e-05,0.0,-0.217414330354,0.039136263057,61219000.0,48.351999664307,-0.06005184836,0.590714318412,14.792911420225,22.090651412852,0.280000305176
2017-07-13,48.45,0.280000305176,0.0,0.001003510221,-2.8420245e-05,0.000412967169,-0.20377068767,0.033632586204,65125900.0,48.237999725342,0.195531389249,0.594285692487,31.360899979863,21.893445699796,-0.369998168945
2017-07-14,48.49,-0.369998168945,0.002495817956,0.001193153527,-0.000148956979,0.00601659751,-0.213507697007,0.030203063886,58109300.0,48.266000366211,-0.242720497547,0.567142486572,15.432108930765,20.528640110284,0.419999847412
2017-07-17,48.96,0.419999847412,0.0,0.000979554283,0.000123626393,0.001022285831,-0.161597569388,0.029525235426,62220300.0,48.360000610352,0.379605476755,0.61285672869,66.666588133749,37.819865681459,-0.200001678467
2017-07-18,48.3801,-0.200001678467,-0.001435596744,0.001376874101,4.7480453e-05,-0.006364756624,-0.135942393075,0.028613963668,58861900.0,48.466000366211,-0.238761039399,0.594999313354,67.883008384558,49.993901816357,0.359901678467
2017-07-19,48.82,0.359901678467,0.001230971615,0.001210267948,-0.00060479582,-0.001431785641,-0.119481750216,0.028266650794,54698300.0,48.584000396729,0.049709699481,0.601427895682,66.423398264694,66.990998261,0.610000305176
2017-07-20,50.03,0.610000305176,0.005057657262,0.004659822866,0.000623034342,0.007045088567,-0.06406439438,0.031838066768,61183300.0,48.784000396729,0.45084281442,0.605713435582,97.560918817688,77.28910848898,0.819998474121
2017-07-21,50.78,0.819998474121,-0.002359861071,0.002542874039,0.000927306521,0.000985610093,0.059598086155,0.05115522853,73514500.0,49.337999725342,0.346153176167,0.681427819388,91.515070919874,85.166462667419,0.060000152588
2017-07-24,50.75,0.060000152588,-0.000590062534,0.001229679197,0.001024200623,-0.001180869907,0.128157825766,0.063148644474,65534200.0,49.723999786377,0.129328371259,0.681427819388,91.212091409519,93.42936038236,0.049999237061
2017-07-25,50.8,0.049999237061,0.003543313147,0.001406433896,-0.000339569693,-0.003530796391,0.156379426979,0.072394090891,56949900.0,50.131999969482,-0.00449931538,0.687856401716,89.99994217427,90.909034834554,0.030001831055
2017-07-26,50.74,0.030001831055,-0.001770610847,0.001462357115,3.4392196e-05,0.0,0.161949481644,0.080080056971,62642700.0,50.55,-0.19362689377,0.683570861816,90.909111899163,90.707048494317,-0.339998474121
2017-07-27,50.295,-0.339998474121,-0.00158733787,0.002154958267,0.00021921496,-0.00049682035,0.123304568295,0.083343242811,56585600.0,50.744000244141,-0.309457269996,0.644999640329,77.87879661253,86.262616895321,-0.184999389648
2017-07-28,50.025,-0.184999389648,0.000997789592,0.001523828514,-0.000321955282,-0.002492522433,0.067625797726,0.084128637884,49214700.0,50.596000671387,-0.228841790676,0.641428266253,69.090888052352,79.292932188015,-0.414999389648
2017-07-31,49.71,-0.414999389648,0.0,0.001223874598,-2.1202528e-05,-0.001004823151,-0.009366475237,0.083866016082,43526400.0,50.350000762939,-0.391594493416,0.662857055664,53.939369402491,66.969684689124,-0.529999694824
2017-08-01,48.92,-0.529999694824,0.000609979242,0.00205341186,-0.000598537695,-0.006498781478,-0.091193011333,0.082957410204,37490200.0,50.026000976562,-0.309263170139,0.683571406773,40.909054115858,54.646437190234,0.230001525879
2017-08-02,49.08,0.230001525879,-0.000203502257,0.001355107855,0.000285982333,-0.001221001221,-0.146025077448,0.082268672612,32392200.0,49.690000915527,-0.044843339449,0.676428658622,39.999999987879,44.949474502076,0.149999542236
2017-08-03,49.27,0.149999542236,0.000609359731,0.001329679253,-2.0519165e-05,0.000203004466,-0.173710586021,0.082070329629,37233700.0,49.456000518799,0.100518857192,0.66000011989,36.241549728042,39.05020127726,-0.110000152588
2017-08-04,49.26,-0.110000152588,0.001627376552,0.000934199838,-0.000204343132,0.000406173842,-0.192106420078,0.077821632978,32868000.0,49.266000366211,-0.135225014111,0.612143107823,30.877205652046,35.706251789322,-1.678467e-06
2017-08-07,49.25,-1.678467e-06,0.0,0.000716605765,-1.4679988e-05,-0.000203004466,-0.192428590714,0.075778300712,36202700.0,49.195999908447,0.039771322606,0.609286172049,34.3859212232,33.834892201096,0.049999237061
2017-08-08,48.95,0.049999237061,-0.001216989037,0.001272061814,-0.000442296626,-0.004676697845,-0.184795970887,0.07236670003,39101000.0,49.219999694824,0.074269327246,0.588572093419,24.066309246433,29.776478707226,-0.069998931885
2017-08-09,48.72,-0.069998931885,-0.002455047953,0.000748564397,-0.000619587138,-0.000820344545,-0.201512436584,0.068886386113,35710300.0,49.165999603271,-0.414206532781,0.571429116385,6.63899823552,21.697076235051,0.050000457764
2017-08-10,48.64,0.050000457764,-0.000615107218,0.001040169712,0.000307578128,-0.001437076576,-0.212371525028,0.067308729017,31607400.0,49.073999786377,0.015877055084,0.476428985596,13.229579487512,14.644962323155,-0.579998626709
2017-08-11,48.1,-0.579998626709,0.003745324595,0.000912313433,-3.382422e-05,-0.002902155887,-0.256796534775,0.067457309866,26955200.0,48.854000091553,-0.41667767402,0.502143314907,0.339055377637,6.735877700223,0.440000915527
2017-08-14,48.9,0.440000915527,0.004120328784,0.001545155993,-0.000226881029,0.003694581281,-0.243402957746,0.068935568266,30934100.0,48.710000610352,0.218580886741,0.515714645386,16.61022208728,10.059618984143,0.180001831055
2017-08-15,49.06,0.180001831055,-0.000407507274,0.000919282511,-0.000158780329,0.0,-0.190088012051,0.067976928169,34182500.0,48.66600112915,0.314694565008,0.539285932268,37.31890566678,18.089394377232,-0.240000305176
2017-08-16,49.02,-0.240000305176,0.004506374889,0.000739804241,0.000225162886,-0.000407830343,-0.165167060214,0.067674476094,31260400.0,48.654000854492,-0.295907155697,0.527857099261,33.333333318903,29.087487024321,0.790001373291
2017-08-17,49.81,0.790001373291,-0.003613738209,0.001035462422,0.000923960725,0.003626838606,-0.079200538762,0.067832383953,37752500.0,48.862001037598,0.441518765642,0.567142759051,81.86050634045,50.837581775377,-0.519999084473
2017-08-18,48.8546,-0.519999084473,-0.003854786729,0.001342566191,-0.000277501746,-0.00499796334,-0.055662638677,0.063230509592,31119400.0,49.108000946045,-0.179758996994,0.582142693656,59.047634589677,58.080491416343,-0.114598321533
2017-08-21,48.76,-0.114598321533,0.000820621655,0.001537515375,0.000810890809,-0.0004100041,-0.074275270239,0.058769518647,26308600.0,49.148001098633,-0.362318619733,0.577142715454,32.857223287406,57.921788072511,0.120001068115
2017-08-22,49.16,0.120001068115,0.001432072285,0.002070785597,-0.00027207811,0.005728314239,-0.074127944783,0.052455389609,30590600.0,49.108000946045,0.126147998545,0.564285550799,39.523853620487,43.80957049919,0.549999084473
2017-08-23,49.54,0.549999084473,-0.003218665266,0.00112209889,7.4127416e-05,-0.000201816347,-0.018026911778,0.044102481559,34609400.0,49.286000823975,0.40150932166,0.599999836513,79.047525588922,50.476200832272,0.099999389648
2017-08-24,49.64,0.099999389648,0.002014550565,0.000979895456,-0.000239527625,-0.002010454363,0.012809247871,0.038770486842,30050400.0,49.252000427246,0.122249639833,0.601428168161,75.714210422381,64.761863210597,-0.259998931885
2017-08-25,49.69,-0.259998931885,0.004252715268,0.001621496269,-0.000210360247,0.002016535592,0.014038928568,0.034620136077,26178600.0,49.270000457764,-0.347778918822,0.618570872716,63.33335146838,72.698362493228,-0.340001525879
2017-08-28,49.73,-0.340001525879,0.003850100249,0.001044408559,-0.00021692458,0.003835284618,0.011293172398,0.033666985059,21326200.0,49.391999816895,-0.262108800535,0.630713599069,61.904658074111,66.984073321624,0.529998321533
2017-08-29,49.73,0.529998321533,-0.006963758174,0.001445201362,-0.000404782797,-0.003606491685,0.066162646862,0.039604889329,27453100.0,49.667999267578,0.441991456998,0.667142323085,96.086948547697,73.774986030062,0.420001525879
2017-08-30,49.97,0.420001525879,-0.00259224455,0.00121062686,8.4097526e-05,-0.00099960016,0.089023282257,0.043415066185,23335800.0,49.755999755859,0.159776695498,0.691427775792,91.304477587096,83.098694736301,0.140000610352
2017-08-31,50.29,0.140000610352,0.0037916309,0.001381709742,-8.6629997e-05,-0.000198807157,0.094887076635,0.046321414465,20409600.0,49.85,0.135745643684,0.658570698329,89.519730632946,92.303718922579,0.649998626709
2017-09-01,51.19,0.649998626709,0.001766787495,0.001146159875,-0.000165883789,0.002938871473,0.145095223071,0.055283696287,26617400.0,50.161999511719,0.34965223204,0.674999237061,95.546529278146,92.123579166062,-0.009999694824
2017-09-05,50.87,-0.009999694824,-0.00664322295,0.001494591937,-0.000113649359,0.000393313668,0.182482666975,0.064293658532,31216800.0,50.52799987793,0.130863239024,0.667142050607,91.872801965738,92.31302062561,0.159998779297
2017-09-06,51.22,0.159998779297,0.003331412654,0.00132109375,4.9455784e-05,0.000390625,0.184569423027,0.070168247889,27189600.0,50.681999969482,0.181215370157,0.677142279489,86.572390977501,91.330574073795,-0.030001373291
2017-09-07,51.42,-0.030001373291,0.004102420488,0.001570428016,0.000273275748,0.000389105058,0.183783892996,0.074867102767,34909100.0,50.889999389648,-0.010375698914,0.630713599069,91.901414093859,90.115535679032,0.070001678467
2017-09-08,51.56,0.070001678467,-0.003884264059,0.001598752193,0.000577680302,0.005264184051,0.189755045235,0.07964006684,39540800.0,51.165999603271,0.096595475165,0.601427623204,95.723770449001,91.39919184012,0.460000457764
2017-09-11,52.585,0.460000457764,0.006343675768,0.001024441474,0.000339870155,0.004105403857,0.213893437245,0.081948542476,45762600.0,51.381999969482,0.432684094114,0.619284766061,96.358513159895,94.661232567585,-0.134999237061
2017-09-12,52.41,-0.134999237061,0.000762648521,0.001238095238,-2.766571e-05,-0.001714285714,0.241284153374,0.088053457446,49431400.0,51.636000061035,0.090372085894,0.632141930716,95.967800625367,96.016694744754,-0.16
2017-09-13,52.16,-0.16,-0.000191355436,0.001387251149,0.000154030624,-0.001531393568,0.228522364891,0.092564145896,45671800.0,51.880000305176,-0.17550370713,0.60999924796,89.296671733404,93.874328506222,-0.16
2017-09-14,51.98,-0.16,-0.001346147977,0.001330248699,-2.173908e-06,0.002120686331,0.187551075245,0.092227123067,41457700.0,52.042000579834,-0.26849687348,0.614285332816,81.651403948386,88.971958769052,-0.290001373291
2017-09-15,51.69,-0.290001373291,0.001160792704,0.001027246377,-6.790436e-06,-0.00115942029,0.126789785175,0.093453039959,35889400.0,52.081999969482,-0.221290493564,0.615713936942,72.000004672858,80.982693451549,0.069998321533
2017-09-18,51.84,0.069998321533,0.00251161268,0.001691269994,0.000592461142,-0.000963576797,0.080771514312,0.092141134746,42589100.0,52.029999542236,0.016585763139,0.611428124564,72.990320938865,75.547243186703,0.240001831055
2017-09-19,51.935,0.240001831055,0.001344080114,0.001179290508,-7.8207034e-05,-0.004122722915,0.06217680085,0.087171021213,45960100.0,51.955999755859,0.198583694757,0.574999673026,83.279833451089,76.090053020937,-0.525000152588
2017-09-20,51.54,-0.525000152588,-0.000389038277,0.001712200817,-7.178839e-06,0.002918855809,-0.001576143758,0.079100740889,42169200.0,51.787999725342,-0.41682556227,0.580714362008,56.410299384216,70.89348459139,0.349999389648
2017-09-21,51.73,0.349999389648,-0.000192683015,0.000700424383,-0.000205756998,-0.00212191358,-0.016897354966,0.076591681182,47136200.0,51.765999603271,0.476806144064,0.594285692487,71.485956051678,70.392029628994,-0.299999694824
2017-09-22,51.93,-0.299999694824,0.001555473768,0.001674432149,0.001035270561,0.008153756552,-0.061009334606,0.07161789263,41398600.0,51.713999938965,-0.369168432405,0.569999967303,40.306187966248,56.067481134047,0.579998321533
2017-09-25,52.66,0.579998321533,-0.000952185082,0.001683949676,0.000462082012,0.003812428517,-0.02243631739,0.066527620498,49377600.0,51.863999938965,0.473245950858,0.609285899571,95.408153286654,69.066765768193,-0.049999389648
2017-09-26,53.0,-0.049999389648,0.000190046026,0.00124477385,0.000690646475,0.00722158875,0.003450091701,0.058689542122,59155700.0,51.969999694824,0.164043778444,0.604285648891,90.116370568183,75.276903940362,-0.150001525879
2017-09-27,52.97,-0.150001525879,0.0,0.001710879849,0.000325610991,0.002270577105,0.028954099343,0.058090280754,66115800.0,52.257999420166,0.168688832716,0.62714276995,79.262620117749,88.262381324195,-0.819998474121
2017-09-28,54.27,-0.819998474121,0.049856153366,0.004346849315,0.001134656172,-0.008767123288,-0.007172802212,0.051645057683,58090200.0,52.309999847412,-0.214087536804,0.701428822109,42.786135725114,70.721708803682,-0.630000610352
2017-09-29,53.49,-0.630000610352,0.0,0.00134277726,-0.000190634805,-0.002982292637,0.059741769156,0.052208496057,72951300.0,52.751999664307,-0.455294893271,0.829285757882,66.180765455807,62.743173766223,-0.129999389648
2017-10-02,53.32,-0.129999389648,0.005247353375,0.00153803132,0.000382385473,-0.005965697241,0.074639752803,0.054362537847,64492300.0,52.92200012207,-0.275313621369,0.822857175555,58.01753646738,55.661479216101,0.360000305176
2017-10-03,53.87,0.360000305176,0.001304018153,0.001050232558,-0.000340240611,0.00223255814,0.094274151892,0.058591882249,73174200.0,53.136000061035,0.044658143439,0.811428615025,67.346972801484,63.848424908224,-0.12
2017-10-04,54.0,-0.12,-0.001488406159,0.001522075693,0.000717291917,0.007255973588,0.099678690961,0.060515399982,77639100.0,53.316000366211,0.002790690577,0.802856990269,69.387780048591,64.917429772485,0.340000152588
2017-10-05,54.45,0.340000152588,0.000552057034,0.000839433511,-0.000247395162,0.001471399669,0.128838941077,0.066062775677,83268800.0,53.754000091553,0.4656227184,0.817142759051,86.588949142529,74.441233997534,0.469998168945
2017-10-06,54.91,0.469998168945,-0.000364104948,0.00174845173,7.9682182e-05,0.000182149362,0.170428219181,0.075456156501,88411900.0,54.009999847412,0.368759760595,0.844285692487,94.919723072602,83.632150754574,0.09
2017-10-09,54.96,0.09,0.000909077037,0.000906448683,0.000129984143,-0.001634877384,0.185330563708,0.084233003354,92714000.0,54.337999725342,0.095907226912,0.848571504865,97.058808503871,92.855826906334,-0.300000152588
2017-10-10,54.77,-0.300000152588,0.002012451713,0.001195945946,0.000404180093,0.000182615047,0.155498898517,0.089507777016,88728400.0,54.533999633789,-0.439157638285,0.817856924874,87.935634878148,93.30472215154,0.630001525879
2017-10-11,55.19,0.630001525879,-0.002527133583,0.001302931596,-0.000184981177,-0.001266739052,0.167761428192,0.097779935336,93671500.0,54.863999938965,0.358122756841,0.844285692487,99.259289236034,94.751244206017,-0.750001373291
2017-10-12,54.47,-0.750001373291,-0.003673713323,0.00143620944,-0.000121868752,0.004240412979,0.096892278789,0.098316050723,86731500.0,54.883999633789,-0.388598630714,0.878571646554,74.809119533373,87.334681215852,0.239999084473
2017-10-13,54.63,0.239999084473,-0.001279468031,0.001400073206,0.000154133217,-0.000183016105,0.055907985009,0.097543883837,91136500.0,54.841999816895,0.384697049013,0.840714318412,81.443272595095,85.170560454834,0.020001525879
2017-10-16,54.63,0.020001525879,-0.0005489953,0.001020867655,0.000102133806,0.0,0.014616276096,0.095543440866,86184700.0,54.77200012207,0.017819723016,0.83142880031,79.896944191442,78.71644543997,1.068115e-06
2017-10-17,54.52,1.068115e-06,-0.00073221517,0.001359134263,0.000276158414,0.0,-0.02218432697,0.093872259547,82459200.0,54.766000366211,0.016392733283,0.808571679252,79.38146861792,80.240561801486,0.540001373291
2017-10-18,55.955,0.540001373291,0.002179421157,0.008157065217,0.000393649672,0.013677536232,-0.025472283499,0.088201637883,87892200.0,54.698000335693,0.290671155722,0.758571352277,83.408116203118,80.895509670827,-0.184999542236
2017-10-19,55.88,-0.184999542236,0.002331021464,0.002195966106,-0.00019613189,0.000358037952,0.01034412214,0.087231445693,96935900.0,54.964000701904,0.190657115335,0.689285823277,75.588277180785,79.459287333941,0.12
2017-10-20,56.06,0.12,0.003035681588,0.00149902083,-0.000506254458,-0.001958340751,0.038136803476,0.08097605589,101800700.0,55.22200088501,0.071809039504,0.70857157026,82.352974151383,80.449789178429,0.259999694824
2017-10-23,56.245,0.259999694824,-0.001953135848,0.001084830162,-0.000703212141,0.000266761515,0.065100109575,0.082200138146,107329400.0,55.556000518799,0.154440446058,0.70857157026,90.63548561034,82.858912314169,-0.164998168945
2017-10-24,55.94,-0.164998168945,-0.001426566128,0.0011875,-0.000243808973,-0.001071428571,0.054244006032,0.080260019583,102620400.0,55.846000671387,-0.099308867432,0.730000087193,80.194896450691,84.394452070805,-0.559998931885
2017-10-25,55.53,-0.559998931885,0.0,0.001358793788,0.000228108928,0.002708559047,-0.009227419341,0.075319798185,95419400.0,55.910000610352,-0.340278858983,0.742143086025,49.224861771967,73.351747944333,-0.039998321533
2017-10-26,55.475,-0.039998321533,-0.00270321718,0.002089356704,-0.000135502141,0.002439465125,-0.050636405622,0.061996669859,101532600.0,55.854000854492,0.085927663327,0.736428941999,53.488454596903,60.969404273187,0.004999542236
2017-10-27,55.48,0.004999542236,0.000180283639,0.002090466751,-0.000337052904,-0.000180212651,-0.083589239342,0.058920266672,96500000.0,55.750000762939,0.120251648426,0.74071420942,53.100774600129,51.938030323,-0.110001068115
2017-10-30,55.255,-0.110001068115,-0.003431436344,0.001395795578,-7.6620678e-05,0.001359188112,-0.115705630683,0.052371629906,91775700.0,55.560000610352,-0.132393924388,0.74071420942,48.837181775192,51.808803657408,-0.964999084473
2017-10-31,54.23,-0.964999084473,0.003499698352,0.001766703377,-0.000220143302,-0.004588839941,-0.207253413664,0.048701411051,84233200.0,55.202000427246,-0.344487506736,0.769999640329,8.745238872397,36.894398415906,-4.57764e-07
2017-11-01,54.34,-4.57764e-07,-0.006269595343,0.00355800593,0.000697818226,0.007042253521,-0.265686380174,0.045547540155,76557000.0,54.97200012207,-0.240394798007,0.729285376413,7.518826102898,21.700415583496,-0.34
2017-11-02,54.21,-0.34,0.000925911797,0.001352451434,-0.000539627479,0.002960222017,-0.310543801592,0.047452914829,68915100.0,54.673999786377,0.066180919548,0.753571101597,12.662325996659,9.642130323985,0.159998931885
2017-11-03,54.55,0.159998931885,0.003678513277,0.002155030236,-0.000792936289,-0.000366501741,-0.305542541142,0.048856828191,75868300.0,54.451999664307,0.238228449677,0.778571265084,24.675286063504,14.952146054354,0.920001220703
2017-11-06,55.35,0.920001220703,-0.002704191862,0.001118454316,-0.000163098959,-0.000541711809,-0.222269497081,0.049252797725,80435400.0,54.47200012207,0.446178748573,0.831428527832,60.389669079963,32.575760380042,-0.340001678467
2017-11-07,55.0,-0.340001678467,0.002545050148,0.001623254127,-0.000141689012,-0.002358062761,-0.193351815499,0.048714491519,77301900.0,54.615999603271,-0.39388955235,0.805000305176,45.45450040201,43.506485181826,0.159999847412
2017-11-08,55.1,0.159999847412,-0.003263239769,0.001718806839,0.000556552773,0.002182611859,-0.160649189509,0.048480575186,82145900.0,54.801999664307,0.013821231352,0.72714315142,50.324682948673,52.056284143549,0.15
2017-11-09,55.23,0.15,-0.003438889171,0.00110606611,0.000172055671,0.003087540865,-0.130751554853,0.047174283804,85858500.0,55.051999664307,0.219988344077,0.717142922538,53.246767705894,49.675317018859,0.220000762939
2017-11-10,54.87,0.220000762939,-0.003967560283,0.001751807664,-0.0002229501,-0.008134490239,-0.096861326624,0.046818018135,89502500.0,55.268000030518,0.3358279808,0.723571504865,59.740303150149,54.437251268239,-0.070000762939
2017-11-13,54.65,-0.070000762939,-0.002007310436,0.000992686049,0.000281616339,-0.000731395136,-0.116269593613,0.046409592966,84469900.0,55.133999633789,-0.217647877808,0.756428854806,48.373945898453,53.787005584832,0.649999237061
2017-11-14,55.03,0.649999237061,-0.004520795722,0.001471389646,-0.000620494268,-0.000363306085,-0.094411498723,0.045445257019,88324400.0,55.191999816895,0.383868388105,0.75,74.44926366356,60.854504237387,-0.020001678467
2017-11-15,54.77,-0.020001678467,-0.004181049796,0.001569916028,-4.9477194e-05,-0.000182548375,-0.098035115063,0.045501309207,82144000.0,55.161999511719,-0.040355213761,0.739285605294,67.307646425562,63.376951995858,0.060001831055
2017-11-16,54.93,0.060001831055,0.005106670982,0.001723825077,-0.000288029158,-0.003266194883,-0.110196551109,0.044895779319,77144200.0,55.07799987793,0.051223363108,0.734285899571,60.696628799449,67.484512962857,0.610000915527
2017-11-17,55.4,0.610000915527,-0.004501260279,0.001502619693,-0.000457353909,0.000903342367,-0.070023205936,0.043128903225,84011100.0,55.095999908447,0.228210479083,0.775000163487,86.547116613972,71.517130612994,0.160001373291
2017-11-20,55.41,0.160001373291,0.001799828503,0.001182896155,-0.000278752811,-0.004491555875,-0.043027890268,0.038962163032,90295300.0,55.248000335693,0.279921499656,0.716428756714,87.443998311743,78.229247908388,-0.119999084473
2017-11-21,55.83,-0.119999084473,0.002893829712,0.001116597585,-1.3111059e-05,0.006127230132,-0.044116558918,0.035445543687,86595900.0,55.246000671387,-0.331389363668,0.719285692487,75.336351985869,83.109155637194,0.289998931885
2017-11-22,55.9101,0.289998931885,-0.001603709093,0.001641502683,-0.000584954381,0.000180679785,0.007549228332,0.039098659998,91208900.0,55.468000793457,0.38852066711,0.724285670689,91.525393553821,84.768581283811,-0.110100762939
2017-11-24,55.99,-0.110100762939,0.000896043687,0.001942703671,0.000501626749,0.002506714414,0.016164707034,0.040249336117,87656800.0,55.662000274658,-0.193077692057,0.716428484235,73.333320254032,80.065021931241,0.140001068115
2017-11-27,56.4,0.140001068115,0.000712579727,0.001382054477,0.000165080439,0.00409471248,0.038790184953,0.043128563789,89805100.0,55.780000305176,0.315124626842,0.667856761387,90.256484447465,85.038399418439,-0.249998474121
2017-11-28,55.9,-0.249998474121,0.002671375015,0.001275133215,-0.000286286532,-0.007104795737,0.049138819922,0.045962734085,94323400.0,55.898000335693,-0.015063044026,0.671428135463,82.790759529279,82.126854743592,0.120000457764
2017-11-29,56.25,0.120000457764,0.001249548273,0.001680919294,0.000410639667,0.002137894174,0.041565330765,0.045091576027,87481700.0,56.044000244141,-0.188018043877,0.680713653564,76.744202515715,83.263815497486,-0.669998168945
2017-11-30,55.47,-0.669998168945,0.001619221571,0.001005381166,-0.000249279831,-0.005022421525,0.003277560456,0.041580434772,80203800.0,55.936000823975,-0.268897210527,0.701428004674,56.279164644429,71.938042229808,0.899998931885
2017-12-01,56.4,0.899998931885,-0.001241789891,0.002168708933,0.00050784643,0.001598295152,0.026233765557,0.037959477411,90290100.0,56.050000762939,0.314549204403,0.741427830287,93.023189751095,75.348852303746,-0.420000457764
2017-12-04,55.96,-0.420000457764,0.002858160927,0.001161382259,-0.000611723492,-0.003206270039,0.011008694353,0.03391767899,84967800.0,56.020000457764,-0.100881299052,0.76499911717,67.289674614003,72.197343003176,-1.250000915527
2017-12-05,54.93,-1.250000915527,-0.001279468031,0.002263909224,-0.0003276916,0.005307467057,-0.083534241119,0.036489501549,80378700.0,55.731999969482,-0.459709308318,0.814999444144,7.943841932301,56.0855687658,-0.139999084473
2017-12-06,54.88,-0.139999084473,0.001825122695,0.001478870674,6.090021e-05,-0.000364298725,-0.136491596715,0.037468726223,84699800.0,55.486000061035,0.085474659915,0.84642791748,19.230800572789,31.488105706364,-0.220000152588
2017-12-07,54.61,-0.220000152588,0.001829463491,0.000899872099,-8.331738e-06,-0.002192581765,-0.173698606867,0.039510144087,76871200.0,55.301999664307,-0.138342662215,0.864285060338,14.406782394568,13.860474966553,0.079998626709
2017-12-08,54.62,0.079998626709,-0.000548524046,0.001422246615,0.001776566924,-0.000731796561,-0.18847644194,0.041362389862,81293100.0,54.965999603271,-0.053927719172,0.834285191127,15.677916781253,16.438499916204,0.019999389648
2017-12-11,54.605,0.019999389648,0.002379228945,0.001386102499,0.000102821669,-0.004103592924,-0.193097136644,0.043353051514,76189200.0,54.697999572754,-0.014472945426,0.836427961077,13.55930559022,14.54800158868,0.334998626709
2017-12-12,55.335,0.334998626709,0.009282893138,0.001388638413,-2.801113e-06,-0.002073940487,-0.168333115697,0.04287364322,80462200.0,54.743999481201,0.138635726388,0.842856543405,26.271134376092,18.502785582522,0.365000762939
2017-12-13,55.5151,0.365000762939,-0.000538646204,0.001653493803,-0.000107544755,-0.002782468116,-0.09670951956,0.043073817868,90322900.0,54.925999450684,0.182429985579,0.835713795253,58.474606382619,32.768348782977,-0.455098626709
2017-12-14,55.0,-0.455098626709,-0.000181658845,0.001398546776,0.000715984995,-0.000908265213,-0.088594282941,0.042947036075,80360600.0,55.005999755859,-0.308989213152,0.862856456212,31.355995202179,38.70057865363,-0.270000457764
2017-12-15,55.035,-0.270000457764,0.005481440518,0.001035059037,0.000281845563,-0.000272479564,-0.100725025552,0.043360974575,74425400.0,55.013999938965,-0.265796013182,0.872856685093,17.372870389949,35.734490658249,0.465
2017-12-18,55.715,0.465,0.000360368608,0.001090417867,0.000745219751,0.003512247839,-0.054480493165,0.04333774665,89080900.0,55.186000061035,0.332875680263,0.895713806152,49.999999978814,32.909621856981,0.685001525879
2017-12-19,56.53,0.685001525879,0.001950297743,0.001576616475,0.000268991495,0.001417183348,0.034348852394,0.046073277108,95134800.0,55.478000640869,0.409751445923,0.922857012068,88.135647976103,51.836172781622,0.269999237061
2017-12-20,56.56,0.269999237061,-0.00105629506,0.0027317589,0.000820031873,-0.003172365174,0.113225589431,0.050652810542,102251600.0,55.698000335693,0.294402323457,0.896428516933,94.296522209043,77.477390054653,0.460000457764
2017-12-21,57.13,0.460000457764,0.002104505979,0.001461219241,-0.000225242445,0.00175346309,0.169984355828,0.055286462092,114200000.0,56.090000152588,0.163447220409,0.878571374076,90.604066335098,91.012078840081,-0.199999694824
2017-12-22,57.045,-0.199999694824,0.000175624828,0.001837021426,0.000636271005,0.001844046365,0.189733626245,0.059274372142,108045300.0,56.530000305176,-0.193457971234,0.815714154925,87.583926523595,90.828171689245,-0.114999694824
2017-12-26,57.04,-0.114999694824,0.001405199647,0.001692685494,-0.000188411199,0.00052622347,0.190561930353,0.062341841893,108045300.0,56.816000366211,-0.00400871811,0.747856957572,87.000020316052,88.396004391582,-0.04
2017-12-27,57.19,-0.04,0.001578950045,0.00199649676,-0.000253127028,0.001751620249,0.183520406075,0.065447892743,111233200.0,56.936000061035,-0.011213216652,0.702856881278,89.333343476082,87.972430105243,0.280001220703
2017-12-28,57.65,0.280001220703,-0.00052205661,0.00095821727,-0.000227459092,0.003655988858,0.197024236944,0.071035077143,116477100.0,57.070000457764,0.350241093577,0.68928527832,96.02454471463,90.785969502254,-0.190000915527
2017-12-29,57.6,-0.190000915527,0.002436466966,0.000650694444,0.0,0.0,0.191615854306,0.075606205507,113090000.0,57.158000183105,0.034035288121,0.669999531337,93.154768972835,92.837552387849,-0.530000305176
2018-01-02,58.73,-0.530000305176,0.019800264135,0.003831756408,0.001083891069,0.010321692758,0.149949910727,0.077561616881,109094800.0,57.186000061035,-0.372437317429,0.682856968471,78.723386962508,89.300900216658,0.060000915527
2018-01-03,58.77,0.060000915527,0.00340195203,0.002034243092,7.2950702e-05,-0.003729445669,0.222056171414,0.089887083961,119207600.0,57.558000183105,0.225504704432,0.78928565979,91.028449109379,87.635535014907,0.149998168945
2018-01-04,59.19,0.149998168945,0.009843887459,0.001821176471,-8.8723332e-05,-0.005210084034,0.259716266683,0.097283323736,124891300.0,57.941999816895,-0.043273198418,0.773571286883,93.87302814812,87.874954740002,-0.370000305176
2018-01-05,58.83,-0.370000305176,0.003740245186,0.001345306676,0.00056824725,-0.003219247713,0.258542232449,0.101538491348,118651300.0,58.211999511719,-0.397621582647,0.764999934605,84.305851363275,89.735776206925,0.160001678467
2018-01-08,58.67,0.160001678467,-0.00237333786,0.001298215803,-0.000724666228,-0.003058623619,0.249730791398,0.103810350811,124488200.0,58.518000030518,-0.051740401377,0.754999978202,87.184936730615,88.454605414003,0.149999694824
2018-01-09,59.015,0.149999694824,0.004760264889,0.001823651062,0.000270936727,-0.001438240271,0.214326836145,0.103004288996,119076700.0,58.868000030518,-0.029506684392,0.728571483067,81.339743464984,84.276843852958,-0.095001831055
2018-01-10,58.72,-0.095001831055,-0.002885237173,0.001106382979,0.000132578883,-0.000510638298,0.180853446242,0.100149838683,126543600.0,58.893999481201,-0.118890704292,0.701428277152,78.74997017304,82.424883456213,0.110001831055
2018-01-11,58.66,0.110001831055,-0.003059668529,0.000851296044,0.000161550131,0.00034106412,0.137807601081,0.096499703494,122202800.0,58.876000213623,0.069787127856,0.707142421177,75.937581932734,78.675765190253,0.290000762939
2018-01-12,59.13,0.290000762939,0.000169606809,0.001333616011,0.000300073105,0.002883310719,0.104105776879,0.095671982798,126443700.0,58.902000427246,0.229563405585,0.690713882446,77.272781810734,77.320111305503,-0.289999847412
2018-01-16,58.87,-0.289999847412,0.000849749098,0.001365234077,-2.0910043e-05,-0.00035659099,0.063111997717,0.088969423881,120122800.0,58.87200012207,-0.129507984416,0.684999738421,73.239497132665,75.483286958711,-0.430001373291
2018-01-17,58.8,-0.430001373291,0.005475696481,0.001070456093,0.000174333108,0.000680735194,0.001045698153,0.075399876758,112947800.0,58.795999908447,-0.239467445584,0.709999629429,57.03699410706,69.18309101682,0.190001678467
2018-01-18,59.03,0.190001678467,-0.003559974457,0.001664869365,-0.000940990714,0.005108121914,-0.01035014157,0.066715634244,117985300.0,58.810000610352,0.248669476159,0.732142584664,76.078549846225,68.785013695317,0.039999694824
2018-01-19,59.45,0.039999694824,0.002708648184,0.001744798995,-5.5438474e-05,0.003714333952,-0.019360363241,0.062956308624,123643900.0,58.858000183105,0.202209888943,0.742142813546,79.051421509591,70.722321820959,-0.139998626709
2018-01-22,58.475,-0.139998626709,-0.007250047129,0.001841032609,-0.000499895341,-0.006878396739,-0.016147808923,0.061207552672,131006200.0,58.930000305176,0.061626545734,0.770714351109,85.823798995466,80.317923450427,1.094999694824
2018-01-23,59.25,1.094999694824,-0.000839335862,0.00132140457,0.000441088988,-0.004536290323,-0.004129719649,0.060584969274,137848100.0,59.076000213623,0.317436090836,0.800714220319,94.085990580851,86.320403695303,-0.020000457764
2018-01-24,60.93,-0.020000457764,0.02988351294,0.005839901478,-0.003518073472,0.000492610837,-0.025503588199,0.056765746925,129726000.0,59.234000396729,-0.240782838268,0.690714154925,68.965480906585,82.958423494301,0.790001220703
2018-01-25,62.99,0.790001220703,0.023655201808,0.006251820196,4.9788159e-05,-0.003007280785,0.113975797797,0.069244998656,141430900.0,59.780000305176,0.132969058781,0.992143086025,58.853275770624,73.96824908602,0.230001220703
2018-01-26,62.76,0.230001220703,-0.001107239694,0.002259699129,-0.00034881073,-0.006175771971,0.283523779411,0.091263740315,156692800.0,60.610000610352,0.026804393558,1.137857164655,78.335989237081,68.718248638097,0.659998168945
2018-01-29,63.12,0.659998168945,-0.005203374738,0.00198129656,5.6498756e-05,0.000475511175,0.37942082311,0.108295441487,166935600.0,61.431999969482,0.181393035002,1.160714285714,81.475659280191,72.888308095965,0.190001373291
2018-01-30,62.66,0.190001373291,-0.013741947997,0.003124919923,0.000250254121,0.003523382447,0.403479950947,0.118408808182,158297100.00000003,62.180000305176,0.182316115443,1.172142846244,79.748864710628,79.8535044093,-0.220001373291
2018-01-31,62.6127,-0.220001373291,0.003523402075,0.001832482451,0.000262156112,-0.001073707722,0.331829828917,0.117442235916,151799500.00000003,62.82200012207,0.006646364787,1.193571635655,66.091048504557,75.771857498459,-0.452700152588
2018-02-01,62.03,-0.452700152588,-0.006595879157,0.001587044534,0.001287937481,0.004534412955,0.240843388593,0.120164422946,143995100.0,62.909999847412,-0.267405501879,1.21357182094,61.69546253591,69.178458583698,0.150000305176
2018-02-02,62.0,0.150000305176,0.000321654192,0.002445016077,-0.000117179816,-0.003215434084,0.161103297774,0.122151120664,152096700.00000003,62.701999664307,0.251394297244,1.228572028024,62.009441517294,63.265317519254,-0.310001373291
2018-02-05,61.5,-0.310001373291,-0.001458909946,0.002128084416,-0.000304915128,-0.001623376623,0.059677976393,0.121434858324,139750200.0,62.355999755859,-0.320603035033,1.252143314907,54.317106186794,59.340670079999,-2.770000457764
2018-02-06,58.04,-2.770000457764,-0.013791952658,0.00322859116,0.000521481312,0.002071823204,-0.207787826714,0.122219038188,128202000.0,61.439999389648,-0.403963855524,1.42428616115,4.552827373289,40.293125025793,0.820000610352
2018-02-07,58.98,0.820000610352,-0.004417297546,0.002565225635,7.046953e-05,0.006484641638,-0.367633406241,0.122097580912,143416700.0,60.723999786377,0.25991919647,1.515000207084,21.045384945887,26.63843950199,-0.310001831055
2018-02-08,58.42,-0.310001831055,0.001704487676,0.002214224945,0.000928831801,-0.005955419432,-0.471229310661,0.12287364435,136544000.0,60.025999450684,0.037430857661,1.558571406773,18.431870102503,14.67669414056,-2.149999542236
2018-02-09,56.805,-2.149999542236,0.006397736048,0.002797280593,-0.000913784426,0.003090234858,-0.674101048214,0.135826517925,129669500.0,58.843999481201,-0.455735331606,1.693571363177,0.596649802411,13.3579682836,0.364998168945
2018-02-12,57.86,0.364998168945,0.009270642137,0.002487348354,-0.000363400557,0.002772963605,-0.716427671859,0.14241935365,137697900.0,57.939999389648,0.146415299611,1.764285496303,17.62746041526,12.218660106725,-0.450000152588
2018-02-13,57.01,-0.450000152588,-0.004703021398,0.001890094505,9.1097581e-05,-0.002275113756,-0.696395418185,0.147200348814,145932100.0,57.675999450684,-0.122238581459,1.800713947841,20.288233893759,12.837448037144,0.629999389648
2018-02-14,57.25,0.629999389648,-0.005551694972,0.0014596295,-0.000314451308,0.000524292206,-0.637379039081,0.149854474063,151748700.00000003,57.431999206543,0.263603196779,1.518570763724,22.838118902726,20.251271070582,1.029998779297
2018-02-15,58.84,1.029998779297,0.007549801829,0.001327656676,0.000676034552,0.00204359673,-0.529403953332,0.151485246221,155477600.0,57.353999328613,0.394723724304,1.40214238848,34.220496283464,25.78228302665,0.66
2018-02-16,59.53,0.66,-0.001008426442,0.001672835352,0.000501006804,0.001514131898,-0.358181750597,0.15093714695,159349500.00000003,57.999999237061,0.340424876934,1.434999465942,49.683123849052,35.580579678414,0.639998168945
2018-02-20,59.67,0.639998168945,-0.008143557897,0.00202060992,8.1052321e-05,-0.000167560322,-0.190576772227,0.150402217426,167198700.00000003,58.599999237061,0.3117077687,1.477142061506,60.875306394701,48.259642175739,-0.550001068115
2018-02-21,59.29,-0.550001068115,-0.000845724593,0.001444049433,0.00037958407,0.003724394786,-0.143356983142,0.150964453528,159016200.0,58.941999053955,-0.263134562845,1.499284744263,49.303604883811,53.287345042521,-0.299998321533
2018-02-22,59.17,-0.299998321533,0.003729401589,0.001773349096,0.000159701012,-0.000675561561,-0.115028520956,0.151344455492,154222400.0,59.211999511719,-0.024270176882,1.517856325422,48.994257118937,53.05772279915,-0.179998321533
2018-02-23,59.255,-0.179998321533,0.003898958055,0.001443768997,0.000576790178,0.000591016548,-0.091467507001,0.150094310205,154222400.0,59.354000091553,-0.17824484503,1.497856412615,49.853825623029,49.383895875259,0.454999084473
2018-02-26,60.02,0.454999084473,0.002512167613,0.001122786502,0.000592169851,0.002672903441,-0.025972719164,0.141212657151,159412800.0,59.395999908447,0.3287302202,1.496428080967,65.659764011916,54.83594891796,0.509998779297
2018-02-27,60.855,0.509998779297,0.003634581615,0.001286255144,-0.000105534831,0.001728395062,0.068813110277,0.12988147001,164777000.0,59.468000030518,0.396637462844,1.322142464774,98.802367377627,71.438652337524,-0.305000762939
2018-02-28,60.615,-0.305000762939,0.00198181558,0.00156455863,0.000144638586,-0.001729249012,0.125778245965,0.117391828804,171524700.00000003,59.754000091553,-0.110628179124,1.245000021798,87.809143800599,84.09042506338,-0.284998168945
2018-03-01,59.8,-0.284998168945,-0.002817868034,0.001773049645,-0.000667547394,-0.005984042553,0.140449119922,0.108753617313,163199000.0,60.02200012207,-0.173058905874,1.215714318412,83.922263731731,90.177924969986,-1.009999084473
2018-03-02,58.75,-1.009999084473,-0.00527302889,0.002247093023,0.000199954868,0.004616963064,0.043282046383,0.099654230786,153487100.00000003,59.981999969482,-0.401117795739,1.157857349941,56.713766262259,76.148391264863,0.709999084473
2018-03-05,59.13,0.709999084473,-0.009249903221,0.001782719402,-8.7190097e-05,0.00373451027,0.022049102643,0.087925936939,161466300.00000003,59.931999969482,0.454704858115,1.085714612688,59.819357291857,66.818462428616,1.239998931885
2018-03-06,60.51,1.239998931885,0.003644214421,0.001435643564,3.7879471e-05,-0.001485148515,0.064789358436,0.080356671408,170466700.00000003,59.9,0.43629346995,1.130714688982,80.361113150056,65.631412234724,0.370001068115
2018-03-07,60.595,0.370001068115,-0.010019720756,0.001860129418,0.000363495395,0.005392400863,0.119711673982,0.085069495684,177086700.00000003,59.966000366211,0.166814906327,1.125714710781,91.198029392841,77.126166611585,0.695000915527
2018-03-08,61.395,0.695000915527,0.000815781307,0.001393231994,-0.00028992325,-8.1433225e-05,0.172735590471,0.091064085347,184813200.0,60.158000183105,0.424668745854,1.124286106655,95.792964128086,89.117368890328,0.474998931885
2018-03-09,62.24,0.474998931885,0.002909330989,0.001108460919,0.000498239764,0.003062046737,0.232245212532,0.098756173287,190059000.0,60.773999786377,0.412943373162,1.083571842739,97.727220976477,94.906071499135,1.359998474121
2018-03-12,63.52,1.359998474121,-0.000157206317,0.001493945589,-0.000498318935,-0.001100802013,0.365561433425,0.104729038019,198243400.0,61.601999664307,0.474516762558,1.127857753209,98.102423508293,97.207536204285,0.099998931885
2018-03-13,63.81,0.099998931885,0.00424395571,0.000996400063,0.0,-0.001252152136,0.428188208846,0.111177601998,207101900.00000003,62.251999664307,0.032465973883,1.07071522304,94.02170643789,96.61711697422,-0.609999237061
2018-03-14,63.55,-0.609999237061,0.003480971572,0.001320719016,-0.000129047074,0.002049826553,0.414169598294,0.111910678816,200673400.0,62.715999603271,-0.359582864407,1.054286684309,86.413044589348,92.845724845177,-0.689999389648
2018-03-15,62.84,-0.689999389648,0.003022568006,0.001211068823,0.000244107951,-0.003488740882,0.357007333632,0.108985381029,195511299.99999997,63.029999542236,-0.307526366648,1.075000762939,80.253622047125,86.896124358121,-0.249999847412
2018-03-16,63.03,-0.249999847412,0.003035606746,0.001218540937,0.000216499345,0.003982159924,0.279453527839,0.10605554882,192146400.0,63.173999786377,-0.372175064244,1.064286368234,75.362309812993,80.676325483155,0.150000305176
2018-03-19,62.97,0.150000305176,-0.000791377601,0.001528433391,-0.000505620033,-0.002534452717,0.247430496483,0.109046547644,203987299.99999997,63.090000152588,0.33269725644,1.053571973528,86.050717486061,80.55554978206,-0.710001678467
2018-03-20,62.32,-0.710001678467,0.003533588606,0.001209160794,0.0004054917,-0.001921844971,0.14869521984,0.10954089798,198701100.00000003,62.818000030518,-0.268197670153,1.103572028024,69.384016268999,76.932347856018,0.330001525879
2018-03-21,62.76,0.330001525879,0.001596144799,0.001137051793,-0.000907604441,0.00015936255,0.096584430838,0.106935248987,202644099.99999997,62.708000183105,0.144214910344,1.080000468663,76.449291122854,77.294674959305,-0.340001831055
2018-03-22,61.87,-0.340001831055,-0.009612279585,0.001714655451,-0.000430201141,0.000808799741,0.036641195345,0.101743026236,199165800.0,62.619999694824,-0.220181311549,1.003571646554,72.282563988467,72.705290460107,-0.939999694824
2018-03-23,61.05,-0.939999694824,0.001641202587,0.001656562346,-0.001159799903,0.000327707685,-0.105562360959,0.094793820822,193820499.99999997,62.287999725342,-0.345742082887,1.037143162319,40.198001694679,62.976618935334,-1.55
2018-03-26,60.04,-1.55,0.013109223181,0.002247843397,-0.000564371511,-0.00398142004,-0.2878010453,0.095762644803,187819699.99999997,61.551999664307,-0.425033530369,1.037857328142,3.050095532982,38.510220405376,1.029999694824
2018-03-27,61.085,1.029999694824,0.003274942917,0.000921821446,9.6759791e-05,-0.003019422229,-0.293470771066,0.094766635481,193514400.0,61.313999938965,0.28074295038,1.09071459089,37.254880768054,26.834325998572,-0.805001220703
2018-03-28,60.14,-0.805001220703,0.004147312625,0.002081612424,-0.000944152629,-0.006443086073,-0.338114124222,0.095512148086,187149100.00000003,60.839999389648,-0.290161791609,1.119285855974,20.043532421806,20.11616957428,-0.910000457764
2018-03-29,59.7,-0.910000457764,0.005740336911,0.00131314995,3.0369431e-05,0.0013418316,-0.420666968636,0.099980073753,179020300.00000003,60.201999664307,-0.411920948709,1.181428636823,1.048201934,19.448871707953,0.219998168945
2018-04-02,59.98,0.219998168945,-0.001668866442,0.001259896442,-0.000569382188,0.001837314181,-0.410651807396,0.094260159806,185676899.99999997,59.999999237061,0.171048087318,1.132857186454,15.513580557628,12.201771637811,-1.770000915527
2018-04-03,58.39,-1.770000915527,0.003264085971,0.001899589463,-8.4801851e-05,-0.001197399932,-0.495368113415,0.101990426669,178990400.0,59.741999053955,-0.30610563563,1.270714078631,9.177184244813,8.579655578814,0.61
2018-04-04,58.21,0.61,-0.011186438092,0.001616729517,-0.000121029844,-0.002228316764,-0.474346095432,0.107294064176,185103900.00000003,59.32799911499,0.289440992476,1.279999596732,22.87144274195,15.854069181464,1.249999084473
2018-04-05,59.65,1.249999084473,0.007399973901,0.00142687813,-0.00074844193,-0.004173622705,-0.408130168589,0.110974272995,192509100.00000003,59.163999176025,0.277422500443,1.370713915144,34.24188563771,22.096837541491,0.210000610352
2018-04-06,59.52,0.210000610352,-0.0070164046,0.001371130552,1.0920818e-05,0.00134589502,-0.319957416338,0.113236754109,199153600.0,59.289999389648,-0.028322256039,1.376428331648,41.056222922135,32.723183767265,-1.950000305176
2018-04-09,57.5,-1.950000305176,0.005037361769,0.001631351538,0.000151431624,-0.006221914967,-0.393585136469,0.125475627219,191706499.99999997,58.819999694824,-0.335569754381,1.529285430908,9.279968260234,28.19269227336,0.720001220703
2018-04-10,58.94,0.720001220703,0.013740969088,0.001421363756,0.000428534428,-0.001355472721,-0.376245423772,0.126283328671,197418800.0,58.82200012207,0.122690196396,1.537142344884,20.230262225824,23.522151136064,0.199999389648
2018-04-11,58.64,0.199999389648,-0.008454514798,0.001801671214,-0.00020042026,0.0,-0.284709968476,0.121020148724,202597200.0,58.85,0.074275036387,1.592856815883,35.361815991448,21.624015492502,-0.189999237061
2018-04-12,58.68,-0.189999237061,0.000855418929,0.001329534663,-0.0002716542,0.003076923077,-0.253565821593,0.118138273532,198552300.00000003,58.648000335693,-0.105908770028,1.607142584664,28.571428565837,28.054502261037,0.150001831055
2018-04-13,59.28,0.150001831055,0.00594931945,0.00093781683,0.000277219204,0.001689760054,-0.193043595886,0.113637659416,203124600.0,58.442000579834,0.235286886437,1.547142573765,39.74084759623,34.558030717839,-0.789998321533
2018-04-16,59.07,-0.789998321533,0.008719410274,0.001677118644,0.000355958725,0.001186440678,-0.162789245047,0.109695596871,194900899.99999997,58.626000976562,-0.371341081707,1.487857001168,32.397427418962,33.569901193677,0.200000457764
2018-04-17,59.24,0.200000457764,0.006411355917,0.001399195576,5.4915237e-05,-0.007206301324,-0.081245449923,0.097715917399,201708400.0,58.836000823975,0.226457576231,1.444285256522,49.244063311728,40.460779442307,0.559999237061
2018-04-18,58.875,0.559999237061,-0.013377913834,0.003486779661,-0.000762950371,-0.002118644068,0.012401673612,0.08949830925,207313000.0,58.968000793457,0.090025033027,1.392856870379,75.537621432254,52.393037387648,0.645000457764
2018-04-19,59.49,0.645000457764,0.0,0.001852822581,0.000102515131,-0.000504032258,0.057005374145,0.075786136896,194664499.99999997,59.182000732422,0.138045025869,1.451428277152,74.631245842582,66.470976862188,0.390001068115
2018-04-20,59.85,0.390001068115,-0.000501045315,0.000891116681,0.00020024059,0.0,0.109244746695,0.060294466062,202340000.0,59.392000579834,0.223798866635,1.428570883615,91.455681274816,80.541516183217,-0.660001373291
2018-04-23,59.26,-0.660001373291,0.001520529729,0.001077560354,-0.000498822938,-0.000337381916,0.096273803668,0.05478633313,196472499.99999997,59.531999969482,-0.282489513829,1.333571025303,69.620159929681,78.569029015693,-0.419999847412
2018-04-24,58.94,-0.419999847412,0.004248810322,0.001311558639,-0.000192599478,-0.002538500592,0.064589087846,0.054984341178,191956400.0,59.445999908447,-0.245480163253,1.319285256522,58.544258318579,73.206699841025,-0.629998626709
2018-04-25,58.03,-0.629998626709,-0.004630431339,0.001085458305,0.000227709948,-0.000172294969,0.011201496383,0.048042924948,184476099.99999997,59.148000335693,-0.247137305456,1.272142410278,41.772144245118,56.645520831126,0.620001525879
2018-04-26,58.68,0.620001525879,0.000681962486,0.001285473581,-0.001122307518,-0.000170386778,0.002505397567,0.044424341539,190386099.99999997,58.974000549316,0.322703517232,1.292142050607,54.605310196276,51.640570919991,0.82
2018-04-27,59.365,0.82,-0.000168039017,0.001755663884,-0.00052846647,-0.002101193478,0.054818115516,0.044949471244,197758899.99999997,58.898000335693,0.405630750545,1.159999302455,79.457395830105,58.611616757166,0.195001373291
2018-04-30,59.45,0.195001373291,0.003357907046,0.001032463186,-0.000428798391,-0.005187416332,0.092086947788,0.043498652541,201894300.00000003,58.97200088501,0.068253360597,1.080713544573,81.783032240961,71.948579422447,-1.319998931885
2018-05-01,58.08,-1.319998931885,-0.007397218257,0.002114384749,-2.0299175e-05,0.006585788562,0.022674559209,0.04386309767,195798200.0,58.830001068115,-0.464788337085,1.102856499808,26.356621229976,62.532349767014,0.739999694824
2018-05-02,58.23,0.739999694824,-0.005610302925,0.001846945746,-0.000276087244,-0.005635245902,0.025276859489,0.043938286675,202204600.0,58.932000732422,0.435462788119,1.130713599069,53.100774600129,53.746809357022,-0.380001525879
2018-05-03,57.71,-0.380001525879,-0.001037122907,0.001675041876,-0.000184544,0.0,-0.033114768567,0.046412988875,197684700.00000003,58.77200012207,-0.351858731474,1.160713740758,15.503799169247,31.653731666451,0.220000305176
2018-05-04,57.98,0.220000305176,-0.005006057552,0.002009199792,5.7885379e-05,0.006422496094,-0.059591006604,0.045988430335,203325699.99999997,58.458000183105,0.071699909698,1.176427841187,34.782603534026,34.462392434467,0.760001678467
2018-05-07,59.152,0.760001678467,0.00425604346,0.000949313443,1.3913502e-05,0.002746228174,-0.017952683002,0.041576500386,209158899.99999997,58.294000244141,0.357369581858,1.216428211757,59.937945942957,36.741449548743,0.167999694824
2018-05-08,58.74,0.167999694824,-0.003371557046,0.001860453315,-0.000124635468,-0.006427604871,0.049558419396,0.040801844395,214815000.0,58.531999969482,0.208130040304,1.224285125732,77.950321204362,57.556956893782,-0.030000915527
2018-05-09,58.67,-0.030000915527,0.001703326356,0.001471782955,-0.000384426899,-0.002380547526,0.053691148795,0.040753381166,208036499.99999997,58.509999847412,-0.222757527028,1.133570807321,59.006187615175,65.631484920831,0.730001525879
2018-05-10,59.81,0.730001525879,0.003872046066,0.000980556487,0.000420089459,0.002514247402,0.100723682068,0.040786942626,212139900.00000003,58.820000457764,0.264073947865,1.15714263916,82.484097299555,73.146868706364,0.750001373291
2018-05-11,60.98,0.750001373291,-0.005614269235,0.001755396878,0.000499330873,0.012620391896,0.201944024995,0.047502530643,216931000.0,59.346000671387,0.382320465,1.165713991438,98.684230313529,80.058171742753,0.279998321533
2018-05-14,61.62,0.279998321533,0.003917755224,0.001495934959,-0.0003695972,0.001951219512,0.30200551793,0.057346141674,222699100.00000003,59.85,0.490295894583,1.180713926043,99.109110566818,93.425812726634,0.400000457764
2018-05-15,61.04,0.400000457764,-0.009351851447,0.002272135417,0.000876373518,-0.006510416667,0.399236336587,0.071666528142,230404800.0,60.390000152588,0.339622432225,1.138571058001,97.201533548019,98.331624809455,-0.499999084473
2018-05-16,60.57,-0.499999084473,0.000495519968,0.0014637968,0.000147999447,-0.000989609104,0.345734328829,0.073697240674,225071299.99999997,60.756000518799,-0.346734982694,1.190714154925,69.589585287898,88.633409800911,0.200000457764
2018-05-17,60.41,0.200000457764,0.000493644546,0.001463711002,-0.000907832598,-0.008045977011,0.308900717541,0.076704864984,228659900.00000003,61.030000305176,0.1395046497,1.171428407942,73.880624088143,80.22391430802,0.650001373291
2018-05-18,61.14,0.650001373291,-0.00065510833,0.001356567974,2.5859354e-05,0.001966568338,0.287570513257,0.080358277976,232817800.0,61.130000305176,0.171027177347,1.188571384975,79.291092163578,74.253767179873,0.569999084473
2018-05-21,61.93,0.569999084473,0.004699415327,0.001435483871,8.2244774e-05,-0.001129032258,0.299394431799,0.086837539677,239175500.00000003,61.220000457764,0.378502129564,1.133571352277,91.417922380853,81.529879544191,0.180000610352
2018-05-22,62.15,0.180000610352,-0.000161039062,0.001786084142,-0.000166440515,0.005663430421,0.314742329898,0.093530960958,243785600.0,61.238000488281,0.084206948294,1.09500013079,93.309840693106,88.006285079179,-0.760000610352
2018-05-23,61.5,-0.760000610352,-0.002769150849,0.001584449526,1.3073342e-05,0.004573668736,0.25930110774,0.093487875402,236983400.0,61.408000183105,-0.256084183231,1.107857295445,80.633763547119,88.453842207026,0.340000152588
2018-05-24,62.2,0.340000152588,0.000808525824,0.001341089029,-0.000581638991,0.005008886735,0.236472750479,0.09532284887,241301400.0,61.62200012207,0.419396656913,1.080714634487,87.025923161817,86.989842467347,0.309998321533
2018-05-25,62.31,0.309998321533,-0.000319895114,0.002280364858,0.000598721276,-0.002880460874,0.248782956594,0.101271219336,247085299.99999997,61.911999511719,0.380131460647,1.029285975865,95.312434786138,87.657373831691,0.059998931885
2018-05-29,61.6,0.059998931885,-0.012666299733,0.001774403118,-0.001783453222,0.000487250284,0.230212833571,0.105337221923,243246200.0,62.043999481201,-0.111218479953,0.993571962629,92.187448091445,91.508602013133,-0.300000762939
2018-05-30,61.8599,-0.300000762939,0.007830335207,0.001054548398,-0.000198102032,0.001293298802,0.133385846589,0.09996748373,238278800.0,61.881999206543,-0.128936368967,1.025000708444,66.976721476236,84.825534784606,0.210099694824
2018-05-31,62.17,0.210099694824,-0.002738813755,0.001714054927,0.00033968427,0.00436187399,0.109705301858,0.098599350834,244232899.99999997,62.017999267578,0.12958188501,1.038572038923,80.654719981808,79.93962984983,-0.640001220703
2018-06-01,62.005,-0.640001220703,0.006988466012,0.001318054659,0.000185955063,0.000726275016,0.049261635517,0.088679925473,237910700.00000003,61.95599899292,-0.251095101283,1.000714983259,52.39990232279,66.677114593611,0.404999847412
2018-06-04,62.39,0.404999847412,-0.001442079039,0.001212186035,0.000343859183,0.000962618322,0.059453045621,0.078680852215,241506499.99999997,61.935999298096,0.35668874442,0.99214390346,87.083284288816,73.379302197805,0.630000457764
2018-06-05,63.09,0.630000457764,0.001110753639,0.00128719845,-0.00034994882,-0.000158478605,0.096016598691,0.074542543232,245569800.0,62.065999603271,0.428271501328,0.986429759434,96.774189103138,78.752458571581,-0.060001220703
2018-06-06,63.05,-0.060001220703,0.001269265946,0.001134527016,-0.000111010673,-0.000950720963,0.108683392581,0.071912554007,250039200.0,62.411999511719,-0.038005769261,0.914286749704,90.784968240632,91.547480544196,0.490000915527
2018-06-07,63.6891,0.490000915527,0.000314769554,0.001213522013,-0.000339518942,0.001400943396,0.137369510426,0.064141082974,254103600.0,62.705999755859,0.285279989865,0.91571535383,99.685587371995,95.748248238588,-0.509099694824
2018-06-08,63.265,-0.509099694824,-0.002690756297,0.00190445961,-0.000442386994,0.00404697667,0.118757820776,0.056696720288,250269299.99999997,63.036000061035,-0.186122571134,0.929286684309,77.666727675934,89.379094429521,0.005000457764
2018-06-11,63.1901,0.005000457764,0.00015802626,0.001378571554,-0.000274208261,-0.001262841789,0.099923761538,0.055900929588,254944200.0,63.208000183105,0.232576673094,0.903572354998,80.666732761197,86.006349269709,-0.060098931885
2018-06-12,63.23,-0.060098931885,0.002217636421,0.001106369527,-0.000873236475,-0.000632211159,0.067031857926,0.056555351931,249604899.99999997,63.230000305176,-0.124715133971,0.889286313738,76.000086441138,78.111182292756,-0.310001831055
2018-06-13,62.89,-0.310001831055,0.002225098672,0.001030764351,0.00018230386,-0.002695845227,0.022432778146,0.057570953404,244735800.0,63.208000183105,-0.209614720637,0.85214315142,68.999989804474,75.222269668936,-0.259998931885
2018-06-14,63.04,-0.259998931885,0.003672354116,0.001549156857,0.000589163534,0.002863506204,-0.0323223473,0.052072731844,238546700.00000003,63.026000213623,-0.301556062011,0.848571504865,59.333419780027,68.11116534188,-0.080000915527
2018-06-15,62.77,-0.080000915527,-0.001588285826,0.001363574383,-0.001035441009,-0.001431753102,-0.050932422136,0.047413818222,242527500.00000003,62.981999969482,0.105931046642,0.82857131958,70.333353654941,66.222254413147,0.139999847412
2018-06-18,62.445,0.139999847412,-0.005086626857,0.001301564496,6.0520918e-05,-0.00311302682,-0.070046360298,0.043292103545,230668099.99999997,62.909999847412,0.037004483921,0.850000108991,68.666712420145,66.111161951704,0.374999694824
2018-06-19,62.135,0.374999694824,-0.009232696899,0.00162248996,-0.000325009004,-0.001847389558,-0.090867241163,0.04182563668,226995400.0,62.847999572754,0.199610773501,0.786428724016,57.261458710235,65.420508261774,0.205000152588
2018-06-20,62.33,0.205000152588,-0.002085355595,0.00141992177,7.2201587e-05,0.00192895033,-0.136348280782,0.041428250019,221693100.00000003,62.731999969482,0.105968983979,0.754285812378,35.470161392172,53.799444174184,-0.190000610352
2018-06-21,61.99,-0.190000610352,-0.002735728526,0.001416455991,5.6867244e-05,0.000322736808,-0.17672200563,0.038110274602,216571800.0,62.633999633789,-0.072385463807,0.735714231219,14.500045769117,35.743888623841,-0.24
2018-06-22,61.75,-0.24,0.007773271939,0.001550538326,2.0891125e-05,-0.007713321549,-0.223500590442,0.038516311151,212506200.0,62.391999816895,-0.163969164522,0.716428211757,12.499980126558,20.823395762616,0.189998626709
2018-06-25,61.49,0.189998626709,-0.003874683066,0.001604177922,-0.000360270224,-0.00340356564,-0.234317885204,0.039639034891,216895900.00000003,62.197999572754,-0.192738092425,0.709285191127,20.416597119341,15.805541005005,-0.719999542236
2018-06-26,60.695,-0.719999542236,-0.002139230988,0.001896437995,-0.00034931364,0.000906992084,-0.308286040024,0.047255327013,210883299.99999997,61.787999725342,-0.30875935653,0.775713784354,12.747901371841,15.22149287258,0.115001373291
2018-06-27,61.46,0.115001373291,0.006577827695,0.001916475973,0.00122282442,0.004576659039,-0.340036436551,0.050341991756,215187100.00000003,61.481999969482,0.146602066202,0.763570785522,13.88107217492,15.681856888701,-0.969998321533
2018-06-28,60.76,-0.969998321533,-0.000495992613,0.001948028081,3.6373937e-05,0.00496195832,-0.365860537929,0.057616480593,208521900.00000003,61.152000427246,-0.204542735988,0.81142779759,5.379809867016,10.669594471259,0.510000457764
2018-06-29,61.67,0.510000457764,0.003590684169,0.001146527891,-0.000715621782,0.002927305253,-0.315583207259,0.058571187741,212759100.00000003,61.056000518799,0.405383134433,0.843570709229,30.063316725057,16.441399588998,-0.679998321533
2018-07-02,60.46,-0.679998321533,-0.00590261683,0.001730991258,-0.000571406685,-0.002803892462,-0.287169883939,0.061864966992,206951800.0,60.86600112915,-0.255369515085,0.869999476842,21.612977845623,19.018701479232,0.54
2018-07-03,61.02,0.54,-0.000491783267,0.001603703096,-0.000494134602,0.000820075447,-0.254788514468,0.063611327782,211317000.0,60.912001037598,0.270022374093,0.862142562866,23.367709298914,25.014667956531,-0.209998626709
2018-07-05,61.18,-0.209998626709,0.006248926901,0.001284427004,0.000301725532,0.000327011118,-0.233800158883,0.065370677035,209071800.0,60.912001037598,-0.128400158585,0.854999814715,16.838546528935,20.606411224491,0.150001831055
2018-07-06,61.52,0.150001831055,0.003913221207,0.001842130908,0.000609262392,-0.000812083807,-0.175209607225,0.062404984204,213137000.0,61.080001068115,0.11299373292,0.858571461269,36.594251961122,25.60016926299,0.639999847412
2018-07-09,62.475,0.639999847412,0.001126121219,0.001146917148,-0.000173319295,0.003131021195,-0.075939482963,0.059808848167,216784899.99999997,61.258000946045,0.267941179128,0.881428582328,72.1568902894,41.863229593152,-0.035001373291
2018-07-10,62.76,-0.035001373291,0.001921889001,0.001589237166,0.000473375667,0.003678234447,0.008697320395,0.056865801043,220439800.0,61.548000335693,0.218207825962,0.871428625924,91.774790936453,66.841977728992,0.050001373291
2018-07-11,62.68,0.050001373291,-0.003980257834,0.001490596238,-4.4988404e-05,0.003281312525,0.085449460591,0.055505338746,224403400.0,61.910000610352,0.197482686143,0.855714253017,88.92865557319,84.286778933014,-0.110000305176
2018-07-12,62.45,-0.110000305176,-0.001118742131,0.001466488889,0.000126725425,-0.0008,0.114112358722,0.054272884613,220989299.99999997,62.262000274658,0.013484467242,0.862142835345,80.357164724034,87.020203744559,0.290001678467
2018-07-13,62.97,0.290001678467,0.000159361193,0.001106507304,-0.000238151941,0.003505976096,0.137036685811,0.054639453651,224725800.0,62.544000244141,0.289064661112,0.842857088361,86.428665792024,85.238162029749,0.090001373291
2018-07-16,62.45,0.090001373291,-0.001744380082,0.001363492063,-0.000505460953,-0.00873015873,0.164422625818,0.055098339616,230052600.0,62.724000549316,0.220988334779,0.842142650059,87.820596654287,84.868809056782,-0.670001220703
2018-07-17,62.29,-0.670001220703,0.000971210335,0.002479838057,-0.000329398605,0.008744939271,0.090686241539,0.052767288199,224288200.0,62.592000579834,-0.443048539201,0.822857175555,46.794858456017,73.681373634109,0.509999237061
2018-07-18,64.75,0.509999237061,0.024044559552,0.006375369305,-0.000620664729,0.006841859742,0.104007855818,0.052683709281,232234400.0,62.590000152588,0.294316279368,0.902142933437,79.487192001803,71.367549037369,0.0
2018-07-19,64.75,0.0,-0.001081076368,0.002163833076,0.000494576531,0.000772797527,0.230310787851,0.067441149822,242885000.0,63.026000213623,0.179269944436,0.97714315142,85.521236357731,70.601095605184,-0.970001220703
2018-07-20,63.75,-0.970001220703,-0.002665383697,0.001213820329,-8.2769619e-05,0.002200911806,0.233934582825,0.072482404819,236123900.00000003,63.233999633789,-0.296773471214,1.008571897234,66.795345173002,77.267924510845,-0.430000305176
2018-07-23,63.02,-0.430000305176,-0.000947589602,0.001151794183,-0.000689194629,-0.003793866582,0.192489466702,0.07469158328,230360200.0,63.285999298096,-0.184788259156,0.995000566755,57.915054491856,70.07721200753,0.180000762939
2018-07-24,63.86,0.180000762939,0.005537950473,0.001616225195,0.00091097632,0.00487804878,0.146227944709,0.076281870325,225569299.99999997,63.569999694824,-0.06810252702,0.977143423898,52.772079218955,59.160826294604,0.540001525879
2018-07-25,64.35,0.540001525879,-0.003726674815,0.001146508728,0.000118895253,0.002961346633,0.183278711953,0.079601095498,232114700.00000003,63.890000152588,0.366382234987,1.035000664847,76.793289338141,62.493474349651,0.880003356934
2018-07-26,65.41,0.880003356934,0.001992905821,0.001530905753,0.000357825593,0.00076499388,0.246575548913,0.086040253647,237978600.0,63.986000823975,0.440957044995,1.077143260411,93.632157143382,74.399175233493,0.250003662109
2018-07-27,65.36,0.250003662109,-0.002284519,0.00202004783,0.000348484312,-0.002289726759,0.296915630657,0.090683271209,243495600.0,64.362001800537,0.153476148001,1.069285801479,94.482810610669,88.302752364064,-0.09999786377
2018-07-30,65.09,-0.09999786377,-0.004443777291,0.001115899646,0.000168441334,0.001847006311,0.282850250373,0.093708703485,239196600.0,64.750002288818,-0.142372995349,1.094285964966,85.287378074572,91.134115276208,0.079998168945
2018-07-31,65.49,0.079998168945,0.003068967059,0.001346183264,0.000227063304,0.001835704452,0.24829275175,0.093124956346,234088300.00000003,65.14400177002,0.189325062907,1.084286008562,83.218322444514,87.662837043251,0.050000915527
2018-08-01,65.5,0.050000915527,-0.002899030192,0.001600448248,0.000123603062,0.000916870416,0.231493395946,0.092206374137,239487699.99999997,65.372001647949,0.170557378117,1.087857382638,91.724128233353,86.743276250813,-0.720001220703
2018-08-02,64.6,-0.720001220703,-0.004322302942,0.001334883721,0.000657428833,0.001550387597,0.15406325802,0.084967624331,235324800.0,65.282000732422,-0.266010897219,1.132143293108,74.252823953598,83.065091543822,-0.019998168945
2018-08-03,64.59,-0.019998168945,0.002942006916,0.001258144203,0.000247235596,-0.002779064382,0.078077017745,0.078445880731,230618600.0,65.066000366211,0.052713943286,1.142857687814,69.655195379694,78.544049188882,0.640003356934
2018-08-06,65.12,0.640003356934,-0.002146359219,0.001118109967,0.000120115777,0.000460900292,0.061046072372,0.076763301337,234563600.0,65.060000610352,0.29363795331,1.103571483067,84.597751327315,76.168590220203,0.11999786377
2018-08-07,65.05,0.11999786377,-0.000919643785,0.001533742331,0.000148784624,-0.002300613497,0.040877064858,0.075196578372,238254300.00000003,65.074000549316,0.143028638455,1.020000185285,78.217719542559,77.490222083189,-0.31000213623
2018-08-08,64.76,-0.31000213623,0.0,0.000741041087,0.000282337258,0.00030892802,-0.012841351595,0.073123458021,234925299.99999997,64.913999938965,-0.368329078619,0.869285583496,61.716083510099,74.843851459991,0.079996337891
2018-08-09,64.63,0.079996337891,-0.000771058377,0.001025312548,-9.5797723e-05,-0.002469516901,-0.046452110504,0.0694688097,239028400.0,64.925999450684,0.072449116648,0.818571090698,65.016360357595,68.316721136751,0.009999389648
2018-08-10,64.51,0.009999389648,-0.003094012224,0.001056624595,0.000343397993,0.001086281813,-0.08473698095,0.065578352978,236449900.00000003,64.937998962402,-0.149273242216,0.799285071237,58.415806662604,61.7160835101,-0.480001220703
2018-08-13,64.08,-0.480001220703,-0.000156210158,0.002204935958,-0.000349861948,0.000937207123,-0.149916880934,0.062834921301,232608700.00000003,64.697998046875,-0.275124152369,0.822142192296,24.596765500343,49.342977506847,-0.649999694824
2018-08-14,63.57,-0.649999694824,0.000315315429,0.001005831363,1.5730938e-05,0.001891252955,-0.227557222464,0.051772371208,228201299.99999997,64.335998535156,-0.299722662175,0.789999280657,2.755892502587,28.589488221845,0.060001068115
2018-08-15,63.38,0.060001068115,-0.002828859063,0.001140880834,0.000471648665,-0.00110323089,-0.257364761053,0.047209924535,231447699.99999997,64.113999176025,0.173976691972,0.739285060338,10.629935446355,12.660864483095,0.090001220703
2018-08-16,63.64,0.090001220703,0.005041747104,0.001410879448,0.000299712679,-0.002351465747,-0.278016876583,0.049560287637,227722800.0,63.840000152588,0.024268664951,0.705713817051,14.65205252281,9.345960157251,0.520003662109
2018-08-17,64.32,0.520003662109,0.001246792349,0.001075965131,0.000704522744,0.001245330012,-0.236969115275,0.048688233717,231437699.99999997,63.74400100708,0.255769393109,0.707856042045,40.370562921973,21.884183630379,0.400001220703
2018-08-20,64.82,0.400001220703,0.004326309858,0.001004102564,-0.000237647922,-0.002769230769,-0.167157365326,0.045374717049,236205900.00000003,63.882001495361,0.27654075961,0.732855933053,61.11123667536,38.711284040048,-0.180000610352
2018-08-21,64.9,-0.180000610352,0.004177046334,0.001200807956,-0.000761161332,-0.000154059467,-0.123438832282,0.040503309029,231130499.99999997,64.124001312256,-0.23419904514,0.743570327759,58.582071472392,53.354623689908,-0.15
2018-08-22,64.59,-0.15,-0.003706530715,0.00098468799,1.4491617e-05,0.001240117811,-0.085959965831,0.040312348117,235176000.0,64.348001098633,-0.135952622423,0.709998811994,69.135806316818,62.943038154857,1.079998168945
2018-08-23,65.79,1.079998168945,0.0,0.001280074616,0.000463263609,0.00182731841,-0.00246863359,0.04191737932,240379299.99999997,64.788000488281,0.443038023338,0.74357005528,94.545399024569,74.087758937926,0.040001831055
2018-08-24,65.885,0.040001831055,0.001063340314,0.001006074412,-0.000307289622,0.00053151101,0.056990219775,0.042744999579,244807800.0,65.12200012207,0.154972709321,0.724284580776,89.032370769881,84.237858703756,0.214998474121
2018-08-27,66.44,0.214998474121,0.005294984602,0.001041534989,7.5035732e-05,-0.00015048909,0.105158652464,0.046285750727,248639000.0,65.397999572754,0.216317386529,0.719284602574,94.984215028103,92.853994940851,0.399996337891
2018-08-28,66.98,0.399996337891,0.002842645898,0.001277413099,1.492985e-06,-0.000745934656,0.173480101425,0.054241032761,252137900.00000003,65.837998962402,0.352404348519,0.733570643834,98.691019457083,94.235868418356,-0.189999084473
2018-08-29,66.86,-0.189999084473,-0.001048056503,0.00066613376,-1.0379791e-05,0.002098321343,0.200040625112,0.059845343464,248048600.0,66.245999145508,-0.269429406821,0.711427961077,92.07921724683,95.251483910672,0.269997253418
2018-08-30,66.88,0.269997253418,-0.002830252045,0.001268133984,-5.7173764e-05,-0.000896325067,0.223466293337,0.067052135776,252494600.0,66.537998962402,0.286255145359,0.728571210589,94.638617510605,95.136284738173,0.139996643066
2018-08-31,66.93,0.139996643066,-0.000895218765,0.000896057348,-0.000155929664,-0.000448028674,0.214472003808,0.071920014491,248354099.99999997,66.775997924805,0.075601544946,0.713571003505,92.074501266998,92.930778674811,-0.090003662109
2018-09-04,66.7,-0.090003662109,-0.001496087367,0.001235765658,-0.000274332517,-0.000599340725,0.180672966285,0.075507130532,242460200.0,66.923997497559,-0.087447218673,0.691428320748,87.878690853943,91.530603210515,0.410000610352
2018-09-05,66.77,0.410000610352,-0.00223515906,0.001052867384,0.000137505801,-0.002837514934,0.16140504528,0.079695696945,247359100.00000003,66.977998352051,0.34661780645,0.692142759051,94.172495394188,91.37522917171,-0.77
2018-09-06,65.86,-0.77,0.000151547519,0.001505453719,0.000110291543,-0.002272382972,0.063818440426,0.079679671176,240814000.0,66.819998168945,-0.3272707204,0.764285496303,63.829791534286,81.960325927473,-0.029998168945
2018-09-07,65.805,-0.029998168945,-0.000607639593,0.001286859705,0.000411521001,0.000227998176,-0.017897842439,0.079443714666,233544300.00000003,66.559999084473,-0.084393908482,0.772142682757,54.054115959665,70.68546762938,0.404999084473
2018-09-10,66.5,0.404999084473,0.003624797872,0.000827689992,0.000128422505,0.000752445448,-0.050242996595,0.079170692562,237605000.0,66.397999572754,0.278542078699,0.763571058001,61.40938822041,59.764431904787,0.050003051758
2018-09-11,66.27,0.050003051758,-0.002554557333,0.000779118485,0.000193865855,-0.000452488688,-0.052385461462,0.07723440366,241088300.00000003,66.340000915527,0.105728915393,0.761428288051,71.875057924059,62.446187368045,0.329998474121
2018-09-12,66.71,0.329998474121,0.0,0.001077627628,-0.000300853846,0.001651651652,-0.053873425018,0.071223687861,244273400.0,66.238000488281,0.160260960255,0.771428244455,73.611011744382,68.965152629617,0.260001220703
2018-09-13,67.43,0.260001220703,0.003882367202,0.000929793247,0.000343229141,0.002974862413,-0.034328250055,0.065573398972,247507000.0,66.432000732422,0.359651315137,0.712857382638,81.775724219703,75.753931296048,1.07
2018-09-14,68.52,1.07,0.000146016587,0.001277185812,0.000605109076,0.000145964093,0.071481976155,0.063794125277,253559400.0,66.966000366211,0.466979506058,0.787143162319,98.795153006259,84.727296323448,-0.100001831055
2018-09-17,68.11,-0.100001831055,0.0,0.00111078632,-0.000155562348,-0.004530838936,0.122905318774,0.063211288209,249342400.0,67.408000183105,-0.094469010143,0.786428724016,88.88884176915,89.819906331704,-0.440001831055
2018-09-18,68.16,-0.440001831055,0.001330042408,0.001599763872,0.000153089747,0.005903187721,0.094506475826,0.060302148452,245086899.99999997,67.631999206543,-0.405365930626,0.794999803816,68.055499611282,85.246498128897,0.250003662109
2018-09-19,68.46,0.250003662109,0.001607849365,0.000992410975,-0.000394585696,-0.000875656743,0.112438617927,0.058416534686,250104899.99999997,67.994000244141,0.407156887613,0.827856881278,88.611216461667,81.851852614033,0.04
2018-09-20,68.625,0.04,0.001897770123,0.001332944776,-0.00030441732,-7.2854437e-05,0.116731755251,0.055391891087,253529100.00000003,68.3,-0.013380342617,0.81642804827,87.700552189994,81.455756087648,0.165000915527
2018-09-21,69.16,0.165000915527,0.001599078484,0.000917271408,5.0913523e-05,0.003773584906,0.124748944875,0.057361229236,258565800.0,68.358000183105,0.135584199629,0.819999694824,94.195219828477,90.168996160046,-0.109996948242
2018-09-24,71.27,-0.109996948242,0.025199099013,0.005106653482,-0.000553180562,0.006780618731,0.132481243914,0.05982485274,267896899.99999997,68.484001159668,0.205382497176,0.806428091867,95.037295042867,92.311022353779,0.170002441406
2018-09-25,71.71,0.170002441406,0.004199263887,0.001639113465,0.000395289367,-0.000418176749,0.27525913626,0.079071890214,278008800.0,69.23800201416,0.248489522787,0.955713544573,96.284862248522,95.172459039955,0.489996948242
2018-09-26,72.235,0.489996948242,-0.0019390498,0.001356893946,0.000354164289,0.002428531779,0.390545862292,0.099201029652,286266100.0,69.996000671387,0.286166019162,0.902142116002,99.571948637048,96.964701976146,0.604996337891
2018-09-27,72.81,0.604996337891,0.002471174001,0.001054779512,-0.00035761139,-0.002875924404,0.474010196124,0.11766373009,295121000.0,70.863999938965,0.306702307962,0.925713675363,94.078885935177,96.645232273582,0.209996643066
2018-09-28,73.09,0.209996643066,-0.003286741643,0.001222689064,-2.3436309e-05,0.004229056005,0.502717100679,0.132638110902,300614900.0,71.709999084473,0.003355230665,0.905713762556,96.239494958953,96.630109843726,0.270000610352
2018-10-01,73.71,0.270000610352,0.006134091392,0.001347920336,0.00089344439,-0.001354829969,0.504663511975,0.145340218156,307187000.00000006,72.571998596191,0.363544283135,0.912142617362,97.054870338388,95.791083744173,0.410002746582
2018-10-02,73.69,0.410002746582,-0.001619033218,0.001463963964,-0.000609453283,-0.004189189189,0.515388002161,0.158012045663,314395800.00000006,73.107998657227,0.258217311136,0.917857033866,99.602665322289,97.632343539877,0.119997558594
2018-10-03,73.61,0.119997558594,0.0,0.001199376525,0.000468103817,-0.002304147465,0.461592185429,0.166036537514,308144600.00000006,73.429998779297,-0.146526671827,0.930714198521,95.142800453763,97.266778704813,-1.569999084473
2018-10-04,71.351,-1.569999084473,-0.003747977083,0.001741674794,0.000370938234,-0.005838093911,0.275951050075,0.161827364431,300666700.0,73.269999694824,-0.428617983598,0.961428506034,68.222879442983,87.656115073012,0.468999694824
2018-10-05,72.32,0.468999694824,0.0,0.001931077694,-0.000743942818,0.006961849067,0.115691576872,0.154342876541,294500000.0,73.030000305176,0.036821288617,0.99785723005,64.909607742793,76.091762546513,-0.739998168945
2018-10-08,71.59,-0.739998168945,0.0,0.001816149763,0.00026129189,0.000139703828,-0.021797919369,0.146088657136,289073800.0,72.674000549316,-0.075256772949,1.033571515765,59.780908593116,64.304465259631,-0.149997558594
2018-10-09,71.3542,-0.149997558594,-0.002799616053,0.001563868613,0.000299357185,0.001603032004,-0.131376857723,0.137320122849,283553300.0,72.138000488281,-0.026577953239,1.097142900739,52.951422223331,59.213979519747,-0.064199084473
2018-10-10,70.82,-0.064199084473,-0.003366501062,0.001440300258,-0.00035717258,-0.003237156932,-0.218056568626,0.126682428021,278741000.0,71.634001159668,0.039774402126,1.107856750488,50.260858941667,54.331063252705,-1.900001831055
2018-10-11,68.6,-1.900001831055,0.0,0.001866576385,-0.000504759666,-0.004643064423,-0.427017890266,0.118865297574,268181800.0,71.010000610352,-0.420643416499,1.243571145194,2.607063650228,35.273114938409,-0.220002746582
2018-10-12,69.28,-0.220002746582,0.014477998434,0.002670751045,-0.000406834995,-0.001297390803,-0.583909156966,0.119284092146,256249500.00000003,70.32200012207,-0.13504394157,1.340714045933,11.230703498873,21.366208696922,0.050001831055
2018-10-15,68.48,0.050001831055,0.000144158468,0.002817397429,-0.001028730344,-0.013398645728,-0.603519905814,0.116618278071,266680800.0,69.87200012207,-0.004540597536,1.267143249512,25.84615853719,13.227975228763,0.219996948242
2018-10-16,69.64,0.219996948242,0.012372724036,0.002063263839,0.000398622363,0.00129403307,-0.635514826408,0.112407636004,260006099.99999997,69.323999023437,-0.267420273976,1.291428702218,16.153775726181,17.743545920748,1.309996948242
2018-10-17,69.62,1.309996948242,-0.007751873799,0.006226846591,0.001402020364,-0.011079545455,-0.488351029079,0.10704930266,267644800.0,69.25599822998,0.385588093978,1.375000544957,50.76916033624,30.923031533203,0.610003356934
2018-10-18,69.26,0.610003356934,-0.009255325286,0.001724633515,0.000274519464,-0.004599022708,-0.425033589443,0.102082047676,256630099.99999997,69.517999267578,-0.045098676975,1.467143467494,39.692335856273,35.538423972898,-1.120000610352
2018-10-19,68.24,-1.120000610352,-0.000146788029,0.001463378835,-0.000107535328,0.001614560399,-0.504050751321,0.104933416391,245670700.00000003,69.469999694824,-0.303490416034,1.606428963797,10.029912249044,33.497136147186,-0.650003662109
2018-10-22,67.77,-0.650003662109,0.0022192859,0.001203129613,-0.000443642551,0.000442869796,-0.568710179428,0.111291171053,238319100.00000003,69.121998596191,-0.179636912962,1.651428767613,5.278489692272,18.333579265863,0.749996643066
2018-10-23,67.82,0.749996643066,-0.013718547257,0.00230097662,-0.00023263534,0.003551346552,-0.525234341876,0.115851507843,245244000.0,69.085998535156,0.270945302744,1.708571297782,19.340234483803,11.54954547504,0.749999694824
2018-10-24,68.9,0.749999694824,0.002333435363,0.002093167792,-0.000507724668,0.002517205756,-0.471222743553,0.118431728918,252690400.0,68.609999084473,0.256410784436,1.712142944336,28.884853348584,17.834525841553,-1.959997558594
2018-10-25,66.59,-1.959997558594,0.003883993089,0.002290327381,0.00131165963,-0.009077380952,-0.519578594463,0.124642528653,244563900.00000003,67.951998901367,-0.358273953651,1.812856946673,2.127708502611,16.784265444999,1.079998168945
2018-10-26,66.91,1.079998168945,-0.013595362699,0.001900524345,-0.000703733972,0.002397003745,-0.477768022368,0.124815675841,253626200.0,67.857998657227,0.132794183099,1.854286193848,21.98349024714,17.665350699445,0.07999786377
2018-10-29,68.13,0.07999786377,0.015076909515,0.001925,-0.001130263698,0.001911764706,-0.47052838526,0.123936256639,245247200.0,67.737998962402,0.077082432287,1.862857818604,20.826154779956,14.979117843236,-0.820002441406
2018-10-30,67.6,-0.820002441406,0.00683403805,0.002789256198,0.001137905784,-0.002361275089,-0.420446561006,0.114267985753,252777800.0,67.495999145508,-0.159534652635,1.952858516148,28.176771510616,23.662138845904,0.4
2018-10-31,68.77,0.4,0.010294072768,0.001908458677,0.000340817004,0.001018922853,-0.32156646217,0.100117475958,260772200.0,67.381999206543,0.110915775834,1.853572300502,41.111122092335,30.038016127635,0.170002441406
2018-11-01,69.31,0.170002441406,0.002175716437,0.001794760457,-0.000128031507,0.003184252424,-0.180596677411,0.092704847951,268567200.0,67.781999206543,0.096413755802,1.860001155308,58.51856978892,42.602154463957,0.840001525879
2018-11-02,71.35,0.840001525879,0.008553078561,0.002268004806,0.000272505914,0.00855184112,-0.002993590629,0.086346774849,274818000.0,68.27799987793,0.340669446695,1.860715048654,80.925953906309,60.185215262521,-1.159997558594
2018-11-05,70.8,-1.159997558594,0.004131655584,0.001786038593,-0.00041451737,0.004540295119,0.113600566058,0.080719080851,280132600.0,68.918000793457,-0.143672708731,1.905715397426,78.750086838444,72.731536844558,-0.410000610352
2018-11-06,70.38,-0.410000610352,-0.000852359129,0.001706242002,-0.000116667262,0.000710934167,0.195795103303,0.075953157664,288691300.0,69.534001159668,-0.037381995394,1.800715310233,82.321461886682,80.665834210478,0.579999084473
2018-11-07,71.8097,0.579999084473,0.010287533348,0.001304644999,-0.000531984766,0.001669688938,0.275286306298,0.074196116868,292367700.0,70.126000976562,0.409341070303,1.729286738804,92.500030637308,84.523859787478,0.6903
2018-11-08,72.505,0.6903,-0.006896551724,0.001915972222,6.9613838e-05,0.007013888889,0.410191830172,0.087894980794,298772199.99999994,70.838000488281,0.400306603826,1.650000980922,98.389449753362,91.07031409245,0.454999084473
2018-11-09,72.38,0.454999084473,-0.001096516339,0.001867416964,-0.000114120714,-0.006587976942,0.502899902406,0.100698799872,303448300.0,71.4,0.432520522953,1.62928717477,98.356127432896,96.415202607855,0.410000915527
2018-11-12,72.37,0.410000915527,-0.0008242555,0.001550254365,0.000130609844,-0.004949814382,0.522948355585,0.110325757204,299200700.0,71.919999694824,-0.04027883127,1.590715680804,96.027386366396,97.590987850885,-1.810002441406
2018-11-13,71.02,-1.810002441406,0.004393497714,0.001660073467,0.000196504391,0.003390788358,0.363747570514,0.110644896266,292928000.0,71.953999328613,-0.41628573938,1.622858319964,65.479407950262,86.620973916518,-1.53000213623
2018-11-14,70.29,-1.53000213623,0.008778250527,0.001751640514,-0.00021799202,0.002710413695,0.173742073205,0.109046962174,286357700.0,71.659999084473,-0.343627268806,1.590715680804,50.821884013748,70.776226110136,-0.879996337891
2018-11-15,68.84,-0.879996337891,-0.006915478052,0.001545690475,0.000158581216,-0.001305672421,0.037173025603,0.108589843487,280956900.0,71.041999816895,-0.217597369933,1.556429726737,49.726073490355,55.342455151455,1.890003356934
2018-11-16,70.89,1.890003356934,-0.003534567908,0.002194948922,-0.000409889758,0.005817253121,0.030515699573,0.108249133721,287805900.0,70.596000671387,0.34014977307,1.620715005057,64.872980311262,55.140312605122,1.150000915527
2018-11-19,72.12,1.150000915527,-0.000555259786,0.001658485382,-0.000881377231,0.001944984718,0.104925647428,0.109115726461,297666700.0,70.446000671387,0.409611188871,1.620000566755,82.252545938089,65.617199913235,-1.579999084473
2018-11-20,70.47,-1.579999084473,-0.00212647468,0.003782497514,0.000511940678,0.001136525075,0.0466796733,0.108071364142,290442300.0,70.442001342773,-0.32762415271,1.692144121443,50.583633897923,65.903053382425,-1.410002441406
2018-11-21,69.41,-1.410002441406,0.004199260437,0.002187995674,-6.8270803e-05,0.00086517664,-0.090489365918,0.107206126591,282219800.0,70.356001281738,-0.338168700375,1.690715244838,21.789790855329,51.541990230447,-0.880001220703
2018-11-23,68.34,-0.880001220703,-0.008609314875,0.001884015308,-0.000100677601,0.005887547836,-0.209101909314,0.101346777634,276430400.0,70.180000305176,-0.2681859901,1.680715288435,11.478529335316,27.950651362856,-0.229999389648
2018-11-26,68.72,-0.229999389648,0.009102961988,0.001842135894,0.000806441442,-0.000145496872,-0.302369167584,0.099748469192,273168200.0,69.655999755859,0.106238997082,1.613572256906,5.333310080829,12.867210090491,0.089997558594
2018-11-27,68.57,0.089997558594,-0.001453255016,0.002215106971,-0.000548597811,-0.002037549119,-0.302696636001,0.092712035534,279297600.0,69.009999084473,0.054735404593,1.624286106655,18.666585282903,11.826141566349,1.139999084473
2018-11-28,70.5,1.139999084473,0.005594597544,0.002564194009,0.000526873194,0.005706134094,-0.231300346485,0.085054524224,286056600.0,68.843998718262,0.374789215289,1.666429247175,35.809471486855,19.936455616862,2.330001831055
2018-11-29,72.805,2.330001831055,-0.005492263021,0.001707993925,-2.0520148e-05,0.005177412674,0.023510765365,0.085731853745,293972500.0,69.597999572754,0.516987097703,1.772143227713,95.238095219955,49.904717329904,0.45500213623
2018-11-30,73.72,0.45500213623,0.009145483885,0.001549709184,-0.000409585291,-0.002840524821,0.208201857716,0.090094247698,300420199.99999994,70.544000244141,0.321109342911,1.78642817906,92.504341074349,74.517302593719,0.330003051758
2018-12-03,74.77,0.330003051758,0.00324102436,0.001984928004,0.000216831813,0.006190283946,0.361761131823,0.099201932276,308450700.0,71.732000732422,0.059557728444,1.800714220319,97.187495886996,94.976644060433,-0.500003356934
2018-12-04,73.98,-0.500003356934,-0.000403915183,0.001904229526,0.000112461957,-0.003502155172,0.450556691898,0.107376320006,314881100.0,72.824000549316,0.001801278849,1.719285692487,90.83213169923,93.507989553525,-2.48
2018-12-06,70.96,-2.48,-0.012727323946,0.003421164471,9.8191715e-05,0.005241535628,0.302263699278,0.107063521298,307260999.99999994,73.182000732422,-0.466094998888,1.78428540911,51.763047447773,79.927558344666,0.580000915527
2018-12-07,71.06,0.580000915527,0.002935407909,0.003188571429,0.001122395426,-0.009616724739,0.191780518125,0.107137059782,317530100.0,72.924000549316,0.304533148303,1.792142595564,52.327235546262,64.974138231088,-1.110003051758
2018-12-10,70.3,-1.110003051758,0.001286690082,0.001754469531,-0.000293299441,0.004572735067,0.006327294994,0.106715601918,309584600.00000006,72.261999511719,-0.322039129247,1.77999986921,29.901215964792,44.663832986276,0.619998168945
2018-12-11,71.795,0.619998168945,0.010434369885,0.001793190064,-0.000124867755,0.001883896176,-0.05303480436,0.103675197267,315413200.0,71.635998535156,0.192994119395,1.818571363177,43.582481431494,41.936977647516,0.044996337891
2018-12-12,73.23,0.044996337891,0.013502244852,0.001675594012,-0.000274497893,0.005768438401,-0.033323771682,0.101518765479,322980199.99999994,71.149998474121,0.081208091928,1.78214263916,56.558484873116,43.347394089801,-0.700001220703
2018-12-13,72.815,-0.700001220703,0.002481735947,0.002064125499,-0.000837490702,0.001995321316,0.020313644945,0.103431480352,329863800.00000006,71.35599822998,-0.092744743625,1.791428702218,66.290541258271,55.477169187627,-0.634999694824
2018-12-14,71.13,-0.634999694824,-0.011914666206,0.001745653393,0.000433211632,-0.002664049355,0.025986972054,0.10241519197,323598900.0,71.48399810791,-0.15906536878,1.797857012068,61.354029906336,61.401018679241,-0.36999786377
2018-12-17,69.55,-0.36999786377,-0.00537033453,0.002345521139,-8.341504e-05,-0.011793123046,-0.067044178485,0.100011605647,317928600.00000006,71.645999145508,-0.239802414913,1.866428375244,36.391506869639,54.678692678082,0.2
2018-12-18,70.2,0.2,0.015770587443,0.002706422018,0.000326573852,-0.009174311927,-0.190746740526,0.101527165007,310671100.0,71.411999511719,-0.173107284298,1.90499986921,20.948051293386,39.564529356454,-0.119998168945
2018-12-19,70.26,-0.119998168945,0.003709967181,0.001677566107,0.000493383073,-0.001137332954,-0.241238183277,0.101667273795,319063500.0,71.060000610352,-0.23079249873,1.920714242118,21.044070037676,26.1278760669,-1.26
2018-12-20,68.81,-1.26,-0.009565270465,0.003738220661,-0.000788115486,0.006877377817,-0.332628779003,0.10477855956,311723800.00000006,70.354000854492,-0.180499703297,1.931428636823,12.035632580848,18.00925130397,-0.430002746582
2018-12-21,68.06,-0.430002746582,-0.004533453803,0.004701043044,-3.9390162e-05,-0.000146907595,-0.414749130221,0.107189663747,300034100.0,69.594000244141,0.024437523062,1.98000063215,17.52836489257,16.869355837032,-0.790003356934
2018-12-24,66.6406,-0.790003356934,-0.006689415352,0.003568815592,-0.000721051844,-0.000890554723,-0.517079409046,0.112984412411,285793300.0,68.895999145508,-0.173891054402,2.047857557024,3.530879804365,11.031625759261,-1.080602441406
2018-12-26,66.625,-1.080602441406,0.005186149786,0.002798853482,-0.000273561166,0.011001517451,-0.663824529,0.127257305559,281767100.0,68.057998657227,-0.379026028999,2.081428527832,1.362033489519,7.473759395485,2.995002746582
2018-12-27,68.81,2.995002746582,-0.017380049364,0.003967256249,0.00063289558,0.005847098377,-0.460974205977,0.125551008043,289343600.0,67.965998840332,0.524186731608,2.170000348772,49.64371987747,18.178877723785,1.819997253418
2018-12-28,71.03,1.819997253418,0.005946563991,0.002221534131,0.000495092243,-0.000281491907,-0.243231884041,0.12472434263,296056600.00000006,68.291998291016,0.410949192179,2.257142748152,61.638906651276,37.548220006088,0.059996337891
2018-12-31,72.07,0.059996337891,0.00675205207,0.001802431186,-0.000265934533,0.006986167389,-0.062115006311,0.122011097833,302266200.00000006,68.83399810791,0.023734995347,2.193571363177,67.102079863291,59.461568797346,0.260001831055
2019-01-02,70.625,0.260001831055,-0.026821545587,0.003507600511,0.000382744668,0.003338542407,0.13647106596,0.119350971306,308360500.0,69.845999145508,0.305724442718,2.133571624756,81.828989158714,70.189991891094,-1.125
2019-01-03,67.864,-1.125,-0.010935282536,0.003351760256,-0.001407158927,-0.012743671807,0.075546876561,0.11154679102,299623300.0,70.633999633789,-0.221852531981,2.250714438302,48.218508800699,65.716525940901,-1.643998779297
2019-01-04,67.13,-1.643998779297,0.013591082895,0.00276102503,0.000920808377,0.000148986889,-0.173729511196,0.112049202686,289052600.0,69.953999328613,-0.347259901883,2.392142704555,10.129858290056,46.725785416489,0.980000610352
2019-01-07,68.72,0.980000610352,0.001174597421,0.002465757442,0.000103212049,0.007772400645,-0.19766075796,0.113061943502,297351700.0,69.45,0.3229916298,2.449285779681,36.475386337358,31.607917809371,0.409997253418
2019-01-08,69.04,0.409997253418,0.006075594026,0.00285971223,-0.001560307869,-0.006618705036,-0.134166554461,0.111279193001,306854700.0,69.058000183105,0.29191133224,2.445000239781,50.409767286148,32.338337304521,-0.739996948242
2019-01-09,69.213,-0.739996948242,0.009223971087,0.002514144785,-0.000614751953,0.004105614391,-0.136960544594,0.112882299044,297949600.0,68.252000427246,-0.217415983486,2.51214327131,39.071048213063,41.98540061219,0.227002441406
2019-01-10,68.76,0.227002441406,-0.01094473084,0.002481852497,-0.000515629858,-0.001742160279,-0.055123675183,0.111726460507,304040600.00000006,68.240000915527,0.250419669305,2.509285518101,54.644811013884,48.041875504365,0.320001831055
2019-01-11,68.74,0.320001831055,-0.006948513958,0.001893586006,-0.000119784893,0.002040816327,-0.020132704224,0.107812807102,295989400.00000006,68.812001037598,0.20918549619,2.345714569092,49.726769684498,47.814209637148,0.590001831055
2019-01-14,68.65,0.590001831055,-0.013269841983,0.001579447449,0.001069649847,0.003508259026,0.022636581007,0.099618395398,302572400.0,69.056001281738,0.407661972743,2.267143249512,53.142070372865,52.504550357082,-0.380003356934
2019-01-15,68.63,-0.380003356934,0.002050784033,0.002761129789,-0.000506489659,0.003215904108,-0.015613937704,0.092480599154,297449500.0,68.884001159668,-0.099574915993,2.202143532889,38.661124580026,47.17665487913,1.840001220703
2019-01-16,70.5785,1.840001220703,0.00042569574,0.002001576044,-8.0726284e-05,0.001113475177,0.105440850072,0.09164972349,303756400.0,69.318000793457,0.492177804412,2.232143947056,68.457296936817,53.420163963236,-0.758500305176
2019-01-17,70.09,-0.758500305176,0.000716170896,0.001681694576,0.000321747089,0.003148704737,0.137878173271,0.091740085407,297399100.0,69.394000244141,-0.326027558472,2.013572692871,59.504110510802,55.540844009215,0.429996643066
2019-01-18,71.3273,0.429996643066,0.006664793577,0.00133821665,0.000632724597,0.004751373433,0.198910864925,0.092726849477,302826900.0,69.681999206543,0.279338014321,1.896430424282,69.145938915404,65.702448787674,0.092698168945
2019-01-22,71.04,0.092698168945,-0.006300713523,0.001642947724,0.000243471426,0.000986332253,0.286977611795,0.097251708457,312231399.99999994,70.099998474121,0.230679505889,1.858573368617,81.542650498498,70.064233308235,0.44999786377
2019-01-23,70.54,0.44999786377,-0.013848061174,0.005558723404,0.001116143736,0.000567375887,0.333749318494,0.100519006651,318772999.99999994,70.743998718262,0.27215964189,1.809286934989,95.993588356633,82.227392590178,-0.629996337891
2019-01-24,69.8407,-0.629996337891,0.001287317024,0.002363857143,-0.000587049054,-0.002275714286,0.246126805886,0.0963225962,308576700.0,70.631999206543,-0.113078073084,1.739287240165,70.673159793978,82.736466216369,1.019300610352
2019-01-25,71.37,1.019300610352,0.005786000976,0.001459649123,0.000735723741,0.001684210526,0.239759069055,0.081103306213,315014300.0,70.839999389648,0.26780687872,1.573572976249,81.473742016154,82.713496722255,-0.219998474121
2019-01-28,70.1,-0.219998474121,-0.008854601115,0.002218179244,-0.000762869796,-0.00750389353,0.241988194446,0.082850646048,319838400.0,70.966000366211,-0.054335436833,1.475001198905,87.002189635527,79.716363815219,-1.049996948242
2019-01-29,69.46,-1.049996948242,0.000579193112,0.002135823921,-0.000326959,0.005792064871,0.096413094477,0.082858739231,313895900.0,70.492001342773,-0.40981292038,1.511429922921,42.977033417998,70.484321689893,0.230002441406
2019-01-30,69.93,0.230002441406,0.003156854828,0.001719936936,0.00012768683,0.002293249248,0.040468974373,0.081016582113,319877500.0,70.132002258301,0.271339786494,1.404287065778,42.857292558787,57.612171870771,1.750000305176
2019-01-31,71.55,1.750000305176,-0.005161868652,0.001893142617,0.000534737224,0.003365586874,0.129698011025,0.077764561358,328022500.0,70.486001586914,0.434148558772,1.444287436349,96.730175532594,60.85483383646,1.430003356934
2019-02-01,72.59,1.430003356934,0.000548003347,0.00172582854,0.000355657512,-0.00588879759,0.260911771363,0.088297966518,338444400.0,70.91000213623,0.445866722822,1.511429922921,98.178212664065,79.255226918482,-0.229999389648
2019-02-04,72.32,-0.229999389648,0.000414576825,0.001260533223,0.000417929016,-0.00096698439,0.288437345721,0.0789786381,333427900.0,71.152001953125,-0.251066101044,1.537143707275,82.778920760536,92.562436319065,0.18
2019-02-05,72.86,0.18,0.005517262426,0.001460631001,-0.000117265962,-0.000548696845,0.297374391564,0.079131866314,338706200.00000006,71.842001342773,0.062881211922,1.521429334368,84.836100796991,88.597744740531,0.250000610352
2019-02-06,72.95,0.250000610352,-0.002872371532,0.001439816669,-0.000512526764,0.00064743741,0.323508616648,0.084254049002,343008600.00000006,72.526000976562,0.17630202466,1.417143685477,95.991082588521,87.868701382016,0.53999786377
2019-02-07,72.77,0.53999786377,-0.006803646952,0.001932052162,-0.000344775963,-0.001098146877,0.343636082765,0.085932478146,347860500.0,72.888000488281,0.323529621512,1.410714830671,98.529416458171,93.118866614561,-0.03000213623
2019-02-08,72.59,-0.03000213623,-0.00797352514,0.001196923503,6.5826071e-05,0.005958980044,0.286046512723,0.0868603842,340996900.0,72.839999389648,-0.069405223491,1.467142922538,82.773095757268,92.431198267986,0.740001831055
2019-02-11,73.565,0.740001831055,0.002045568282,0.001565051715,6.0657523e-05,0.001156777354,0.267628315305,0.087434610321,347060600.00000006,73.033999633789,0.439419344991,1.477142878941,95.168151388401,92.156887867946,-0.024999084473
2019-02-12,74.0889,-0.024999084473,0.006119077273,0.001156030287,-0.000223465316,0.001742833964,0.249866484787,0.08813833431,351843300.0,73.241999816895,0.058283119299,1.446428571429,94.04770192593,90.662983023866,0.971097558594
2019-02-13,75.0,0.971097558594,-0.000266408789,0.001432569296,0.000814128933,-0.000533049041,0.316478644368,0.088681261713,358883000.00000006,73.631999206543,0.364362667562,1.404285430908,97.356053013301,95.523968775877,-0.620002746582
2019-02-14,74.1,-0.620002746582,-0.004033280901,0.001181155508,0.000251588247,0.000269978402,0.29136288238,0.092439696038,353186700.0,73.809999084473,-0.264595091016,1.370713915144,86.244199813328,92.549318250853,-0.129998779297
2019-02-15,74.37,-0.129998779297,0.007976156931,0.001155177039,-0.000343864505,-0.002548283262,0.226637412906,0.09098117648,348322200.00000006,74.055999755859,-0.084518869819,1.346428462437,79.90731513384,87.835855986823,0.88
2019-02-19,75.28,0.88,-0.001195964623,0.001513837147,-9.285249e-06,0.001596593933,0.24781333047,0.095621531587,356405400.00000006,74.439999389648,0.329540771569,1.287142617362,97.727249067642,87.959588004937,-0.28
2019-02-20,74.69,-0.28,-0.002266642253,0.001349726046,-0.000607663724,-0.00187090739,0.223514732206,0.099626582782,351901900.0,74.731999206543,-0.088453313596,1.266428266253,90.30612309562,89.313562432368,0.850000915527
2019-02-21,75.2003,0.850000915527,-0.005692352396,0.001630326232,8.029868e-05,0.001335552597,0.221893938638,0.104631871259,358218599.99999994,74.82799987793,0.372398896081,1.184999738421,99.32282667667,95.785399613311,-0.060300610352
2019-02-22,75.66,-0.060300610352,0.00279477091,0.001402521566,-0.000489649103,0.004114134041,0.174077617423,0.101160798915,352611600.0,74.980000305176,0.023907743368,1.109999520438,89.434881122548,93.021276964946,0.469997253418
2019-02-25,76.35,0.469997253418,0.003415239007,0.001898154209,-6.8718264e-05,-0.000523628747,0.188123200659,0.1034037933,357908199.99999994,75.411999511719,0.361769865844,1.11285672869,93.535355696063,94.09768783176,0.510000610352
2019-02-26,76.59,0.510000610352,-0.003642971338,0.001965862187,-0.000467414272,6.5286936e-05,0.2231853216,0.107703282537,363617799.99999994,75.733999633789,0.295391706292,1.10857118879,96.576534452322,93.182257090311,0.16
2019-02-27,76.75,0.16,-0.003908834551,0.001230288496,0.00011619591,0.003924133421,0.215466411615,0.096892710396,358322400.0,76.083999633789,0.119683657553,1.105000087193,93.416324436118,94.509404861501,0.480003356934
2019-02-28,77.59,0.480003356934,-0.002848649633,0.001688092456,0.000683080019,0.007531489417,0.218499401567,0.087619750358,364028900.0,76.42200012207,0.396477371744,1.110000065395,98.284760828525,96.092539905655,0.030002746582
2019-03-01,77.85,0.030002746582,0.004766749602,0.001987434286,7.768105e-05,-0.001795101936,0.221870632495,0.088795559103,370791600.0,76.918000793457,0.297241438189,1.042857033866,92.592673447325,94.764586237323,0.739996337891
2019-03-04,78.83,0.739996337891,0.003181066442,0.00156709792,0.000177857328,-0.000126839168,0.261785327744,0.097475413575,376181700.0,77.410000610352,0.28976264508,1.025713784354,97.247676865218,96.04170371369,-0.209997253418
2019-03-05,78.6,-0.209997253418,-0.000763230551,0.00159114053,-0.00021515726,0.000509164969,0.261927916457,0.100870879242,382144500.0,77.762001037598,-0.063791640023,1.093571254185,93.333362379916,94.391237564153,-0.379998779297
2019-03-06,77.96,-0.379998779297,-0.001406297732,0.00122583536,0.000353986216,-0.001920368711,0.209095556057,0.100274422325,375596999.99999994,78.056001281738,-0.212958601483,1.028571537563,85.659665019865,92.080234754999,-0.260003051758
2019-03-07,77.81,-0.260003051758,-0.000128629437,0.001493113657,0.000216497189,0.001544600335,0.117694217477,0.098352523765,371414900.0,78.15,-0.288353308954,0.992143358503,75.716951088867,84.903326162882,-1.009996948242
2019-03-08,76.43,-1.009996948242,-0.005859434372,0.001919318926,0.000552771697,0.001047806156,-0.017608299228,0.094647935786,366122300.0,77.986000061035,-0.323366297678,1.04214314052,53.232791919784,71.536469342838,0.199997253418
2019-03-11,76.78,0.199997253418,0.003784430718,0.001675187014,-0.000143011584,-0.002079542501,-0.126708174458,0.086035407155,362226900.0,77.594000244141,0.176081409485,1.007143293108,46.453032104387,58.467591704346,1.029997558594
2019-03-12,77.87,1.029997558594,0.00231333133,0.001083985126,-0.000493669102,-0.001538658802,-0.127222516678,0.080648983845,366481500.0,77.431999206543,0.394345548293,1.033572060721,73.455310439994,57.713711488055,0.36999786377
2019-03-13,78.3,0.36999786377,0.005495914071,0.001290199568,6.1050981e-05,-0.004703190543,-0.107223869801,0.075469453459,370722700.0,77.435998535156,0.152489810636,1.025000980922,83.062557510998,67.656966685126,0.320002746582
2019-03-14,78.335,0.320002746582,-0.00152636406,0.00141221374,-2.5313714e-05,-0.003371501272,-0.078362647045,0.076461347673,377201900.0,77.619999694824,-0.016277496901,1.039287022182,86.052674881084,80.856847610692,0.645003356934
2019-03-15,79.02,0.645003356934,0.000633013677,0.002165253701,-0.000201149103,-0.000126534228,-0.046557508024,0.074586117012,382936400.0,78.055999755859,0.263953804125,1.012144361223,94.832883811937,87.982705401339,0.840000610352
2019-03-18,79.19,0.840000610352,0.001126926336,0.002591897714,0.000161687965,-0.009505941213,0.018716627668,0.071832494937,394925799.99999994,78.702000427246,0.345099194877,1.03428704398,93.240073320029,91.375210671016,-0.359998168945
2019-03-19,79.21,-0.359998168945,0.004439914576,0.001326092448,-0.00035380736,0.000378883556,-0.020387439672,0.069321432943,387254700.0,78.906001281738,-0.270269016774,1.122857775007,69.230782894734,85.767913342233,0.749999084473
2019-03-20,79.63,0.749999084473,-0.001125516995,0.001653798534,0.000441737178,-0.003004882935,0.015028525059,0.068066381068,393303300.0,79.250001525879,0.324763175648,1.152857644217,93.394055654197,85.28830395632,0.310002441406
2019-03-21,79.92,0.310002441406,-0.006129665727,0.001671211803,-4.5380823e-05,0.005915670233,0.021871461878,0.067183000575,387914500.0,79.514001464844,0.034771232011,1.172143663679,89.27794535266,83.967594633863,0.139997558594
2019-03-22,79.79,0.139997558594,-0.003122658102,0.001630622729,-0.000316004884,-0.000250595164,0.019330757906,0.062254939444,393813600.0,79.730000305176,0.26799143779,1.175715310233,90.712730860359,91.128243955739,-1.819998779297
2019-03-25,78.33,-1.819998779297,-0.002052118246,0.001833036518,-8.749394e-05,0.006682945637,-0.13003879285,0.057231093383,386280700.0,79.352000427246,-0.383454652478,1.237857818604,45.572394418554,75.187690210524,-0.099996643066
2019-03-26,78.98,-0.099996643066,0.008436610052,0.001229433388,1.5915675e-05,0.001140829002,-0.213339824244,0.054646465772,390125200.0,79.232000732422,0.206714583767,1.257142748152,51.187994643421,62.491039974111,0.02
2019-03-27,78.93,0.02,0.0,0.001411392405,0.000163424651,-0.000886075949,-0.217830707347,0.051584875285,393721600.0,79.040000915527,0.071518457802,1.298570905413,67.818601547814,54.859663536596,-0.199996643066
2019-03-28,78.79,-0.199996643066,0.005461708203,0.001707906388,0.000218603431,-0.003289057559,-0.238562958458,0.049495596601,389619700.0,78.798001098633,-0.086051211709,1.304285321917,61.987137116409,60.331244435881,0.650002441406
2019-03-29,79.52,0.650002441406,0.005286985851,0.001101803156,-0.000237355621,-0.004257450538,-0.205303394406,0.049257385642,395295600.0,78.674002075195,0.154851564013,1.304285321917,72.295641967143,67.367126877122,0.420002441406
2019-04-01,80.5,0.420002441406,0.009131795162,0.001539468066,0.000447703454,-0.002107350936,-0.152880050921,0.051475809757,401186800.0,79.068002319336,0.050959838396,1.279999324254,80.836363801531,71.706380961694,-0.839996337891
2019-04-02,79.61,-0.839996337891,0.002134046713,0.001858115161,-1.8552601e-05,-0.002755856194,-0.140622595357,0.052623018541,396344800.0,79.354002380371,-0.320460521468,1.328570229667,65.384747034875,72.838917601183,0.010002746582
2019-04-03,79.76,0.010002746582,0.004395861116,0.001667291901,-0.000483454724,-0.002625984744,-0.138546285949,0.053129478224,392626900.0,79.478002929688,-0.133384220465,1.305713108608,64.102664402945,70.107925079784,-0.26
2019-04-04,79.0,-0.26,-0.000377343136,0.001604379011,0.000855363934,-0.005914181452,-0.147749920227,0.051927620441,388653200.0,79.632002258301,-0.271125899927,1.299998692104,60.256416507155,63.247942648325,-0.379997253418
2019-04-05,78.8,-0.379997253418,0.003561419098,0.001653992395,0.001230344374,-0.001267427123,-0.211705456948,0.045690255955,383982000.0,79.468002319336,-0.271852882352,1.319998604911,32.051332201472,52.136804370524,0.2
2019-04-08,78.35,0.2,-0.001139194151,0.001717709345,0.000539946778,-0.007096692434,-0.225733345074,0.036042493019,387416500.0,79.280001831055,0.057684788528,1.247856140137,44.230750406419,45.512833038349,0.169996643066
2019-04-09,78.175,0.169996643066,-0.003565955059,0.001235372643,-0.000585343134,-0.000830777096,-0.262100923123,0.033404759056,382237600.0,79.052000427246,-0.197014099727,1.22142791748,28.846003355518,35.042695321137,0.494998168945
2019-04-10,78.6,0.494998168945,0.000635605096,0.001279402416,0.000276081289,-0.000635727908,-0.269761316653,0.032176378295,387074300.0,78.861999511719,0.244608759586,1.19142804827,33.653752092191,35.576835284709,0.370001220703
2019-04-11,78.865,0.370001220703,0.002785883466,0.001267963127,-0.000430613959,-0.004104053542,-0.248839445031,0.031622010312,392678900.0,78.755999755859,0.150793843401,1.169285365513,43.269249565536,35.256335004415,-0.35499786377
2019-04-12,78.465,-0.35499786377,-0.001783204507,0.001263238484,-0.000200278494,0.001212198545,-0.259033927826,0.032455990141,388246800.0,78.733999633789,-0.380757252982,1.062857491629,28.52566609673,35.149555918152,-0.45499786377
2019-04-15,78.145,-0.45499786377,0.001281867342,0.002077198822,-0.000389968794,0.000448086033,-0.290159501371,0.033774652995,382764800.0,78.536000061035,-0.168156075061,1.061429159982,6.506937002971,26.100617555079,-0.645
2019-04-16,78.64,-0.645,0.005677450857,0.001682205685,0.000629401492,0.008981267642,-0.332749603869,0.03810046547,376669700.0,78.332000732422,-0.298548691968,1.041429247175,1.21954056104,12.084047886914,-2.260002746582
2019-04-17,75.62,-2.260002746582,-0.002618446654,0.010706878446,0.004473333392,-0.007351010764,-0.418463217685,0.046580702614,370441900.0,77.874000549316,-0.2781735886,1.128572191511,6.837599869426,4.854692477812,-2.740002746582
2019-04-18,74.56,-2.740002746582,0.010428130693,0.004362438892,-6.4360128e-05,0.012493210212,-0.677644665969,0.080565668813,359229500.0,76.655999755859,-0.392885551162,1.348571777344,6.205212570831,4.754117667099,-0.640001831055
2019-04-22,73.34,-0.640001831055,-0.010687242087,0.003472005476,6.0039056e-05,0.003969883641,-0.740688931043,0.093657156352,368941700.0,75.737998962402,0.079658708541,1.439286368234,18.615728755416,10.552847065224,1.17000213623
2019-04-23,74.81,1.17000213623,0.001610456499,0.00151976417,0.000303393717,0.0024118987,-0.704522899003,0.102768840368,374752400.0,75.037998962402,0.441988740187,1.444286346436,28.141383473284,17.65410826651,1.289998474121
2019-04-24,76.15,1.289998474121,-0.000656970084,0.002044707429,0.001081917804,0.001314924392,-0.54264673079,0.105077358573,381575900.0,74.757998657227,0.384221020663,1.531429290771,48.952855524405,31.903322584368,0.6
2019-04-25,76.74,0.6,-0.001693775289,0.001712328767,0.001841147472,0.001174168297,-0.369215172097,0.10505876662,387814300.0,74.831999206543,0.299481901645,1.556429726737,61.39857975058,46.164272916089,1.370000610352
2019-04-26,77.93,1.370000610352,0.004480840755,0.001479876512,0.000342283164,-0.006755034412,-0.15148048846,0.104545040468,393826000.0,75.87799987793,0.423188383622,1.577857971191,81.444787359542,63.932074211509,0.629997558594
2019-04-29,78.38,0.629997558594,0.0,0.001185081466,-9.083867e-06,-0.002291242363,0.024879470586,0.103077083595,398112500.0,76.805999755859,0.054695297748,1.582857949393,87.818684013808,76.887350374643,-0.110003356934
2019-04-30,78.04,-0.110003356934,0.0,0.001737575061,-0.000333755817,-0.002938546059,0.118779833103,0.099828663299,393757500.0,77.557998657227,-0.13138875415,1.582857404436,83.711020900904,84.324830758085,1.519997558594
2019-05-01,78.63,1.519997558594,-0.002639505919,0.002157151859,-0.000674706615,-0.009073724008,0.256635008277,0.099553186168,399271600.0,78.249998474121,0.377537936149,1.644286019461,98.22640039128,89.918701768664,0.10999786377
2019-05-02,78.59,0.10999786377,-0.004064004363,0.001764915859,0.00053618249,0.001912289648,0.279573379698,0.097605484627,392569300.0,78.647998046875,-0.250981750701,1.67357145037,87.039504212915,89.658975168366,0.189998779297
2019-05-03,78.82,0.189998779297,0.0006347176,0.001419931533,-0.000260893602,-0.000633954609,0.283527683052,0.095979121013,397681500.0,78.781997680664,0.193593407778,1.679285321917,87.585219158748,90.950374587647,-0.129997558594
2019-05-06,78.01,-0.129997558594,-0.016139334516,0.001474941875,0.00038033945,0.007620769827,0.266433511251,0.096090743247,392228800.0,78.807998657227,-0.074931880668,1.667856488909,86.357438593986,86.99405398855,1.059999694824
2019-05-07,78.51,1.059999694824,-0.007208798495,0.001815159236,-0.00025467974,0.000127388535,0.266429304872,0.096240592482,396235500.0,78.967999267578,0.464805986048,1.726427895682,91.541574452673,88.494744068469,-1.599996337891
2019-05-08,76.3,-1.599996337891,0.000260000548,0.00250422462,-0.000687966743,-0.008189262966,0.114433294325,0.095798848895,390912999.99999994,78.438000488281,-0.280393488752,1.742856706892,62.073695969083,79.990903005247,-0.079998779297
2019-05-09,75.3893,-0.079998779297,-0.00734712083,0.001641157811,-0.000221056771,-0.003577848269,-0.03130961227,0.095728280754,386550200.00000006,77.934001159668,-0.422264570692,1.514999934605,49.999999992795,67.87175680485,1.030698168945
2019-05-10,75.91,1.030698168945,-0.002747959821,0.001846378428,0.000169176291,-0.003936491274,-0.108624067673,0.094230713776,390286900.0,77.462001037598,0.247965881195,1.475714547294,51.121030199732,54.39824205387,0.539996948242
2019-05-13,75.565,0.539996948242,-0.016742953962,0.001963549288,0.002095110145,0.005254755887,-0.149597253812,0.093308281766,394280400.0,77.013999938965,0.070468486334,1.512857709612,38.402962401266,46.507997531264,-0.065
2019-05-14,76.17,-0.065,0.001854296552,0.002736647277,-7.6953511e-05,0.007006874669,-0.227844629782,0.094499770389,389113700.0,76.3,0.204292545835,1.477857317243,18.640753395164,36.054915332054,-0.140001220703
2019-05-15,75.764,-0.140001220703,-0.006970916583,0.002029697257,6.3820661e-05,0.005084855938,-0.230383715281,0.094952964225,394432999.99999994,76.123999023438,0.17854949206,1.482856750488,28.931988776953,28.658568191128,0.74600213623
2019-05-16,76.4449,0.74600213623,0.000130630069,0.003089388395,-0.001056846519,-0.00098144276,-0.188002707936,0.094857005401,398818500.0,76.181999206543,0.29232000026,1.482142312186,38.252439546305,28.608393906141,0.155098474121
2019-05-17,76.27,0.155098474121,-0.004046965598,0.001509503211,-0.000301993471,-0.000262157557,-0.144149179706,0.081117213128,404916600.00000006,76.217999267578,0.041166897294,1.493571145194,39.999940734817,35.728123019358,-0.299998779297
2019-05-20,75.28,-0.299998779297,-0.004870379632,0.00166005291,0.000341601774,-0.004232804233,-0.14729134215,0.07275093602,399747300.0,76.12200012207,-0.119772946276,1.507857186454,27.766987984612,35.339789421911,0.489996643066
2019-05-21,76.54,0.489996643066,0.010426302633,0.001668988738,-0.000448387831,-0.00026123302,-0.151947940914,0.067414953487,395254200.00000006,76.175999450684,0.11685577794,1.437143053327,24.949201848898,30.905376856109,-0.510001220703
2019-05-22,75.97,-0.510001220703,0.001446805368,0.001863088463,-0.000787545664,-0.002232729183,-0.127606778508,0.067591239158,399073900.0,76.175999450684,-0.32598687173,1.421429225377,32.181398430588,28.299196088032,0.29000213623
2019-05-23,76.06,0.29000213623,-0.001573600095,0.001953638035,0.000724360764,-0.001050696086,-0.087989995488,0.068355426991,402136600.00000006,76.125999450684,0.085934979411,1.405714852469,37.14907647217,31.426558917219,-0.430002746582
2019-05-24,76.43,-0.430002746582,0.005156675973,0.001794264667,-0.000681871513,0.005393317548,-0.095558696361,0.069940222605,396629600.0,75.931999206543,-0.305555900331,1.410715375628,23.542051495831,30.95750879953,0.550003356934
2019-05-28,77.19,0.550003356934,0.000649459862,0.001373015873,-0.000888159817,0.002467532468,-0.005728107517,0.067695835046,401495900.0,76.133999633789,0.435848008764,1.384287152972,56.351071801935,39.014066589979,-1.480000915527
2019-05-29,74.95,-1.480000915527,-0.004490771919,0.002071263249,-0.001197656627,-0.005572508956,-0.02674848458,0.067622765074,396077300.0,76.12200012207,-0.271766515155,1.343572889056,34.01155053038,37.968224609382,0.719998168945
2019-05-30,76.35,0.719998168945,0.00449324667,0.001216287331,9.7651971e-05,0.004473095645,-0.037589270697,0.060679069645,392064199.99999994,76.05,0.15243487794,1.357858385359,32.848734044141,41.070452125485,0.169996643066
2019-05-31,75.715,0.169996643066,-0.007187603849,0.00189910491,1.228292e-06,-0.003356588127,0.015401960897,0.055339909094,395664500.0,76.101998901367,0.358870614604,1.309286390032,57.557974469171,41.472753014564,0.414997253418
2019-06-03,76.63,0.414997253418,0.001576287284,0.001704918033,-0.000729546976,0.004983606557,0.02645510565,0.048569579716,389093700.0,76.201998901367,0.09299682284,1.223571777344,39.144554382933,43.183754298748,-0.920000915527
2019-06-04,76.3,-0.920000915527,0.007132491376,0.001884881603,-7.7569343e-05,0.000655737705,0.008668097383,0.040749402432,382807200.0,75.947998046875,-0.191084975966,1.21357182094,25.328829306604,40.677119386236,1.159999084473
2019-06-05,78.225,1.159999084473,0.00490572241,0.001943587987,0.000242628365,0.004946043165,0.11220152158,0.027023517392,388643200.0,76.297998046875,0.426601591395,1.258572169713,82.894601424826,49.122661704788,0.465002441406
2019-06-06,78.7601,0.465002441406,0.002033244729,0.001270344536,-0.000418640793,-0.001140139505,0.252908148382,0.038948052846,393929400.00000006,76.901998901367,0.423152136436,1.229286738804,95.908025677386,68.043818802939,1.329896337891
2019-06-07,80.88,1.329896337891,0.004994400601,0.001795254069,0.000942678112,0.0048453224,0.419810114806,0.058759779565,399896100.0,77.615998840332,0.357542875454,1.271429334368,93.806846985005,90.869824695739,-0.14000213623
2019-06-10,80.81,-0.14000213623,0.003220239573,0.001847273726,-0.000362793713,-0.001112484549,0.545561942602,0.076568563422,405032500.0,78.537998962402,0.150674474739,1.258572714669,93.247496513757,94.320789725383,0.459996643066
2019-06-11,81.69,0.459996643066,0.006398477839,0.001338115227,0.000724615764,-0.001222643355,0.630027801146,0.092684128198,408959600.0,79.649998474121,0.133878657204,1.279286520822,96.493849946678,94.516064481813,-0.569997253418
2019-06-12,81.74,-0.569997253418,0.002095638106,0.001660189399,0.000380705194,0.005288402411,0.639357069345,0.102181689001,405054100.0,80.381999206543,-0.236080092053,1.302143641881,87.535445345556,92.425597268664,0.209996948242
2019-06-13,82.0225,0.209996948242,0.000366155092,0.00168989547,-3.7183536e-05,0.000274390244,0.662186449602,0.114064248297,408386400.0,81.03399810791,0.469118441484,1.310000828334,99.291741217533,94.440345503256,0.267500915527
2019-06-14,82.08,0.267500915527,-0.001458290743,0.001122915906,-0.000340429877,-0.001095290252,0.659501395803,0.125181241008,413606800.0,81.473999023438,0.270762563614,1.284286499023,99.458715563929,95.428634042339,0.140001220703
2019-06-17,82.46,0.140001220703,0.002067601148,0.00133802646,0.00034694303,0.000849617672,0.613296531034,0.133385778568,408835700.0,81.769999694824,0.034871850896,1.240715026855,91.919197745814,96.889884842425,-0.409996948242
2019-06-18,82.22,-0.409996948242,0.004875001604,0.001576713159,-0.000158537256,-0.002789569436,0.534456931374,0.137473419283,404739800.00000006,81.926000976562,-0.181265001423,1.141429356166,89.772755722754,93.716889677499,1.199998168945
2019-06-19,83.33,1.199998168945,-0.000239710423,0.002034532374,-0.000318799091,-0.000839328537,0.536356052575,0.144113470836,410992800.0,82.386000061035,0.300429424682,1.187143598284,97.91413132226,93.202028263609,1.000001831055
2019-06-20,85.165,1.000001831055,0.006047604598,0.001591230552,-7.3780736e-05,0.003830740217,0.558183040793,0.15221867142,415106200.00000006,82.862001037598,0.329287594602,1.225000653948,98.123640002913,95.270175682642,-0.224997558594
2019-06-21,84.76,-0.224997558594,0.004944645124,0.001804123711,0.000207381365,-0.007029053421,0.570938517242,0.160054183033,421542599.99999994,83.392001342773,0.055889559662,1.230715070452,96.153872874326,97.397214733166,0.24
2019-06-24,84.805,0.24,-0.002588249655,0.001318969359,9.6100267e-05,0.000294880868,0.54093828848,0.162442423849,430398000.0,83.948001098633,-0.18388639657,1.202143532889,96.08694857903,96.788153818756,-0.095000915527
2019-06-25,84.69,-0.095000915527,0.002715185449,0.002051742406,0.000125886668,-0.002943254062,0.462143280833,0.164966930727,425866400.0,84.480000305176,-0.046651503848,1.115715026855,91.367840210284,94.536220554547,-0.45000213623
2019-06-26,83.95,-0.45000213623,-0.00225539906,0.001788340274,0.00061649657,-0.001189767995,0.344354698616,0.15907983789,420951100.0,84.644000244141,-0.28207645246,1.1028578622,82.232018809345,89.895602532886,-0.990000915527
2019-06-27,83.22,-0.990000915527,0.005183224565,0.0018117195,-0.000386032128,-0.000720461095,0.155823365503,0.147463386838,415219700.0,84.369999694824,-0.30273152692,1.099286760603,51.650469605686,75.083442875105,0.470002441406
2019-06-28,83.69,0.470002441406,0.001553318791,0.001332459485,0.000104336372,-0.002740705434,0.060753458291,0.138131033347,419331300.0,84.119999694824,0.170272930607,1.095715114049,64.870330594511,66.250939669847,0.409998474121
2019-07-01,84.76,0.409998474121,0.00760998099,0.001536936512,-0.000679681654,0.000236016049,0.008686494561,0.12424304009,435768000.0,83.939999389648,0.129584189944,1.101429530552,71.991731113787,62.837510437995,-0.27000213623
2019-07-02,84.73,-0.27000213623,0.003077312615,0.001795132743,-3.1746897e-05,-0.000235988201,-0.014993558348,0.10276076719,440295600.0,83.895999145508,-0.094346750844,1.091429574149,77.08829895227,71.316786886856,0.219996948242
2019-07-03,85.01,0.219996948242,0.001177234928,0.001391207786,0.000176480969,-0.000470311581,-0.015138507653,0.08810992809,444318900.0,84.037998962402,0.128222774376,1.088572365897,86.772482477872,78.617504181309,0.629999389648
2019-07-05,84.96,0.629999389648,-0.005604807695,0.001978628464,-0.000680539376,-0.002348520432,0.014188269143,0.07890346347,446756400.0,84.573999023438,0.408367268619,1.099286760603,99.748690231365,87.869823887169,0.459998168945
2019-07-08,84.9,0.459998168945,-0.001638953321,0.001685623827,0.000458985601,-0.004455909944,0.00234334908,0.073676732254,442971700.0,84.919998168945,0.156193443117,1.110715048654,94.221026033179,93.580732914139,0.189996337891
2019-07-09,85.05,0.189996337891,-0.001527761888,0.001272365545,-0.000159492489,0.001884792084,-0.041711585601,0.068549663398,439380600.00000006,85.117997741699,-0.157553121302,1.097857339042,84.986469575231,92.985395279925,0.219996643066
2019-07-10,85.74,0.219996643066,0.004808299264,0.001069223986,0.000205908963,0.000700280112,-0.071003486942,0.064615108038,442506599.99999994,85.273997497559,0.285039466019,1.017857687814,87.417074632911,88.874856747107,-0.360002746582
2019-07-11,85.36,-0.360002746582,0.003162383241,0.001625478368,-0.000826518738,-0.003385872738,-0.093812060805,0.058247789484,446822500.0,85.359997558594,-0.201207763671,0.966429029192,84.615384589349,85.67297626583,0.409996643066
2019-07-12,84.99,0.409996643066,-0.005712928564,0.001480769231,-0.000660782045,-0.003400562852,-0.093278662846,0.055383725218,450476100.0,85.385997009277,0.079660986088,0.952142987932,93.452345783514,88.494935001924,-1.070001831055
2019-07-15,83.815,-1.070001831055,-0.001310779466,0.001849301993,0.000202868804,5.9658752e-05,-0.220881760444,0.050850083462,444808900.0,85.085997009277,-0.271533626655,1.077857426235,38.392877405116,72.153535925993,-0.005002441406
2019-07-16,83.9,-0.005002441406,0.003579561633,0.001539995239,-0.000813997179,-0.001309367932,-0.310563132883,0.045317793885,439631200.0,84.829997253418,0.004951641963,1.087856837681,35.119050311754,55.654757833461,-0.739996337891
2019-07-17,85.9,-0.739996337891,0.032828230006,0.00458598207,-0.001781686052,0.000116427989,-0.405527930722,0.03947774857,435744500.0,84.407998657227,-0.346420706034,1.097142355783,15.773997388596,29.761975035155,-0.13999786377
2019-07-18,86.01,-0.13999786377,0.005596964967,0.001719155844,0.000384638065,-0.002666975881,-0.29049486492,0.039541637894,445125900.0,84.483999633789,-0.041545501666,1.229284558977,74.285759561544,41.726269087298,1.75000213623
2019-07-19,87.82,1.75000213623,0.006039183756,0.001431758976,-0.000454803308,-0.00532336618,-0.087497834268,0.051222882506,453437500.0,84.882000732422,0.315945869649,1.336426871164,98.380682456397,62.813479802179,-0.33000213623
2019-07-22,87.46,-0.33000213623,-0.001485852744,0.001403617216,6.1048776e-05,0.001144688645,0.015324921361,0.058469306641,447613500.0,85.596000671387,-0.449515491657,1.317855834961,84.530314531847,85.732252183263,0.609999694824
2019-07-23,87.97,0.609999694824,0.000340624269,0.001379114642,-0.000875032216,-0.001475595914,0.10418071851,0.067063428302,454179600.0,86.448001098633,0.254702370727,1.332855769566,88.984515327521,90.631837438588,0.76999786377
2019-07-24,88.07,0.76999786377,-0.003267984252,0.001427473149,0.000604884797,-0.004296212549,0.185130236059,0.07689966552,458228700.0,87.563999938965,0.267092020699,1.362856183733,99.658630181332,91.057820013567,0.519996337891
2019-07-25,87.87,0.519996337891,-0.003612142545,0.002033986632,-7.269302e-05,-0.004531550923,0.204128329141,0.083104938984,454349600.0,88.129998779297,0.069844143421,1.392856052944,97.098877447034,95.247340985296,0.13
2019-07-26,88.355,0.13,0.003977255388,0.001486134692,-0.000122751044,5.6593096e-05,0.154755867387,0.08181634546,449678400.0,88.177998352051,-0.18078061058,1.382141658238,87.03068160508,94.596063077815,-0.605
2019-07-29,87.7642,-0.605,0.00353273571,0.001464001817,0.000724578405,-0.003359073359,0.086463304513,0.08084561938,445500700.0,88.229998779297,-0.219750835878,1.424284798758,82.764470446062,88.964676499392,0.785803051758
2019-07-30,88.215,0.785803051758,-0.004178461139,0.001519618961,-0.000264692148,0.0003969154,0.076703672199,0.082221594159,449124600.00000006,88.325999450684,0.204583709439,1.47357068743,96.416398232692,88.737183427944,0.094997558594
2019-07-31,88.1843,0.094997558594,-0.001472055905,0.00144998866,0.000173689193,4.8763892e-05,0.037597223969,0.082688954051,446259900.0,88.239999389648,0.078844141867,1.484285627093,92.320741780043,90.500536819599,-1.084301525879
2019-08-01,87.11,-1.084301525879,0.000918505539,0.002215760496,0.000903582341,-0.000802936453,-0.079841631892,0.08140440991,440062700.0,87.941999816895,-0.254357197747,1.572143009731,71.672295393728,86.803145135488,-1.029998168945
2019-08-02,85.84,-1.029998168945,-0.00151027974,0.002425204201,0.000582351984,0.001633605601,-0.227913897263,0.080999461529,433040700.0,87.558000183105,-0.213215903362,1.551428658622,54.266211150486,72.753082774752,-0.020000305176
2019-08-05,84.81,-0.020000305176,-0.012700959471,0.002809040482,0.000430688891,0.000944175617,-0.338403861604,0.080484128645,428284300.0,87.17200012207,-0.036013464809,1.596429007394,49.829315090666,58.589273878293,-1.649996337891
2019-08-06,84.01,-1.649996337891,0.007816184077,0.002893449469,0.000462277642,0.002386350078,-0.57193661404,0.08668266445,422030500.0,86.094000244141,-0.304314989025,1.743572235107,11.672003627534,38.589176622895,0.850000610352
2019-08-07,83.41,0.850000610352,-0.012491133054,0.001742243437,-0.000448773455,-0.004653937947,-0.590799904001,0.087419942093,426452999.99999994,85.404000854492,0.441015270649,1.610715048654,38.485818835634,33.329045851278,1.189998474121
2019-08-08,85.8,1.189998474121,0.006028394154,0.002642593245,0.000819423819,0.008107155446,-0.597859699061,0.088852422438,420950400.0,84.904000854492,0.164596258755,1.622858319964,35.503864960222,28.553895807797,-0.240002441406
2019-08-09,86.025,-0.240002441406,0.000818135774,0.002142940558,-0.000517221446,0.004612869321,-0.517930935116,0.089048438343,427389700.0,84.8,0.185934217888,1.67928641183,50.3875611308,41.459081642219,0.595002746582
2019-08-12,86.13,0.595002746582,-0.002655314588,0.002077446161,-0.000816805869,0.000232261061,-0.380106800255,0.084879830189,432492400.0,84.960000610352,0.3149079374,1.692143576486,66.821738425793,50.904388172272,-1.469996337891
2019-08-13,85.84,-1.469996337891,0.007795842242,0.002355016409,-4.7027145e-05,0.006094702297,-0.40508321452,0.082233873208,428841600.0,85.260000610352,-0.3839129244,1.767857687814,36.604423375401,51.271240977331,1.049999389648
2019-08-14,86.175,1.049999389648,-0.011623916945,0.002177456917,-1.752245e-06,0.003435025617,-0.262471607203,0.073461196022,433649900.0,85.666000366211,0.382483104038,1.860000065395,71.339527941324,58.255229914173,-2.234997558594
2019-08-15,83.96,-2.234997558594,0.002620934171,0.002065262595,-1.1005119e-05,-0.002376425856,-0.352271816062,0.078438027514,429543700.0,85.534001159668,-0.389870724627,2.012142726353,25.389461221049,44.444470845925,-0.019997558594
2019-08-16,84.58,-0.019997558594,0.009530562296,0.002101067317,-9.2353731e-05,-0.001888128393,-0.393970961167,0.082261954307,429543700.0,85.21000213623,-0.083701521864,2.004286084856,25.389461221049,40.706150127808,0.199998779297
2019-08-19,85.58,0.199998779297,0.011913212441,0.001143781326,5.3192827e-05,-0.002447837743,-0.348830809882,0.083255892079,435330000.0,84.842001342773,0.029468865715,1.997142791748,38.47350450925,29.750808983783,-0.020002441406
2019-08-20,85.52,-0.020002441406,0.004558197765,0.002331274041,0.000273133515,-0.003147219956,-0.254661639343,0.08138448011,439909799.99999994,85.02200012207,-0.139077865268,2.030713762556,53.366139282092,39.076368337464,-0.979999084473
2019-08-21,84.99,-0.979999084473,0.006032672471,0.001485226115,0.000196920756,-0.000822948507,-0.248989610261,0.078171066486,436587399.99999994,84.552000427246,-0.451734420976,1.994999476842,38.782667070361,43.540770287234,-0.089998474121
2019-08-22,84.97,-0.089998474121,0.000235531716,0.00270188936,-0.000853196349,0.000588789449,-0.210447513633,0.073489932216,440481700.0,84.744000244141,-0.082145341869,1.883571079799,54.071053689127,48.739953347193,-0.599997253418
2019-08-23,84.18,-0.599997253418,-0.006281929494,0.001060220526,-7.3681907e-05,0.004055343511,-0.209641565252,0.070787644859,437274700.0,84.830000305176,-0.15477259698,1.898571014404,43.006363127833,45.286694629107,-2.249999694824
2019-08-26,82.685,-2.249999694824,0.008299771789,0.002209397313,0.000819295598,0.000665617814,-0.353944308734,0.076629829981,431046300.0,84.260000610352,-0.312812206872,1.870713915144,9.930311966189,35.669242927716,0.435002746582
2019-08-27,83.55,0.435002746582,0.008421522198,0.001655690766,-0.000736644268,-0.003221188261,-0.349168638847,0.071219030672,434567500.0,83.772001647949,0.226805697941,1.836428506034,30.662069528507,27.86624820751,0.100001525879
2019-08-28,83.325,0.100001525879,-0.005379612306,0.001912139423,0.001671002412,0.001502403846,-0.292527921966,0.062799805857,439412700.0,83.59400177002,-0.080876422767,1.72142791748,39.895501174011,26.829294222903,0.895001220703
2019-08-29,84.74,0.895001220703,0.009261443458,0.001494117647,-0.000150685339,-0.003058823529,-0.203128903109,0.057699347531,443302200.00000006,83.458001708984,0.432124384192,1.687856946673,49.8258131402,40.12779461424,0.079999694824
2019-08-30,85.21,0.079999694824,0.007663304978,0.00134994735,-0.000360637409,-0.003042003042,-0.09550663563,0.055593002426,447060800.0,83.548001098633,-0.136852680775,1.635713849749,60.278752117821,50.000022144011,0.109999694824
2019-09-03,84.5937,0.109999694824,-0.010431310277,0.001644404973,0.000830692184,0.001701598579,0.011731883882,0.054556206343,450688700.0,84.226000976562,-0.069956205997,1.542857033866,68.989556751894,59.698040669972,-0.533702441406
2019-09-04,84.42,-0.533702441406,0.005234385608,0.001255325444,-6.1427167e-05,-0.000946745562,0.000762293222,0.052581329333,446628100.0,84.413999938965,-0.125850826414,1.515714372907,54.54542651093,61.271245126882,-0.199998779297
2019-09-05,84.67,-0.199998779297,0.009261443458,0.001474941176,-0.000447396298,-0.003882352941,0.006896908483,0.052688504983,450301200.0,84.52799987793,-0.146711677732,1.368571690151,59.958126257997,61.164369840274,1.230001525879
2019-09-06,86.27,1.230001525879,0.003841697616,0.001622673108,-0.000372956945,0.000231884058,0.120417437305,0.054452539358,454657600.0,84.863999938965,0.290562593973,1.420714242118,94.583292252677,69.695615007201,-0.229999084473
2019-09-09,85.58,-0.229999084473,0.003486697108,0.001893676164,-0.000893370374,-0.00880240908,0.196740726228,0.055603190702,459108900.0,85.108000183105,-0.109635700835,1.398571559361,92.30770386496,82.283040791878,-1.359998779297
2019-09-10,83.0,-1.359998779297,-0.009261443458,0.002578739214,0.000663451925,-0.00527325024,0.120217538321,0.051427625447,454664300.0,84.888000488281,-0.398863665566,1.485000065395,56.410271833096,81.100422650244,0.209999084473
2019-09-11,82.83,0.209999084473,-0.009133543379,0.002574651304,-0.000226798726,0.004608853851,0.003322763625,0.053373604416,449051200.0,84.718000793457,-0.031966604494,1.604286193848,40.480609215476,63.066194971177,1.689996643066
2019-09-12,85.715,1.689996643066,0.00603410029,0.002405151123,-0.000881459991,0.008055980242,0.015301065036,0.046231271536,453510100.0,84.77799987793,0.461717746081,1.707857404436,64.694965437203,53.861948828591,-0.505000915527
2019-09-13,85.165,-0.505000915527,0.00105626063,0.002360736132,0.001052795112,-0.000293461674,0.067825077333,0.046778270981,457027600.0,84.639999389648,0.089671172348,1.693571908133,77.449160893878,60.874911848852,-0.895003356934
2019-09-16,83.45,-0.895003356934,-0.00427189979,0.001753884055,-0.000337980398,-0.005244963643,0.038831269492,0.046493547307,453394400.0,84.285998535156,-0.341620052013,1.583571842739,60.073896477402,67.406007602827,-0.089999389648
2019-09-17,83.51,-0.089999389648,0.000479857428,0.00182853717,-1.5111734e-05,0.001318944844,-0.037909990848,0.047735481305,449403200.0,84.113998413086,-0.307221659456,1.582857404436,43.253278796123,60.258778722468,0.070001831055
2019-09-18,83.6,0.070001831055,0.0,0.001601924969,-4.3969358e-05,0.000239291697,-0.068355336344,0.046559845345,452981500.0,84.187998962402,0.077484673099,1.597857883998,47.31984204456,50.215672439362,0.039999389648
2019-09-19,83.93,0.039999389648,0.002271669569,0.001737677527,-0.000146624513,0.001670843776,-0.078242568279,0.046951346395,455748999.99999994,84.011999511719,0.030730953141,1.605715070452,48.428853467286,46.33399143599,-0.699996643066
2019-09-20,83.85,-0.699996643066,0.00336415677,0.001389055203,0.000689335918,0.004071368698,-0.10454163024,0.047507594796,452356100.0,83.616000366211,-0.253959979921,1.624286651611,40.850373705607,45.533023072484,-0.269998168945
2019-09-23,83.466,-0.269998168945,-0.001794705942,0.002114404748,-0.000287639187,0.000671382328,-0.091009323564,0.047825297692,459486200.00000006,83.478001403809,0.040695585052,1.625714438302,47.31984204456,45.533023072484,-0.305996337891
2019-09-24,83.9417,-0.305996337891,0.006012505748,0.001665819986,-0.000608671046,0.003367200574,-0.102152830816,0.042646603772,457206300.0,83.43800201416,-0.225261773269,1.520714896066,39.556480037816,42.575565262661,-1.501697558594
2019-09-25,82.37,-1.501697558594,-0.00048521245,0.001633737864,0.000597795534,-0.00036407767,-0.14709116606,0.045186143188,453680900.0,83.21000213623,-0.326039700589,1.584286281041,26.247778869778,37.708033650718,0.490000610352
2019-09-26,83.12,0.490000610352,0.005068768596,0.001922163518,-0.000280659899,-0.001921229587,-0.137768354663,0.046958403729,456476000.0,83.054002380371,0.247836202981,1.513572147914,34.011140876522,33.271799928039,-0.459996337891
2019-09-27,82.72,-0.459996337891,0.0045971115,0.0016738921,5.0945535e-05,-0.003853564547,-0.134177062952,0.049373413942,453210800.0,82.940002441406,-0.232504960396,1.546429225377,30.314342118216,30.191087288172,-0.880003662109
2019-09-30,83.03,-0.880003662109,0.004276712111,0.001725027376,0.000470051026,0.010220221438,-0.173628235258,0.053684677502,449814200.00000006,82.592001342773,-0.300771295338,1.500714983259,16.498983767719,26.941488920819,0.639998168945
2019-10-01,84.28,0.639998168945,0.004302624815,0.002455432584,0.000665428262,0.002975127931,-0.068476367242,0.051209228369,454155100.0,82.694000244141,0.349510000416,1.454286302839,49.234138944384,32.015821610106,-2.440003662109
2019-10-02,81.05,-2.440003662109,-0.005376280935,0.001864004914,-0.000521935954,-0.0042997543,-0.111619161443,0.055180088414,449718400.0,82.573999023438,-0.346671960211,1.503572191511,9.190332536107,24.974485082736,-1.520001220703
2019-10-03,79.84,-1.520001220703,-0.003520668724,0.001899754644,-0.000361605166,0.007444794953,-0.275826363741,0.070486793662,444171300.0,81.907998657227,-0.318852931845,1.617857796805,11.532650661335,23.319040713942,1.229999694824
2019-10-04,81.95,1.229999694824,0.002837095816,0.003066051661,0.0008161995,0.007995079951,-0.260979806346,0.069282925485,448127300.0,81.58999786377,0.400148382176,1.68142918178,38.333384189575,19.685455795672,0.03999786377
2019-10-07,81.355,0.03999786377,-0.007195955034,0.00156019656,-0.000102417142,-0.000552825553,-0.173656403373,0.062552107617,451517400.00000006,81.619998168945,0.34123058104,1.682143620082,53.666687002774,34.510907284561,-0.314999084473
2019-10-08,79.65,-0.314999084473,-0.005923042343,0.002132571996,-0.000510987973,-0.0112959285,-0.164426476439,0.064419442157,448844199.99999994,81.093998718262,-0.171986243084,1.662857600621,37.83340453471,43.277825242353,-1.13999786377
2019-10-09,79.22,-1.13999786377,0.010189726157,0.001748455428,0.000773319095,-0.001134787543,-0.305085139872,0.079552415339,442920000.0,80.42799987793,-0.486944367565,1.75,0.0,30.500030512495,0.28
2019-10-10,79.275,0.28,-0.005157278769,0.001710077127,0.000298468117,0.002339107346,-0.306984195205,0.083344749398,446928500.0,80.42200012207,0.108000875111,1.760713849749,15.814676235423,17.882693590044,0.864999389648
2019-10-11,80.62,0.864999389648,0.007362165857,0.001789091209,-0.001020899146,-0.00136256658,-0.243448270663,0.080098025944,452013500.0,80.236000061035,0.38637142475,1.787857055664,26.038317627557,13.950997954327,-0.990002746582
2019-10-14,79.6656,-0.990002746582,0.000753550045,0.001593675493,9.9274782e-05,-0.000306186473,-0.21506516949,0.080538890145,447590500.0,79.763999938965,-0.297814005322,1.872856685093,17.891311498525,19.914768453835,0.154399694824
2019-10-15,81.66,0.154399694824,0.011024771446,0.003926204633,-0.000372724116,0.011519881085,-0.165040232214,0.081730978213,451819000.00000006,79.519999694824,0.089236711756,1.79857145037,20.92649693149,21.618708685858,0.320003356934
2019-10-16,79.93,0.320003356934,-0.007562853393,0.00776179941,-0.001646577443,-0.017576204523,0.022024034482,0.07895820546,458248100.0,80.213999938965,0.324699287765,1.939999716622,55.431378036507,31.416395488841,1.849998779297
2019-10-17,81.97,1.849998779297,-0.003179287602,0.002227551521,5.8964072e-05,0.005520117763,0.134515270314,0.075541027322,447540700.0,80.669999694824,0.076680381328,2.136428288051,52.236413929328,42.864762965775,0.409997253418
2019-10-18,82.61,0.409997253418,0.000364243866,0.001299356874,0.00026806603,0.002426889941,0.245116336956,0.073683556236,451713500.0,81.117999267578,0.290332402566,2.10857118879,61.821062500027,56.496284821954,0.180000915527
2019-10-21,82.6064,0.180000915527,0.004227545238,0.001727808516,-0.000346003543,-0.006418089969,0.336051096741,0.071320808372,456933300.0,81.75,0.155076453927,2.018571036203,68.370647513179,60.809374647511,-0.956398474121
2019-10-22,82.21,-0.956398474121,0.001959534963,0.001665566557,-0.000103601965,0.004889377827,0.310208943917,0.068611561394,451445400.00000006,82.116000366211,-0.412516611024,1.929999760219,60.617745251961,63.603151755056,-1.669999084473
2019-10-23,80.69,-1.669999084473,0.001862447531,0.001629446028,0.000560048266,0.0,0.21373539605,0.06804853672,446681400.00000006,81.82799987793,-0.345690472493,1.837856837681,39.189163307126,56.059185357422,0.579996643066
2019-10-24,81.69,0.579996643066,0.003937488717,0.002400577271,-0.002463520681,0.000980272025,0.194985882435,0.065550251051,450989700.0,81.725999450684,0.251017348088,1.754284994943,53.281744086875,51.029550881988,-0.329999389648
2019-10-25,81.23,-0.329999389648,0.001106149671,0.002235872236,0.000290802256,-0.002088452088,0.184647976941,0.063381566355,455460600.00000006,81.52200012207,-0.125271752355,1.72785622733,55.019272310143,49.163393234715,0.420001525879
2019-10-28,82.14,0.420001525879,0.001837128268,0.001714208096,0.000607771158,0.004156479218,0.192466722465,0.063145552651,460333400.00000006,81.294000244141,0.117812287214,1.718570709229,60.617745251961,56.306253882993,0.520003662109
2019-10-29,82.7198,0.520003662109,-0.002540608572,0.001835051546,0.000576155206,0.003272286234,0.256765958791,0.058761956572,465102200.00000006,81.496000671387,0.387367379835,1.626427786691,78.586327044825,64.741114868976,0.730196948242
2019-10-30,83.23,0.730196948242,-0.001557786197,0.001459193471,-0.0001092035,-0.001080172828,0.338469727935,0.063904862059,469717100.0,82.07799987793,0.325922087136,1.646428244455,91.249884745416,76.817985680734,0.78000213623
2019-10-31,83.63,0.78000213623,-0.002856868076,0.001020651785,-0.000585033597,-0.001671242688,0.411350530374,0.068229247789,473251900.0,82.626000976562,0.29700071501,1.632142203195,98.287061370281,89.374424386841,-0.019999389648
2019-11-01,84.07,-0.019999389648,0.005740888937,0.001737424188,-0.000274124906,-0.000237840409,0.412677799325,0.072322378293,468637900.0,83.076000976562,-0.047391046382,1.607142312186,84.98990225533,91.508949457009,-1.409996337891
2019-11-04,82.57,-1.409996337891,0.0045971115,0.002066302631,0.000260646822,-0.005420380631,0.333047122928,0.073249605513,463518800.0,83.278001403809,-0.415430869462,1.672142028809,64.042640213113,82.439867946241,-0.349998779297
2019-11-05,81.58,-0.349998779297,0.007905637512,0.004621696633,0.000925088879,-0.015566550018,0.238635522669,0.073357597986,458010800.0,83.190000915527,-0.408121733329,1.533570425851,54.680880063946,67.904474177463,0.759996337891
2019-11-06,82.68,0.759996337891,0.001943207059,0.001964969697,0.000309360309,0.002181818182,0.175102575087,0.064413504242,466249600.0,82.968000793457,-0.12035683596,1.387856074742,48.984650167749,55.902723481603,0.440002746582
2019-11-07,83.2,0.440002746582,0.000120241897,0.002134348035,-0.000350898462,-0.002876318313,0.175975555407,0.060243264732,470738599.99999994,82.790000915527,0.298829048496,1.357142312186,68.781793202442,57.482441144712,0.189999389648
2019-11-08,83.67,0.189999389648,-0.000719481461,0.001661466459,0.000136244208,0.004080163207,0.184222444862,0.058278067655,476759000.00000006,82.746000671387,0.19804923224,1.312856401716,75.634508900817,64.466984090336,0.06999786377
2019-11-11,83.5585,0.06999786377,-0.005134945261,0.001842996039,-1.5832968e-05,0.002982835194,0.201344491876,0.053241964643,480221799.99999994,82.961999511719,0.292969279205,1.237856183733,84.517730598602,76.311344233954,0.20150213623
2019-11-12,84.36,0.20150213623,-0.001193869049,0.001699617499,0.000492750982,0.008367200574,0.201613385864,0.046986397709,483360900.0,83.269999694824,0.384879237702,1.152856554304,85.02545391831,81.72589780591,-0.020003662109
2019-11-13,83.97,-0.020003662109,-0.004505540312,0.001871248213,0.000575166878,0.000119104335,0.226582685521,0.050405975923,487062300.0,83.669999694824,0.31020924468,1.147856576102,88.659722841163,86.067635786025,0.250001220703
2019-11-14,83.885,0.250001220703,-0.001543634302,0.001469259127,0.000884694492,-0.002437864193,0.220536678178,0.052106460549,483085400.00000006,83.889999389648,0.119871622848,1.167142595564,85.567062993251,86.417413250908,0.235002746582
2019-11-15,84.75,0.235002746582,0.006538224018,0.001699539388,0.000280727754,0.000944844691,0.196141310314,0.053859884074,478611200.0,84.036000061035,0.025351457039,1.154285430908,82.98978090865,85.738855581021,0.959999084473
2019-11-18,85.785,0.959999084473,0.0,0.001707152024,-1.282259e-05,0.000875043752,0.268928239302,0.061982079801,484064700.0,84.430000305176,0.404589688408,1.179285321917,99.99999997921,89.51894796037,-1.52499786377
2019-11-19,84.33,-1.52499786377,0.004272497048,0.001453320728,0.000175757198,-0.003427085795,0.204193326732,0.061362103805,478252400.0,84.530000305176,-0.374480509865,1.200714111328,67.200012193591,83.396597693817,-0.039999084473
2019-11-20,84.38,-0.039999084473,0.000593135862,0.00165994783,-0.000248871444,0.000474270809,0.150640371097,0.05495586375,482404500.0,84.520001220703,-0.218585258966,1.168571472168,67.799987779409,78.333333317403,-0.490000610352
2019-11-21,83.07,-0.490000610352,-0.002026441414,0.001593744404,-0.000683858489,-0.008297021429,0.07911842907,0.050071136179,476988300.0,84.454000854492,-0.137938087371,1.175714765276,59.799957263431,64.93331907881,0.610000305176
2019-11-22,83.31,0.610000305176,0.00322653731,0.002355211435,0.000591202753,-0.007623585468,0.012028357901,0.044190596165,471776900.0,84.366000366211,-0.005284962165,1.165000370571,55.599975574818,61.066640205886,0.42999786377
2019-11-25,84.1,0.42999786377,0.002030162439,0.001018948874,0.000247147868,0.002264330831,-0.031563790143,0.038582886035,475741500.0,83.97200012207,-0.078021642772,1.182143075126,56.799926746453,57.3999531949,0.38999786377
2019-11-26,84.708,0.38999786377,0.001893758624,0.001691671589,-0.000752726643,0.000685174247,-0.014036438668,0.037785152497,481445500.0,84.017999267578,0.317328348783,1.115714481899,60.169398360141,57.523100227137,0.711998168945
2019-11-27,85.84,0.711998168945,0.006438808986,0.002065255322,0.001095233639,-0.001512155403,0.052399809142,0.041514237737,490209600.0,84.243998718262,0.315315444775,1.126428331648,86.440586619834,67.803303908809,-0.420001831055
2019-11-29,85.4105,-0.420001831055,-0.001404766094,0.00143985932,-0.000834785308,0.001295427902,0.086538631172,0.044723050911,490209600.0,84.549998474121,-0.334767815329,1.136428288051,84.76446095249,77.124815310822,0.039496948242
2019-12-02,85.5811,0.039496948242,0.00140436221,0.001712048615,-0.000213377751,0.000129718359,0.100361651931,0.047359913481,492620500.0,84.903997802734,0.097327876191,1.143571581159,85.595451928019,85.600166500115,-1.07109786377
2019-12-03,83.92,-1.07109786377,-0.010886353983,0.002080392391,-0.000127247867,0.003947840651,0.038595027026,0.045045951191,488819399.99999994,85.057998657227,-0.294302746592,1.225714002337,59.5568188858,76.63891058877,0.440000610352
2019-12-04,84.83,0.440000610352,0.001659547044,0.001318106509,0.000121174649,0.003905325444,-0.016984254746,0.039778597217,485907000.00000006,85.031999206543,0.341600057335,1.234286172049,55.401652667621,66.851307827147,0.350000305176
2019-12-05,84.87,0.350000305176,-0.000704362038,0.001378837719,0.00019372198,-0.002937030075,-0.003829949562,0.035001658006,489860400.0,84.983999633789,0.383063403307,1.222142900739,78.116321807725,64.358264453715,0.36999786377
2019-12-06,85.55,0.36999786377,0.005044583716,0.001254814988,-0.00035199762,-0.001400723707,0.00322283432,0.033289251205,493140300.0,84.947999572754,0.061437507171,1.249285561698,79.778303758783,71.098759411376,-0.069996643066
2019-12-09,85.175,-0.069996643066,-0.00421151844,0.001507675439,0.000512948629,0.000646146617,0.017561924632,0.032667531067,497244900.0,84.954000854492,-0.176138043278,1.18357195173,86.426654244081,81.44042660353,-1.304997253418
2019-12-10,84.07,-1.304997253418,0.000119166645,0.001859799714,0.001164253875,0.002265140677,-0.082386842906,0.032305387688,493017900.0,84.826000976562,-0.383603732728,1.16714314052,41.828306939403,69.344421647422,0.489997558594
2019-12-11,84.6,0.489997558594,0.000709616719,0.001106003309,0.000261415838,-0.000236350745,-0.101761435143,0.031007131781,496922800.0,84.866000366211,0.395951213547,1.176428658622,60.94173339817,63.065564860552,0.310003662109
2019-12-12,85.2,0.310003662109,-0.001531090298,0.002105449398,-0.000954252851,0.004953998585,-0.091083397348,0.030995069724,499860300.0,84.812001037598,0.179586499633,1.126428331648,70.63719168743,57.802410675001,0.770001220703
2019-12-13,86.2,0.770001220703,-0.002210101648,0.001398150307,-9.1105388e-05,0.004896246211,-0.01661112017,0.03357912819,504015500.0,84.958001708984,0.372343964501,1.134285518101,91.117543001299,74.232156028966,0.149998474121
2019-12-16,86.5,0.149998474121,0.006948447999,0.00157573318,-0.000702269477,-0.005175388154,0.050584019756,0.036882547416,507887500.0,85.132000732422,0.311836410601,1.112857273647,89.534873379341,83.763202689357,-0.099998474121
2019-12-17,86.49,-0.099998474121,0.002083336829,0.001414876415,-0.000183848723,-0.00103950104,0.088520760526,0.039403115397,511731200.0,85.638000488281,-0.339119502439,1.093571254185,81.723325994686,87.458580791775,0.569997558594
2019-12-18,87.0,0.569997558594,0.000229775707,0.001689628779,-0.000111435857,-0.001148105626,0.144856767169,0.044888856592,517099700.0,86.138000488281,0.192079440897,1.097142900739,94.04453815292,88.434245842316,-0.069999694824
2019-12-19,86.9569,-0.069999694824,-0.002185694705,0.001060525709,-0.000357750412,0.002500576435,0.15902616682,0.048312789371,511268600.00000006,86.541999816895,-0.109842067521,1.086428506034,90.818804985217,88.862223044274,0.393098474121
2019-12-20,88.13,0.393098474121,0.018775036271,0.004170805709,-0.001052708859,-0.009664007192,0.180760540934,0.051334981638,515912300.0,86.817999267578,0.359573993784,1.089999607631,99.99999997549,94.954447704542,-1.469996337891
2019-12-23,86.46,-1.469996337891,-0.004038842473,0.00215803499,-0.000739055521,0.001737921446,0.134847993941,0.049728072319,504305799.99999994,86.880000305176,-0.431300084345,1.152142660958,56.784025549594,82.534276836767,0.889998474121
2019-12-24,87.22,0.889998474121,0.000229012854,0.001407948953,-0.000360005639,-0.001716836443,0.13670284696,0.049516663919,508373600.0,87.069999694824,0.447432677735,1.147856576102,65.510933141689,74.098319555591,0.059998779297
2019-12-26,87.31,0.059998779297,-0.000802013013,0.000965398717,0.000387746211,0.000343721357,0.119587499057,0.050504637552,507305900.0,87.113999938965,-0.087139622427,1.113571166992,64.233565452154,62.176174714479,-0.030001220703
2019-12-27,87.21,-0.030001220703,0.00240603904,0.001211567036,-0.000189930666,-0.003200365756,0.09567386444,0.052577189121,507305900.0,87.183999633789,0.058353671341,1.081428527832,64.233565452154,64.659354681999,0.190001525879
2019-12-30,87.53,0.190001525879,0.00137294182,0.001137142857,-0.000386997439,0.000342857143,0.076193022506,0.054539217048,509814000.0,87.194000244141,-0.057464823275,1.085714067732,66.423398301057,64.963509735122,-0.729996948242
2019-12-31,86.8968,-0.729996948242,-0.003456256235,0.001389466924,-0.000413791015,0.004587283237,0.014389331912,0.054810382624,507107900.0,87.22200012207,-0.298284714514,1.052142551967,55.474512501815,62.043825418342,-0.036799389648
2020-01-02,86.33,-0.036799389648,-0.009210258417,0.001971299094,-0.000370105066,0.003137346038,-0.028615039967,0.052646838809,510368999.99999994,87.124000549316,0.254144607157,1.041428702218,52.683939730946,58.193950177939,0.619996948242
2020-01-03,85.9,0.619996948242,-0.013801000464,0.001822011662,-0.000797314888,0.001749271137,-0.055602331368,0.049264511787,515338000.0,87.058000183105,0.390292215964,1.064999716622,50.217354877122,52.791935703294,-0.010000610352
2020-01-06,85.55,-0.010000610352,-0.003143516649,0.00131394534,0.000585942192,-0.000817565989,-0.144398903535,0.047962152323,510591000.00000006,86.780000305176,0.071101544422,1.044999803816,8.21925825369,37.040184287253,0.789996337891
2020-01-07,85.87,0.789996337891,-0.006601803556,0.001311880611,0.000691592445,0.001165908826,-0.170588036286,0.046439986186,516222700.0,86.567999267578,0.319700002758,1.060714176723,28.039642566213,28.825418565675,-0.009999389648
2020-01-08,86.26,-0.009999389648,0.004425777437,0.001165893271,3.234418e-06,0.000696055684,-0.215124316599,0.04575651038,512814599.99999994,86.379998779297,0.063638791722,1.060714176723,16.129075002624,17.462658607509,-0.050000915527
2020-01-09,86.08,-0.050000915527,0.001044008447,0.001214368482,-0.000490396011,-0.002549246813,-0.215366965389,0.036597268272,518508500.0,86.249998474121,-0.016313147497,1.024999891009,24.813903291711,22.994206953516,0.360002441406
2020-01-10,86.81,0.360002441406,0.004049033598,0.001255905058,-0.000757909184,0.000230441295,-0.195001447169,0.029764164926,524940999.99999994,86.147999572754,0.080647919848,1.04428591047,30.52118434743,23.821387547255,-1.449999389648
2020-01-13,85.66,-1.449999389648,0.001640105303,0.001701754386,0.000600897868,0.001871345029,-0.245943746176,0.02710944985,520260600.00000006,86.041999816895,-0.382196563197,1.112857273647,4.668365002611,20.001150880584,-0.539997253418
2020-01-14,84.55,-0.539997253418,-0.011630703257,0.002513837748,-5.3835067e-05,0.004276042285,-0.28474227773,0.030660443381,514689100.0,85.798001098633,-0.186101388055,0.997143336705,12.459164015226,15.882904455089,1.18999786377
2020-01-15,87.42,1.18999786377,0.004315404196,0.00222609324,0.000317190489,0.015213099524,-0.25836371978,0.031842954094,523440500.0,85.774000549316,0.416128040175,1.055000305176,45.767097506925,20.964875508254,-0.040002746582
2020-01-16,87.96,-0.040002746582,0.006408848771,0.001348736626,0.000492568562,0.001138174368,-0.126833079484,0.032850593929,528830200.00000006,86.008000183105,0.374898511813,1.170000348772,87.760373182051,48.662211568067,0.319998779297
2020-01-17,88.66,0.319998779297,0.001925670268,0.001481062747,9.7708621e-05,0.002374222725,0.016773938732,0.036856537515,533853500.0,86.375999450684,0.196050085319,1.190714699881,99.302353204055,77.609941297677,0.34
2020-01-21,89.23,0.34,-0.00157302685,0.001219896466,0.000795566863,0.004163853252,0.148896649313,0.043919256358,539733200.0,87.103999328613,0.313990686642,1.204285757882,96.146490382981,94.403072256362,0.500003356934
2020-01-22,90.71,0.500003356934,0.011701720529,0.003825291915,-0.000258251005,-0.000771094955,0.267194074932,0.053175701428,547191300.0,88.025999450684,0.312165050303,1.222142900739,94.859077573835,96.769307053624,1.150000610352
2020-01-23,91.452,1.150000610352,-0.000544339772,0.001878062058,-0.000167491515,-0.004333151878,0.459360083735,0.073388442575,557032500.0,89.25,0.236313251468,1.36499949864,93.009517754904,94.67169523724,-0.721996643066
2020-01-24,91.08,-0.721996643066,0.001322551667,0.001749862411,0.000495755094,0.00253164557,0.478659621651,0.081902361351,549614100.0,89.920001220703,-0.310212574071,1.403570992606,79.620916476667,89.163170601802,-0.679998474121
2020-01-27,89.38,-0.679998474121,-0.014269921391,0.003237571541,0.000937866911,0.003029962967,0.438560967746,0.087580987932,545395400.0,90.34400177002,-0.16315254562,1.400713784354,75.710939772109,82.780458001227,0.209996337891
2020-01-28,89.52,0.209996337891,0.001227822467,0.001434716036,-5.965112e-06,-0.003118040089,0.331702453618,0.090024339305,540913200.0,90.462001037598,0.222409064082,1.426428113665,66.113716006764,73.815190751847,0.020000915527
2020-01-29,89.52,0.020000915527,0.000781770093,0.001195960272,0.000969482328,-0.001004352193,0.236347883074,0.09202504874,535929500.0,90.424000549316,-0.121423201259,1.414999825614,65.521352818504,69.115336199126,-0.380000610352
2020-01-30,88.73,-0.380000610352,-0.009535544985,0.002378100578,-0.000594068151,0.004983576849,0.130327149171,0.092477519402,532015200.0,89.880000305176,-0.196079453937,1.440714154925,60.781995333803,64.139021386357,0.430003662109
2020-01-31,89.085,0.430003662109,-0.00033654562,0.001838762357,0.000428898024,-0.000504880512,0.049685599681,0.092712531046,537263300.0,89.566000366211,0.357761941856,1.462856837681,61.019012925687,62.440787025998,-1.945000610352
2020-02-03,88.2,-1.945000610352,0.007344496146,0.00226566416,-0.000566606213,0.004784688995,-0.141123228456,0.092502408393,531349200.0,88.913999938965,-0.413668531019,1.499285561698,37.08529830602,52.962102188503,-1.140002441406
2020-02-04,88.77,-1.140002441406,0.012520147,0.001994104308,-6.1908975e-05,0.006462585034,-0.266852186491,0.090353384821,526673300.0,88.408000183105,-0.208705753867,1.546428135463,36.137408729934,44.747239987213,-0.539996643066
2020-02-05,88.75,-0.539996643066,0.007253761366,0.001480785461,0.000800200372,-0.001294097789,-0.264818646241,0.088498397928,530577900.0,88.146000671387,0.042598217543,1.560714176723,33.438548435392,35.553751823782,0.809997558594
2020-02-06,89.29,0.809997558594,0.004912934942,0.001887111111,-0.000527798334,-0.007888888889,-0.171998987377,0.086108061997,534143600.0,88.230000305176,0.331387807256,1.508571079799,49.298229167778,39.624728777701,0.180001220703
2020-02-07,88.785,0.180001220703,-0.002682439482,0.002183570548,-0.000308200303,-0.004987111958,-0.117370566474,0.083778372686,529872900.0,88.291999816895,-0.314637231877,1.501428331648,47.719345201838,43.485374268336,-0.914997253418
2020-02-10,87.84,-0.914997253418,-0.007511137379,0.001532571443,-0.000135352806,0.007223942208,-0.185640683161,0.081237417186,525400600.00000006,88.438000488281,-0.361171373844,1.566428593227,19.649181509315,38.88891862631,0.460003051758
2020-02-11,88.81,0.460003051758,0.00385046802,0.001675630273,-0.000418426355,0.00203091504,-0.197389497627,0.073947053776,529620000.0,88.686001586914,0.506172162223,1.54214314052,27.193050550034,31.520525753729,0.359998168945
2020-02-12,89.175,0.359998168945,0.004373661519,0.001764962037,0.000477727414,-0.004298794105,-0.144566631004,0.063584546969,532281900.0,88.874000549316,0.306068421282,1.427143641881,47.450958676764,31.431063578704,-0.384999084473
2020-02-13,88.325,-0.384999084473,-0.003266143851,0.001751412429,-5.377837e-06,-0.00197740113,-0.133482643877,0.054230589224,528892500.0,88.720001220703,-0.375500983348,1.377857753209,42.677854311098,39.107287845965,0.355000305176
2020-02-14,88.6964,0.355000305176,0.00214256248,0.001482064939,0.00043640875,-0.001953415101,-0.131606029776,0.051522534112,524443700.0,88.562001037598,0.074719371267,1.379286629813,55.459725369972,48.529512785945,0.963603662109
2020-02-18,89.33,0.963603662109,-0.0026768401,0.001375978528,0.000891289604,-0.001006486245,-0.065737330418,0.051056328353,528363500.0,88.920001220703,0.289950156511,1.371429443359,83.620714200613,60.586097960561,-0.450002746582
2020-02-19,88.76,-0.450002746582,-0.000562504769,0.001597183134,-0.000524859574,-0.000788022065,-0.075382460681,0.051112284043,523871200.0,89.036000061035,-0.222175722148,1.422144208636,61.206758567117,66.762399379234,0.600000610352
2020-02-20,89.17,0.600000610352,-0.002909603116,0.001159745604,0.000438130643,0.000785634119,-0.051269891232,0.050810258052,527336100.0,89.074000549316,0.220647768594,1.427858080183,78.378353586104,74.401942117944,-0.710000915527
2020-02-21,87.78,-0.710000915527,-0.004747888009,0.001471348251,-8.1674805e-05,-0.00295320309,-0.09521450356,0.042242134661,523678599.99999994,89.008000183105,-0.201935144948,1.44785799299,51.351295606271,63.645469253164,-0.330003051758
2020-02-24,85.5022,-0.330003051758,-0.022870212348,0.00282621416,-0.000963887304,0.000610883558,-0.186315358602,0.040522975052,518107700.0,88.761999511719,-0.264412818811,1.374286106655,21.020917811636,50.250189001337,-0.872202746582
2020-02-25,85.1304,-0.872202746582,0.00354487843,0.001883904392,-0.001312201326,0.002359590251,-0.417282340966,0.055339134743,512440500.0,87.75599822998,-0.246797244881,1.49785723005,9.317759724655,27.229991047521,-4.000402746582
2020-02-26,81.94,-4.000402746582,0.012325897126,0.002714598807,-0.000907852136,-0.002313405577,-0.766251991418,0.092101725723,505418700.0,86.20599822998,-0.385655371326,1.66928591047,3.763423217558,11.36736691795,-0.579999389648
2020-02-27,80.76,-0.579999389648,-0.011799398688,0.003606965174,-0.001394721179,0.00447761194,-0.931103318856,0.113649994217,512798800.0,84.60599822998,-0.206636028006,1.697143009731,6.236576781367,6.439253241193,-1.569997558594
2020-02-28,77.92,-1.569997558594,-0.026139659439,0.005892727273,-0.001200687008,0.011948051948,-1.12295138714,0.142320933663,504141600.0,82.751998901367,-0.192680649316,1.842856815883,0.278540284536,3.426180094487,-0.890001220703
2020-03-02,77.42,-0.890001220703,0.011034642186,0.004096045198,-0.002469358628,-0.005906522856,-1.318466237381,0.175618810149,487469700.0,80.667999267578,0.016002667081,2.081428527832,18.918927990003,8.478015018635,4.190000610352
2020-03-03,80.94,4.190000610352,-0.000367587049,0.00411130179,0.000285366808,-0.007845060064,-1.072893688047,0.183340031506,498953300.0,80.063999938965,0.448134861153,2.335714067732,47.70585933229,22.301109202276,-2.95000213623
2020-03-04,79.78,-2.95000213623,0.034235233639,0.004134250651,0.002148313051,-0.011032601959,-1.084589214468,0.203258563753,489442700.0,79.436000061035,-0.247655556472,2.702142442976,24.952861764001,30.525883028764,2.309996337891
2020-03-05,80.75,2.309996337891,-0.021927098339,0.004514509902,-0.001408391345,0.005729231536,-0.761777847056,0.205807564487,498102700.0,79.581999206543,0.266608236613,2.940000261579,50.722802242568,41.127174446286,-0.230003356934
2020-03-06,78.4473,-0.230003356934,-0.023844985705,0.003963104326,-0.000713625851,-0.001942748092,-0.606336135552,0.208258651406,488814000.0,79.847998046875,0.063674879542,3.055714198521,40.854798890283,38.843487632284,3.29269786377
2020-03-09,77.15,3.29269786377,-0.062759938677,0.005527672628,-0.000512789407,0.007048688161,-0.384513690074,0.206078829812,499461600.0,80.78999786377,0.398673375266,3.256428854806,48.522938046856,46.700179726569,-0.130003356934
2020-03-10,78.77,-0.130003356934,0.028693934175,0.004078000757,0.000851823119,-0.005805881611,-0.510914080089,0.219374247324,489176600.00000006,79.871997070312,0.075873918542,3.634285518101,18.856061026284,36.077932654475,2.109997253418
2020-03-11,77.53,2.109997253418,-0.029055372823,0.004740354005,0.000970746672,-0.012733987011,-0.300227530938,0.217816347086,498594000.0,80.449996948242,0.194064030477,3.907857077462,44.144145468201,37.17438151378,0.559996337891
2020-03-12,73.82,0.559996337891,-0.061595566451,0.006891375546,0.005720001857,0.007368995633,-0.313009238318,0.218496981466,487059800.00000006,79.649996948242,-0.063466954488,4.12285723005,28.601537135654,30.53391454338,0.91999786377
2020-03-13,77.08,0.91999786377,0.042413779622,0.005872160185,-0.000661536651,-0.010653317931,-0.500210805935,0.228954125829,473183500.0,78.493997192383,0.159968171674,4.468571799142,19.985333237294,30.910338613716,4.570001525879
2020-03-16,73.43,4.570001525879,-0.134721369191,0.0,0.0,0.0,-0.131012498657,0.218936340232,491500400.0,78.475997924805,0.286530157903,4.793572017125,72.155680752422,40.24751704179,0.230003662109
2020-03-17,74.285,0.230003662109,0.025251057405,0.009441207627,-0.00584706728,-0.016353283898,-0.383012198664,0.222135400466,477141500.0,77.803999328613,0.225491302681,5.297857557024,27.111138235839,39.750717408518,5.20499786377
2020-03-18,76.36,5.20499786377,-0.056736628859,0.011588823686,-0.002229942904,0.018404907975,-0.128323964479,0.206299871337,490456800.0,77.525999450684,0.348322985058,5.632143838065,70.29628046716,56.521033151807,2.90000213623
2020-03-19,79.0101,2.90000213623,0.02649505952,0.010487463127,-0.001809462837,-0.028882743363,0.044153348825,0.18294741966,472915700.0,77.760000610352,0.329522389801,5.970001220703,68.592608411441,55.33334237148,-4.5101
2020-03-20,73.155,-4.5101,-0.006040227493,0.008727762803,-0.002376268679,-0.014083557951,-0.133134156652,0.169610187769,458439700.0,77.712001037598,-0.359818345598,6.190714699881,33.333333330864,57.407407403155,-5.155
2020-03-23,65.44,-5.155,-0.013676475076,0.011798504114,0.001559656736,-0.021091997008,-0.63109292952,0.193284011372,443308300.0,74.982000732422,-0.386962484171,6.352143423898,0.321562970683,34.082501570996,-2.620000305176
2020-03-24,66.5,-2.620000305176,0.033269722659,0.009700508396,0.001914847604,0.024495455246,-1.218260733436,0.25609935728,430271200.0,72.813999938965,-0.314594366161,6.362857818604,5.745485397369,13.133460566305,3.190002441406
2020-03-25,69.18,3.190002441406,-0.010618531601,0.010489920232,0.002063776275,0.003335750544,-1.058783016816,0.26993647521,441174900.0,70.854000854492,0.476173729097,6.563571929932,38.366584840243,14.811211069432,1.57
2020-03-26,72.63,1.57,0.004664336835,0.007472566123,-0.001815313541,0.021806415307,-0.808050215483,0.275963407097,450525900.0,69.152000427246,0.232554136474,6.672143118722,43.399812197437,29.17062747835,3.179997558594
2020-03-27,74.95,3.179997558594,0.022292606461,0.009898580645,-0.000548331589,-0.032903225806,-0.256151957555,0.274717637544,461056400.0,69.413999938965,0.508633909807,6.744285583496,67.426394082242,49.730930373307,-0.390002441406
2020-03-30,80.6,-0.390002441406,0.110917442908,0.012833514427,-0.005658702564,-0.02692261258,0.053474074614,0.275825347365,452695800.00000006,70.725999450684,-0.351806033697,6.547857012068,61.490970792363,57.439059024014,-1.260003662109
2020-03-31,80.98,-1.260003662109,0.026342375394,0.006173400467,0.000134730424,-0.005526218838,0.579716017716,0.271068094397,500236000.0,74.029998779297,-0.256896076971,6.888571602958,77.79725763276,68.904874169122,-2.069996337891
2020-04-01,76.09,-2.069996337891,-0.024204835553,0.006551168831,-0.000915365832,-0.011818181818,0.880331371771,0.272034100207,476443700.0,75.873999023438,-0.411468056513,6.774285997663,75.91049739367,71.732908606264,0.479999694824
2020-04-02,77.085,0.479999694824,-0.005876935484,0.005131800263,-0.000921404884,0.012943495401,0.899870685563,0.263114193491,464235399.99999994,77.037998962402,-0.092655632444,6.590000697545,65.642819143652,73.116858056694,2.355002441406
2020-04-03,78.97,2.355002441406,-0.008182294888,0.004197233151,0.003531498124,0.002284553877,1.072652169186,0.26082386014,474403300.0,77.763999938965,0.476587693059,6.285000937326,78.236073339182,73.263129958835,0.479996948242
2020-04-06,79.7462,0.479996948242,0.020516110075,0.005353601381,0.000783748274,-0.016450419339,1.147461549557,0.254956561996,483542700.0,78.741999816895,0.193710388778,5.582143511091,78.279928128274,74.052940203703,2.983803356934
2020-04-07,83.905,2.983803356934,0.008702931973,0.004826602756,-0.001199370224,0.005452366687,1.363011505563,0.266783879833,495916500.0,79.420001220703,0.256256407703,5.383572169713,92.672232984711,83.062744817389,-1.974999694824
2020-04-08,81.842,-1.974999694824,0.006957154799,0.003074787879,-0.000334300854,-0.007975757576,1.391992191854,0.269655386534,485044400.0,80.024000549316,-0.263902940792,5.03428704398,88.850009853945,86.600723655644,3.107996948242
2020-04-09,84.7655,3.107996948242,0.000588617464,0.003533849583,-0.000146040451,-0.005449958935,1.543126483404,0.287242979858,494310800.0,81.7,0.307802368304,4.75428717477,98.149695269241,93.223979369299,1.274500915527
2020-04-13,86.05,1.274500915527,0.003254286103,0.002092330862,-0.000496499444,-0.0031278962,1.63621685777,0.305236543973,504777600.0,83.019999694824,0.167108833303,4.514287131173,98.151871849199,95.050525657462,-0.200001525879
2020-04-14,87.3063,-0.200001525879,0.013395475205,0.00267827186,0.000374362803,0.003174767322,1.602630190227,0.317142291779,498111800.00000006,84.3,-0.062152507584,4.269287654332,97.04544760523,97.782338241224,1.833699389648
2020-04-15,90.445,1.833699389648,0.009759959082,0.005407065882,-0.000582567157,0.004832796356,1.709838441505,0.339118779156,507973100.0,85.581999206543,0.369025311544,4.022144862584,98.12996008287,97.775759845767,0.495002441406
2020-04-16,91.75,0.495002441406,0.018253749595,0.006623718571,-0.000418331737,-0.009927700442,1.800688936131,0.367580593905,522101100.0,87.383999633789,0.155806870259,3.944287981306,95.406703275892,96.860703654664,4.25
2020-04-17,95.16,4.25,0.015104134878,0.006636942022,-0.001865607162,-0.023499230375,2.080465271897,0.413661421386,549137600.0,89.594000244141,0.321067238816,4.003573281424,95.765620269342,96.434094542701,0.85000213623
2020-04-20,95.96,0.85000213623,-0.012394567388,0.003164944105,-0.000737606848,0.012022780004,2.136969615623,0.443281643036,565212400.0,91.588000488281,-0.186847984577,3.976430620466,92.232152918911,94.468158821382,2.04
2020-04-21,95.435,2.04,-0.019387770672,0.003616642366,-0.000505313765,-0.006092480733,2.17205746485,0.450489257666,582463800.0,94.018000793457,0.324492285494,3.655715942383,91.886410234826,93.294727807693,-1.384996948242
2020-04-22,93.266,-1.384996948242,0.002445462202,0.004056210817,0.000967332013,-0.008968228669,1.80785535688,0.403791998253,570433500.0,95.000001525879,-0.288159938284,3.759287152972,75.862082836976,86.660215330238,2.214003356934
2020-04-23,96.4319,2.214003356934,0.004084618516,0.003789127713,-0.0014625288,0.006175918197,1.551696503595,0.385560154167,578802500.0,95.908001708984,0.204793429106,3.732858385359,81.166680650508,82.971724574103,-2.491897558594
2020-04-24,93.975,-2.491897558594,0.005961225719,0.002281630492,-0.000464971251,-0.005029115934,1.183610169923,0.358670304634,568235000.0,95.496002197266,-0.213543547246,3.764286586217,72.227325187573,76.418696225019,0.084997558594
2020-04-27,95.5398,0.084997558594,0.015096808794,0.002623271889,0.000424778276,0.000626309175,0.867904935542,0.346316168233,577251100.0,95.106001281738,-0.112654316012,3.763572692871,70.868059735546,74.754021857876,-0.589803051758
2020-04-28,93.7501,-0.589803051758,-0.000737226931,0.003716589376,0.000604310994,-0.011908726813,0.648742692363,0.324810423393,584089300.0,94.496000671387,-0.131058811697,3.635715484619,73.350903083075,72.148762668732,-2.290100915527
2020-04-29,91.34,-2.290100915527,0.0068882272,0.002879900098,-0.001377419127,-0.008144206754,0.220580764592,0.311101941302,576283800.0,93.97799987793,-0.427989239901,3.714286804199,54.934024847593,66.384329222071,0.939998779297
2020-04-30,92.99,0.939998779297,-0.004659734621,0.003527490474,-0.001154864338,0.012411540555,-0.041581933659,0.293560762708,583352100.0,93.337998962402,0.058708569922,3.545715876988,54.721408566232,61.002112165634,-0.900003662109
2020-05-01,90.36,-0.900003662109,-0.011836207854,0.003270769231,0.000153808514,-0.007032967033,-0.250317732088,0.260431617161,575373800.0,92.967997741699,0.07292407838,3.429286956787,52.002414736758,53.885949383528,-0.510001525879
2020-05-04,89.63,-0.510001525879,-0.000667752472,0.002561440678,0.000244285925,-0.000557537913,-0.544879703232,0.23482962322,568534000.0,92.125997924805,-0.205782543466,3.456429072789,24.81480351017,43.84620893772,0.200001831055
2020-05-05,90.9201,0.200001831055,0.012467940492,0.003192413414,-0.00057489964,-0.000328752062,-0.734877248799,0.204149838018,563497200.0,91.101998901367,0.021864201308,3.296429225377,11.488250131635,29.435156126187,2.109898779297
2020-05-06,92.4225,2.109898779297,0.001289936022,0.002150789389,-0.001517043725,-0.007383739663,-0.642208450462,0.185077529976,570245100.0,91.415998840332,0.335617676801,3.327857971191,38.263944589236,24.855666077013,-1.342498168945
2020-05-07,92.26,-1.342498168945,0.011638093295,0.002238984155,0.000882536258,0.001302365965,-0.704424571646,0.156216609012,565996700.0,91.175999450684,-0.418074423383,3.067144121443,20.992050967087,23.581415229319,1.72999786377
2020-05-08,93.475,1.72999786377,0.009043499239,0.002952235344,0.000737671332,-0.014392661324,-0.548699163582,0.139059638692,573251700.0,91.555999755859,0.353349982366,3.063572474888,46.767035878337,35.34101047822,0.224996948242
2020-05-11,94.65,0.224996948242,-0.005122686693,0.002461918043,0.002064093226,0.015340055782,-0.467501343505,0.122861183296,567084100.0,92.325999450684,-0.268525678573,2.827144077846,57.093811016636,41.617632620687,1.419999694824
2020-05-12,95.71,1.419999694824,0.004059533579,0.002568836824,-4.4068688e-05,-0.007775243624,-0.266451746051,0.103985101912,574323200.0,93.573999023438,0.442808295821,2.753572736468,84.210553872322,62.690466922432,-1.909996948242
2020-05-13,93.43,-1.909996948242,-0.005650387969,0.002376340626,0.00053206074,0.002037752038,-0.296327352304,0.094947312468,568939000.0,93.72799987793,-0.435122321536,2.736429486956,58.238045890179,66.514136926379,-1.269996337891
2020-05-14,90.75,-1.269996337891,-0.018012191798,0.003720552486,-0.001121044878,0.002762430939,-0.428495930929,0.092366187968,557316500.0,93.944000244141,-0.124128541579,2.717144012451,43.287378278463,61.911992680321,1.029998779297
2020-05-15,89.94,1.029998779297,-0.019830025267,0.003445592975,0.000228193043,-0.000333444481,-0.53646473285,0.090778975557,549127300.0,93.502000427246,0.275587239099,2.790001460484,38.519438196123,46.681620788255,-0.050000610352
2020-05-18,92.04,-0.050000610352,0.022360686949,0.005783460283,-0.001841961629,0.001523394995,-0.718747290716,0.092872364856,535517900.0,92.740000915527,-0.001585056667,2.86928667341,14.805522262186,32.204112912257,-1.770003356934
2020-05-19,90.39,-1.770003356934,0.000664730145,0.002826414259,0.00065813836,0.000664231152,-0.791548665124,0.082446474244,543164400.0,91.580000305176,-0.256984387323,2.819286346436,19.573366618134,24.299442358815,-2.169998779297
2020-05-20,88.39,-2.169998779297,0.015416012146,0.003504130386,0.001179883527,-0.013284215227,-0.945185342538,0.091972403339,535471300.0,90.463999938965,-0.427877156771,2.848571777344,1.283554425389,11.887481101903,1.699996337891
2020-05-21,89.272,1.699996337891,-0.004994971324,0.00194087461,0.001149754417,-0.004105310129,-0.889115226325,0.089156205842,542960100.0,90.049998474121,0.119957949091,2.882143293108,23.814996473614,14.890639172379,1.117999389648
2020-05-22,89.9,1.117999389648,0.000331881619,0.002177406875,-0.000123688815,-0.006300431082,-0.802710995085,0.088825177261,549108400.0,89.771998596191,0.180496635749,2.802858080183,27.28323923433,17.460596711111,1.570001220703
2020-05-26,91.59,1.570001220703,0.016180121436,0.003360086068,-0.001290406071,-0.014631522324,-0.650216140186,0.086352460508,554292900.0,90.087998962402,0.296889082147,2.830000741141,39.768807331615,30.28901434652,-2.109996643066
2020-05-27,88.54,-2.109996643066,-0.002235187418,0.002904719302,0.000322670154,-0.009841198837,-0.658729229383,0.083167526745,548049100.0,89.930000305176,-0.398093527443,2.85071509225,16.763055742025,27.93836743599,2.22000213623
2020-05-28,91.89,2.22000213623,0.013111445394,0.003309624796,-0.000419510519,-0.000652528548,-0.557527784881,0.083553073678,553469700.0,90.438000488281,0.297904064791,2.865715026855,31.56072687907,29.364196650903,0.209998474121
2020-05-29,92.72,0.209998474121,0.00868624392,0.003368675996,-0.000114460581,-0.001937567277,-0.387764920506,0.083413185487,558786000.0,90.840000915527,0.046886916718,2.802143641881,47.052011287826,31.791931302974,2.199998168945
2020-06-01,93.41,2.199998168945,-0.020754332688,0.00452289624,-0.001364114596,0.006464820601,-0.088594184907,0.089624662091,568924500.0,91.746000671387,0.234172632024,3.002143314907,79.653158074464,52.75529874712,-0.39999786377
2020-06-02,92.64,-0.39999786377,-0.000967680521,0.002152927249,0.000938141807,-0.003013344813,-0.025651480121,0.088430323824,563472900.0,92.054000854492,0.025947826662,2.968571799142,57.572282981209,61.425817447833,-0.019997253418
2020-06-03,92.0532,-0.019997253418,-0.000647864243,0.002002268799,0.000226768137,-0.005475367329,-0.017010389459,0.086236297761,557078800.0,92.682000732422,-0.100408294376,2.8571434021,60.714357790504,65.979932948726,-0.653198474121
2020-06-04,90.865,-0.653198474121,-0.003829304905,0.002096979681,-1.2127735e-05,-0.002031850632,-0.095787486489,0.08571851861,549022500.0,92.810000610352,-0.259320407785,2.736428941999,44.576770296777,54.287803689497,-2.615
2020-06-05,88.36,-2.615,0.002492931679,0.004786933424,-0.00178618816,-0.001243359331,-0.348176775979,0.092595532209,539908900.0,92.040000915527,-0.43404988686,2.760714394706,2.910069996305,36.067066027862,1.500000610352
2020-06-08,89.56,1.500000610352,-0.009792980719,0.00267610699,-0.000400442529,0.006518318723,-0.391586379264,0.091407847254,551783400.0,91.028001403809,0.277947034455,2.735714503697,30.713445541115,26.066761944732,2.999997558594
2020-06-09,92.34,2.999997558594,-0.002592889694,0.003040727903,-0.001146323594,0.000216637782,-0.231282436289,0.08937478322,557210200.0,90.938000488281,0.503770418596,2.777857099261,63.361547643785,32.328354393735,-2.070003356934
2020-06-10,91.702,-2.070003356934,0.006425189461,0.00206758393,-0.000286683617,0.009378095762,-0.26962105335,0.076502274378,552352800.0,90.467999267578,-0.382996658397,2.791428702218,35.671077936395,43.248690373765,0.458003662109
2020-06-11,90.39,0.458003662109,0.000108447335,0.00435797243,-0.000770718733,-0.018886356236,-0.163082342996,0.072423778942,558181900.0,90.619999694824,0.321875165218,2.797857557024,58.524860112946,52.519161897708,-2.610001220703
2020-06-12,89.91,-2.610001220703,0.016746425623,0.003154061625,0.001204139789,0.007394957983,-0.371088079838,0.078531072553,550013600.0,90.525999450684,-0.363114220218,3.035714285714,9.710947173442,34.635628407594,-0.890003356934
2020-06-15,88.1304,-0.890003356934,-0.01685014667,0.003469754145,-0.000368579094,0.007780445969,-0.405838947274,0.08005607492,555604000.0,90.357998657227,-0.029627816216,3.09071459089,24.04619270616,30.760666664182,1.419603051758
2020-06-16,90.8319,1.419603051758,0.011948628234,0.003006183063,-0.000576469254,0.002891685989,-0.374560328115,0.08050339862,561270000.0,89.755999755859,0.326002589605,3.03214263916,30.173438747866,21.310192875822,-1.09190213623
2020-06-17,90.43,-1.09190213623,0.007577449536,0.002101857996,-0.000620989782,0.000110595001,-0.324380429883,0.080991146041,567413400.0,89.65,-0.153341944598,3.032857077462,32.369912112627,28.863181188884,0.470001525879
2020-06-18,90.6,0.470001525879,-0.004400456756,0.002261657459,0.000409383862,0.001104972376,-0.202341061979,0.076741420729,571772500.0,89.397999572754,0.161503202505,2.987142835345,45.780368534414,36.107906464969,-0.320001220703
2020-06-19,92.08,-0.320001220703,0.015396537533,0.003065343078,-0.000367664512,0.004472564634,-0.154793750332,0.076572401114,565749600.0,89.897999572754,-0.052344538155,2.767857142857,47.578318156515,41.909532934519,-1.399999694824
2020-06-22,89.78,-1.399999694824,-0.003859709671,0.001992582752,-0.000229296932,-0.006088785564,-0.090982029022,0.076444803438,575222900.0,90.230000305176,-0.266665697451,2.71357182094,60.225417303501,51.194701331477,0.559996337891
2020-06-23,91.47,0.559996337891,0.008523403849,0.00209417188,0.000639985136,0.003951267698,-0.06733926204,0.076352254615,570150100.0,90.387998962402,0.011600478537,2.722857339042,57.823052450063,55.20892930336,-0.169996948242
2020-06-24,90.22,-0.169996948242,-0.007338507951,0.002254330796,0.00064244306,-0.004523888337,0.013004114065,0.075198849642,574307000.0,90.7,0.071184079474,2.710000719343,74.14970486722,64.066058206928,-2.919996948242
2020-06-25,87.14,-2.919996948242,-0.000687344626,0.004763610315,0.001387301788,-0.001260744986,-0.191891079046,0.083198943503,568165100.0,89.980000305176,-0.403435997909,2.80428641183,8.00005594756,46.657604421614,2.480002746582
2020-06-26,89.5,2.480002746582,0.002231610602,0.002557893565,0.000217790439,-0.003562680917,-0.161062362319,0.082637931022,573946200.0,89.848001098633,0.346392334647,2.876428876604,51.951969144683,44.700576653154,-0.790000915527
2020-06-29,88.455,-0.790000915527,0.009807268127,0.002537061844,-0.001198076767,-0.012558606832,-0.18986673257,0.07133735457,565423700.0,89.454000854492,-0.264791290422,2.755714416504,38.288242357119,32.746755816454,0.55500213623
2020-06-30,88.97,0.55500213623,-0.00292104404,0.002130816901,-4.4406255e-05,0.002478873239,-0.176885447395,0.066422720384,570093000.0,89.18800201416,-0.167974540687,2.686428615025,43.247345333137,44.495852278313,2.460000305176
2020-07-01,90.9399,2.460000305176,0.006015564365,0.002638508371,-0.001221182525,-0.01130789302,-0.002697929943,0.062659292041,575313900.0,89.214001464844,0.40620495774,2.756428309849,83.123023443079,54.886203711112,0.700099389648
2020-07-02,92.39,0.700099389648,0.009384554955,0.002032324324,0.001226743884,-0.001189189189,0.122368503839,0.063247603759,578703500.0,90.082000732422,-0.101221460729,2.47000013079,87.820474402381,71.396947726199,-0.159996643066
2020-07-06,93.5,-0.159996643066,0.005746489862,0.002210004312,-0.000496587503,0.007977576542,0.234062726175,0.063889508907,582548800.0,90.604000854492,-0.113341857191,2.385713849749,87.97108787353,86.30486190633,-0.529998779297
2020-07-07,92.7,-0.529998779297,-0.005485663435,0.00228664213,0.000448766565,0.003463953237,0.340559093502,0.069173514904,588467900.0,91.456001281738,0.07725315487,2.274285452706,87.195898675133,87.662486983682,-0.240000915527
2020-07-08,93.145,-0.240000915527,0.004109855691,0.00197888841,0.000267364395,0.003285221887,0.35766654762,0.068857921274,585078700.0,92.146000671387,0.00708417262,2.180714198521,80.66577965347,85.277588734045,-0.564998168945
2020-07-09,93.42,-0.564998168945,0.001728192153,0.001909277238,8.7215913e-05,0.007766990291,0.357240207082,0.072134767514,588894000.0,92.376000976562,-0.048187035173,2.197856903076,82.202306978432,83.354661769012,0.249998168945
2020-07-10,92.75,0.249998168945,-0.002135122794,0.002552690703,0.000451190004,-0.007703006312,0.406934875436,0.07704917893,593470799.9999999,92.782000732422,0.169639254114,2.287857055664,86.123853502141,82.997313378014,0.290000915527
2020-07-13,93.7639,0.290000915527,0.001074790124,0.001915610908,-4.2327932e-05,0.006698518359,0.374745884852,0.074829062733,590547599.9999999,92.944000244141,-0.137316457451,2.242142813546,78.899109048502,82.408423176358,-0.673903662109
2020-07-14,92.49,-0.673903662109,-0.00483399899,0.002885723535,0.000126310687,-0.001942376174,0.335462625579,0.075377160931,594844900.0,92.967999267578,0.006365898464,2.335714612688,73.255743612316,79.426235387653,2.329999694824
2020-07-15,96.21,2.329999694824,0.011390021457,0.002797601668,-0.001073671891,0.003232533889,0.400241703892,0.082109297449,598967700.0,93.439999389648,0.350576164596,2.429285866874,91.543307292848,81.232719984555,0.520003356934
2020-07-16,96.4,0.520003356934,0.011578570023,0.004808175779,-7.3158548e-05,-0.014818599898,0.537424180214,0.095768190246,605172700.0,94.269999694824,0.312177474723,2.274285452706,96.35374538628,87.050932097148,1.525879e-06
2020-07-17,98.4086,1.525879e-06,0.015248975077,0.002269439052,5.4479914e-05,0.005503218555,0.568619555699,0.105687460956,597590500.0,94.816000366211,-0.176754839872,2.277857099261,84.179133701948,90.692062127025,0.8414
2020-07-20,100.32,0.8414,0.007556675063,0.0024418,-0.000153196224,0.0032,0.733393147989,0.125345524706,605905999.9999999,96.058000183105,0.309100896055,2.39142881121,93.702772709272,91.4118839325,-1.239998168945
2020-07-21,98.95,-1.239998168945,-0.002018617016,0.002043385922,0.000106550008,0.000707928803,0.778852592917,0.139140234505,600228100.0,97.256001281738,-0.221113187834,2.418571472168,86.715585165166,88.199163858796,-0.759997558594
2020-07-22,98.71,-0.759997558594,-0.000814765547,0.001907043115,-0.000327184983,0.006115584548,0.6994212241,0.145445823707,595164600.0,97.930001831055,-0.191821209362,2.29428591047,75.486411059733,85.301589644724,1.480002441406
2020-07-23,100.53,1.480002441406,0.000898256669,0.002438173115,0.000436896256,0.002493019545,0.728713523406,0.157996736502,599826600.0,98.622001647949,0.417495294297,2.367142813546,94.353998960905,85.518665061935,0.289999694824
2020-07-24,99.14,0.289999694824,-0.0060503929,0.002676379603,0.000378194217,-0.010677577088,0.735524900597,0.157690408842,605732400.0000001,99.506001281738,0.15083357021,2.402143205915,88.931266303162,86.257225441267,-0.190003051758
2020-07-27,98.795,-0.190003051758,-0.004042384121,0.002354845256,-0.000660437061,0.002486047692,0.566668038113,0.155543459009,601198000.0000001,99.446000671387,-0.331193250382,2.453571864537,71.087734362245,84.790999875437,1.19499786377
2020-07-28,99.88,1.19499786377,0.001500165307,0.001767525464,0.000417404831,-0.002596365089,0.480975566346,0.149851095721,604915900.0,99.62799987793,0.39437726683,2.493571145194,81.011404040652,80.343468235353,-0.019999389648
2020-07-29,101.25,-0.019999389648,0.003204483205,0.002874825314,0.000641151553,0.010680774606,0.376138274069,0.141028839725,600801700.0,99.961999511719,-0.084493926397,2.447143009731,79.357333345416,77.152157249438,1.269996643066
2020-07-30,100.45,1.269996643066,-0.015021394231,0.001995444643,-0.00080699383,-0.005248564072,0.441990681666,0.146030495091,605545900.0,100.427998352051,0.431511920689,2.447143009731,96.690494298308,85.686410561459,1.079998779297
2020-07-31,101.05,1.079998779297,-0.003151774832,0.001988242269,0.000274394916,-0.001580871455,0.377434524722,0.144758086949,602369000.0,100.569998168945,0.211820619164,2.5042855399,87.835415258439,87.961080967388,-0.410000610352
2020-08-03,100.75,-0.410000610352,0.004372043363,0.002120597546,-0.000886498782,-0.003264740799,0.240046365752,0.140488955437,597765000.0,100.907998657227,-0.115488140856,2.474285125732,79.87477692861,88.133562161786,-0.069999694824
2020-08-04,100.33,-0.069999694824,-0.005164845466,0.001506589457,0.000761708034,0.001697284345,0.123013965822,0.136457937325,601435900.0,101.045999145508,-0.142599091302,2.336427961077,74.302331658942,80.670841281997,-0.399999694824
2020-08-05,100.2194,-0.399999694824,0.000400289357,0.001512645211,0.000301689282,0.002695347674,-0.025821193462,0.127418521389,598705300.0,101.059999084473,-0.075139055413,2.271428244455,65.581399880062,73.252836155871,1.920599389648
2020-08-06,101.33,1.920599389648,-0.00607012679,0.001353865686,0.000465606998,-0.001871552403,0.002171556998,0.12024791163,603120600.0,100.983999633789,0.449639254691,2.184285845075,85.60460397985,75.162778506285,0.42
2020-08-07,101.76,0.42,-0.000491430484,0.001651919028,-0.000445369561,0.000590954367,-0.026401588641,0.113394330831,599177600.0,101.02799987793,0.070409299892,2.085714612688,77.777777762616,76.321260540843,-0.529996643066
2020-08-10,100.86,-0.529996643066,-0.002864772359,0.001884981177,-1.1689334e-05,-0.00079255003,-0.097167237037,0.09945017504,596035700.0,101.146000671387,-0.126460886163,2.067858014788,67.641385533194,77.00792242522,-0.819999084473
2020-08-11,100.1,-0.819999084473,0.003898434487,0.00233241506,-0.000461076022,-0.003285870756,-0.233205417539,0.079331395957,593259400.0,101.018000793457,-0.359705722318,2.032858167376,41.717815332014,62.378992875942,-1.040002441406
2020-08-12,99.765,-1.040002441406,0.004946552647,0.001466097438,-0.00010227992,0.002159718734,-0.389090637118,0.064742852797,588436400.0,100.844000244141,-0.38032133716,1.975001198905,15.452475424206,41.603892096471,0.885001525879
2020-08-13,100.455,0.885001525879,-0.003080031627,0.001863663544,-0.000569124919,0.001146103249,-0.384345155797,0.057288169577,591105300.0,100.546000671387,0.317831064553,1.984286717006,50.551910201116,35.907400319112,0.644998474121
2020-08-14,100.86,0.644998474121,-0.001681485376,0.001967799465,0.000121638828,-0.000693549985,-0.351044813395,0.045589153105,594057000.0,100.416000366211,0.305495123608,1.89928654262,60.044584303408,42.016323309577,-0.87000213623
2020-08-17,100.51,-0.87000213623,0.003100361982,0.001816661128,-0.000307168577,0.002093718843,-0.400347793854,0.04450413686,591317100.0,100.167999267578,-0.278385399462,1.882858276367,31.279604565884,47.29203302347,0.199999084473
2020-08-18,101.35,0.199999084473,0.00377318297,0.002178217822,0.000520556976,0.003465346535,-0.38114147784,0.042713542327,595974500.0,100.301998901367,0.175427319618,1.876429421561,48.34123992751,46.555142932267,-0.390000915527
2020-08-19,101.16,-0.390000915527,0.001188616756,0.001756034824,-0.000790083065,0.000791452315,-0.349127370237,0.036907046332,599752100.0,100.681999206543,-0.043997823162,1.752143859863,62.059604330073,47.226816274489,-0.679996643066
2020-08-20,100.965,-0.679996643066,-0.004876646863,0.002129412941,0.000114131779,0.009750975098,-0.356554709446,0.036699158478,597035300.0,100.647999572754,-0.226138190641,1.681429726737,49.051598643604,53.150814300395,0.664997253418
2020-08-21,101.12,0.664997253418,0.0,0.002140116107,0.001357189546,-0.005018203286,-0.283479039856,0.037685352288,600583900.0,100.753999328613,0.372401825782,1.671429770333,80.216724261636,63.775975745104,1.280001525879
2020-08-24,102.81,1.280001525879,0.002929642753,0.00158613977,-2.8819323e-05,0.000681331516,-0.187380335311,0.03682882471,604168900.0,101.236000061035,0.234772038361,1.697144099644,96.382447254439,75.21692338656,-1.420000610352
2020-08-25,102.215,-1.420000610352,0.005819153475,0.001924124556,0.001065959204,0.002304373407,-0.19505766427,0.036138537895,600956200.0,101.37200012207,-0.246415534966,1.777858734131,59.649081699984,78.749417738686,0.255001220703
2020-08-26,101.71,0.255001220703,-0.004684330548,0.001531789639,-0.000239034384,-0.00206043956,-0.133553595849,0.037064018133,603582600.0,101.674000549316,0.184268531488,1.708572932652,83.333305429876,79.7882781281,1.480002441406
2020-08-27,111.065,1.480002441406,0.075782532317,0.009184938294,0.001884650886,0.00049545086,-0.054582114979,0.039605622669,606551400.0,102.216000366211,0.305404025841,1.695001329694,97.835532128776,80.272639752879,0.225000915527
2020-08-28,113.49,0.225000915527,0.020217449739,0.005219896209,0.000905480357,-0.001759169672,0.502296373467,0.098108751368,642870400.0,104.148001098633,0.051377449827,2.342857905797,82.322252044314,87.830363200989,-2.699999084473
2020-08-31,111.43,-2.699999084473,-0.000812383487,0.003455695059,-0.000860203503,0.006503477554,0.779548578609,0.126034629462,625666400.0,105.826000976562,-0.2654393257,2.597142900739,78.04252220521,86.066768792767,-1.959998779297
2020-09-01,108.35,-1.959998779297,-0.004932866626,0.003691361425,-0.00124744977,-0.005324520334,0.812895214155,0.140132583302,618723200.0,107.442001342773,-0.236656152058,2.648571014404,68.212388432164,76.192387560563,-1.799996948242
2020-09-02,106.08,-1.799996948242,-0.00093858377,0.002568248004,-0.000598924634,-0.00347581024,0.58765756082,0.141707544102,610760100.0,108.258001708984,-0.324596749989,2.780713762556,47.674442873324,64.643117836899,3.360002441406
2020-09-03,108.16,3.360002441406,-0.006761745949,0.002540427272,-0.000858932459,-0.004967801288,0.581592695324,0.152000035257,616603800.0,109.508001708984,0.389379777521,2.977857317243,67.441887159631,61.109572821706,-2.630001220703
2020-09-04,105.34,-2.630001220703,-0.000758095631,0.002918160266,-0.001845770428,-0.001043148412,0.277933141322,0.152340856181,610506900.0,108.356001281738,-0.319610407896,3.227857317243,39.999999997232,51.705443343396,-1.179996337891
2020-09-08,103.44,-1.179996337891,-0.009504660699,0.003934929405,0.002574437469,0.002617039837,-0.03487071691,0.150915716968,605479200.0,107.030001831055,-0.160798608306,3.384286063058,30.519062928526,45.986983361796,-0.600003662109
2020-09-09,105.25,-0.600003662109,0.013807913739,0.002558123921,0.000644538678,0.009495492039,-0.333738771163,0.147484330072,600261500.0,105.704000854492,-0.1119476786,3.415714808873,21.384062216378,30.634375047379,0.559997558594
2020-09-10,105.095,0.559997558594,-0.001984680931,0.002196022727,-0.000372600068,-0.00478219697,-0.333665994939,0.141773540305,604626600.0,105.555999755859,0.290015873392,3.615715026855,41.937708221534,31.280277788813,-1.095
2020-09-11,105.23,-1.095,0.01230768057,0.002602681118,0.000625478882,0.000475375547,-0.45051457552,0.138200386198,600355400.0,104.467999267578,-0.418817834336,3.602143423898,24.444467048247,29.255412495386,-0.530003051758
2020-09-14,105.73,-0.530003051758,0.008500471973,0.001820228028,0.000871476677,0.000851950019,-0.473313002255,0.135109537849,604466400.0,104.301998901367,-0.203555764103,3.602142878941,29.629629627435,32.003934965739,-0.039997558594
2020-09-15,107.06,-0.039997558594,0.012394715946,0.001723779855,0.000827014417,0.000560747664,-0.416381039516,0.12912168672,608290500.0,104.607998657227,0.039754956437,3.561428615025,34.234946529663,29.436347735115,-0.479998168945
2020-09-16,107.225,-0.479998168945,0.003471524778,0.001509490416,1.8578102e-05,0.002571294998,-0.31789322013,0.124593173263,611945400.0,105.355999755859,-0.14803083546,3.584999629429,41.112842560607,34.992472905902,-1.525003051758
2020-09-17,104.99,-1.525003051758,-0.007000926066,0.00198913872,-1.473452e-05,0.000285823171,-0.310754883769,0.119106358891,607702900.0,105.333999633789,-0.357408344656,3.562142508371,27.843795576473,34.397194888914,1.670003662109
2020-09-18,107.32,1.670003662109,-0.000937615789,0.002343186937,0.000309702669,0.007132132132,-0.243113322284,0.111489490132,611986400.0,105.866000366211,0.371233561993,2.958571297782,35.993259186545,34.983299107875,-0.459999389648
2020-09-21,106.2,-0.459999389648,-0.009919497965,0.002291430372,0.001814066422,0.003780718336,-0.189043337141,0.106142106661,619608800.0,106.298001098633,0.089738151187,2.748571668352,47.639512728692,37.15885583057,-0.250003051758
2020-09-22,104.9971,-0.250003051758,-0.004624803,0.002604247653,0.000240493035,-0.004483739452,-0.216720968877,0.101629155304,615049000.0,106.35,0.046936888721,2.742857796805,47.129455139216,43.587409018151,-0.197096948242
2020-09-23,104.2,-0.197096948242,0.001812927543,0.002538336984,-0.00031483367,-0.007524526145,-0.309007181138,0.09377724475,610868700.0,105.994000244141,-0.159926596453,2.63500050136,31.775742817104,42.181570228337,-1.469996643066
2020-09-24,102.4,-1.469996643066,0.000194652413,0.003019843201,0.000337183967,-0.003406326034,-0.49495933513,0.093031065024,606828600.0,105.400001525879,-0.39598686492,2.544285365513,7.451565844212,28.78558793351,-1.480001831055
2020-09-25,100.47,-1.480001831055,-0.003567188039,0.001521081941,4.239256e-05,-0.000894988067,-0.712151213128,0.100211501738,599224600.0,104.252000427246,-0.283859634143,2.395713806152,5.984004641774,15.070437767696,2.979996948242
2020-09-28,104.15,2.979996948242,0.007636548466,0.002719589409,-0.000200142364,-0.000863392172,-0.658945936963,0.091058495163,604284900.0,103.569999694824,0.457700111344,2.370713915144,40.653594635561,18.029721707182,0.290002441406
2020-09-29,105.7,0.290002441406,0.015032551303,0.003417319121,-0.000333247471,-0.002924252429,-0.53582697426,0.079221307326,609800399.9999999,103.268000793457,0.076777692832,2.375713893345,53.594840329246,33.410813202194,-0.509997558594
2020-09-30,105.9649,-0.509997558594,0.007605241979,0.002203038022,-0.000671365765,-0.000236814794,-0.389436898573,0.070115394133,614264700.0,103.346000671387,-0.268084219959,2.224285125732,63.398759941089,52.549064968632,2.865101831055
2020-10-01,110.09,2.865101831055,0.003216010918,0.002981315259,0.000802087101,0.008334859864,-0.050814334822,0.07605378412,623751700.0,104.566000366211,0.396861904066,2.382142748152,92.888391382484,69.960663884273,-1.450000610352
2020-10-02,108.36,-1.450000610352,-0.008836515923,0.002050046512,0.000693254355,0.008,0.146238720819,0.072939083626,616509600.0,106.110000610352,-0.129486831991,2.400000435965,83.083067938316,79.790073087296,-1.86
2020-10-05,107.91,-1.86,0.006384979391,0.001745143165,0.000469667245,0.006810972196,0.119451347328,0.073727344996,610919100.0,106.720001220703,-0.242279774773,2.426428658622,61.661664407571,79.21104124279,0.649997558594
2020-10-06,108.2,0.649997558594,0.0,0.001832473594,8.7234966e-05,-0.003316138541,0.221531107245,0.078089168235,614522500.0,107.544000244141,0.476156886083,2.448571886335,82.282249249063,75.67566053165,-1.95
2020-10-07,107.53,-1.95,0.010541202321,0.001572952263,-0.000428264386,0.002143522833,0.119643306638,0.074647396881,610529900.0,107.755999755859,-0.411832934649,2.520714351109,59.15916328136,67.701025645998,0.20999786377
2020-10-08,107.7637,0.20999786377,0.003712655781,0.002034399852,-0.000163340015,-0.003479748474,0.137487856549,0.076720536333,614692300.0,107.537998962402,0.153799049285,2.490000043597,74.074048609901,71.838487046775,0.776300915527
2020-10-09,109.425,0.776300915527,0.007370512397,0.001184379001,-0.000337797666,0.000777391622,0.185095663786,0.078520059883,618860700.0,107.517999267578,0.124836849024,2.480000087193,82.082082761886,71.771764884383,0.225001525879
2020-10-12,110.29,0.225001525879,0.005471942232,0.002310592297,0.00012143101,0.001907703488,0.2682242737,0.083432281362,621921400.0,108.147999572754,0.137816205683,2.410714285714,93.193193871885,83.116441747891,0.760003051758
2020-10-13,110.18,0.760003051758,-0.004952751343,0.002235294118,-0.000430818128,-0.002895927602,0.387154739043,0.092523593593,626123200.0,108.646000671387,0.22914508713,2.377857208252,95.369577127517,90.214951253763,-1.809997253418
2020-10-14,108.25,-1.809997253418,0.002214615278,0.001898118271,-8.849806e-06,-0.002028210565,0.261031993062,0.093840571327,621349600.0,109.070001220703,-0.3760440682,2.380714961461,71.504933282308,86.68923476057,-0.5
2020-10-15,106.74,-0.5,-0.008352682375,0.002022918616,-0.000541237726,-0.001496725912,0.118795491391,0.093964256407,617158000.0000001,109.072001647949,-0.16113595472,2.340001242501,65.983984384782,77.619498264869,0.579999694824
2020-10-16,108.245,0.579999694824,0.003540786941,0.001737233055,0.000403294365,0.005060352832,-0.014229774744,0.094106348015,613639500.0,108.828001403809,0.17099837571,2.209286825997,45.161290316753,60.883402661281,1.424998168945
2020-10-19,110.85,1.424998168945,0.002097231337,0.002492063492,0.000653037817,0.00864422202,0.042937247415,0.097274120286,618003000.0,108.832000732422,0.379755974385,2.299286433629,71.428555028157,60.857943243231,-2.809999084473
2020-10-20,108.8,-2.809999084473,0.002869285042,0.002211928934,2.7997107e-05,0.004153207199,-0.037775570535,0.097377264496,613774500.0,108.230000305176,-0.273917967257,2.388572147914,39.451154871202,52.013666738704,-0.439999389648
2020-10-21,107.68,-0.439999389648,-0.00322996006,0.009839837623,-0.000477186746,-0.00655041978,-0.076147353944,0.09604971658,617648000.0,108.22799987793,0.01102294794,2.214286259242,41.847807300333,50.909172399897,-1.749999694824
2020-10-22,107.695,-1.749999694824,0.004625676035,0.002998731441,0.000847721133,0.011980830671,-0.26129410517,0.088673228314,611932000.0,107.863999938965,-0.224645680515,2.378571646554,17.302058032323,32.867006734619,1.785003356934
2020-10-23,109.22,1.785003356934,0.001461417865,0.00198148486,-0.000179385504,-0.003830718716,-0.146505478098,0.070523482858,616885800.0,108.296000671387,0.418975398664,2.506428854806,69.354891024844,42.834918785833,-1.429999084473
2020-10-26,108.335,-1.429999084473,-0.002041016967,0.002707632239,7.1727118e-05,0.007111648229,-0.183811569478,0.059893459773,613312800.0,107.920001220703,-0.369386155347,2.526428767613,44.574795470866,43.743914842678,0.665
2020-10-27,109.11,0.665,-0.001009179911,0.002099182661,-3.11969e-05,0.002020387547,-0.129001770668,0.052143167959,620610800.0000001,108.112001037598,0.348541435259,2.482857840402,62.316718321882,58.748801605864,-0.529998168945
2020-10-28,106.87,-0.529998168945,-0.016301383704,0.002336486233,0.000209532058,0.000842854467,-0.123057332303,0.045405630651,616092800.0,108.156001281738,-0.102615261694,2.446429116385,56.158387124265,54.349966972338,-0.450001831055
2020-10-29,105.46,-0.450001831055,-0.000375877807,0.002301184433,-0.000473907677,-0.008648242151,-0.258814985518,0.047752921017,608988100.0,108.254000854492,-0.086520948502,2.552858080183,24.486777762876,47.653961069675,-0.46
2020-10-30,105.34,-0.46,-0.002285693941,0.001983295151,-0.000190214429,0.005536464299,-0.428456810509,0.054369692998,604750500.0,107.358000183105,-0.333711095104,2.594286782401,6.142861501634,28.929342129592,-0.229999389648
2020-11-02,106.341,-0.229999389648,0.018837367672,0.003149313661,-0.001521543294,-0.006994117098,-0.51182618566,0.058258120386,609183700.0,106.82200012207,0.08382533814,2.630001613072,25.031636409575,18.553758558028,1.139003356934
2020-11-03,109.33,1.139003356934,0.011723059802,0.002547360677,-0.001030994857,0.005425786279,-0.391356688254,0.058130871041,615090800.0000001,106.518000793457,0.087339772589,2.686429704939,54.993730581986,28.722742831065,0.229997558594
2020-11-04,110.83,0.229997558594,0.005567731142,0.005494962331,-0.000866630777,0.005990741581,-0.167055831432,0.057818200824,618960900.0,106.713999938965,0.179168018435,2.745715005057,81.289473166289,53.77161338595,0.699998779297
2020-11-05,113.7,0.699998779297,0.017753101216,0.002582856136,0.001348914745,0.001673861334,0.10392754732,0.064402370079,626382100.0,107.736000061035,0.183518886925,2.976429530552,75.675647804028,70.652950517435,-0.170001220703
2020-11-06,113.33,-0.170001220703,0.003082872174,0.002580874605,-0.0015180661,-0.004829645241,0.391642810043,0.077727967547,631521999.9999999,109.441999816895,0.014052918046,2.99428667341,88.813000325347,81.926040431888,1.089998168945
2020-11-09,108.16,1.089998168945,-0.022898052431,0.010831842576,-0.004935541793,-0.032558139535,0.603032505016,0.091376488652,637166100.0,111.303999328613,0.127442051499,2.928572518485,94.004986731258,86.164544953544,1.229999389648
2020-11-10,109.35,1.229999389648,-0.001279818909,0.00434274091,-0.001340131222,0.000915331808,0.376326529673,0.089426704598,623175400.0,111.685998535156,-0.139565751646,3.384286608015,52.123239152679,78.313742069761,1.459997558594
2020-11-11,112.545,1.459997558594,0.010197679882,0.003126675004,0.000531758916,0.005404681079,0.297680989925,0.091045479182,628418900.0,111.935998535156,0.25890810617,3.30857195173,63.946702235532,70.024976039823,0.105001525879
2020-11-12,112.04,0.105001525879,-0.002130473684,0.002543545948,-0.000720419572,-0.003291522107,0.342084905599,0.095750654849,632412900.0,112.159999084473,0.246434247879,3.16714314052,79.267298737186,65.112413375132,-0.090003051758
2020-11-13,112.4,-0.090003051758,0.009379214653,0.002189823009,0.000487773394,-0.005309734513,0.298409017322,0.097295512867,629596100.0,111.843998718262,-0.140470894518,3.105000087193,73.43878538941,72.217595454043,0.199998474121
2020-11-16,112.06,0.199998474121,-0.004884506481,0.003210174029,-0.001082549821,8.9245872e-05,0.287290077708,0.100967951289,633515000.0,111.479998779297,-0.112345444611,3.073571341378,78.850953667581,77.185679264726,1.609998168945
2020-11-17,112.86,1.609998168945,-0.003958801403,0.002179041787,0.000322397013,-0.003179650238,0.323308585719,0.105797389957,637659900.0,112.335998535156,0.384499437676,3.126428876604,87.760191839216,80.016643632069,0.199997558594
2020-11-18,111.97,0.199997558594,0.005395370808,0.003514070946,-0.001790251785,-0.01495557315,0.279033202636,0.108418054789,633866900.0,112.785998535156,-0.025005253495,3.06071472168,82.68108691166,83.097410806152,-2.200003356934
2020-11-19,110.275,-2.200003356934,0.002095320798,0.003052818182,0.001105550977,0.0025,0.01508482129,0.102807733333,629321200.0000001,112.209997558594,-0.474386837203,3.200000217983,55.287245695525,75.242841482134,0.725
2020-11-20,111.33,0.725,-0.002342361588,0.002218168683,0.000899757907,0.005327794835,-0.084291997534,0.102851723522,632869300.0,112.019998168945,0.266471363233,3.165713718959,54.15282447566,64.040385694282,-0.440000610352
2020-11-23,110.83,-0.440000610352,0.004869698967,0.002203176882,-0.001046310026,-0.005384546352,-0.160632856381,0.10080270643,628793999.9999999,111.677998352051,0.051999260708,3.02999986921,52.513950282856,53.984673484681,-1.560003356934
2020-11-24,108.8683,-1.560003356934,0.000366074099,0.002645778062,-0.00052614807,-0.004040801391,-0.314532001748,0.100569109389,624688500.0,110.797998046875,-0.393844664327,2.982856750488,34.413354765679,47.026709841399,-1.258299389648
2020-11-25,107.355,-1.258299389648,-0.005203954608,0.003456328818,-0.001404693522,0.002849135918,-0.510810927081,0.102081275232,617372200.0,109.707998657227,-0.352375201085,2.816427503313,15.865906737159,34.264403928565,-0.944996337891
2020-11-27,106.52,-0.944996337891,0.002443327675,0.003230055311,-0.000918560278,-0.001406206056,-0.692843103503,0.102107972838,611148100.0,109.036000061035,-0.102507463666,2.777856554304,8.201958290186,19.493739931008,1.100002746582
2020-11-30,107.18,1.100002746582,0.001393736226,0.00282494613,-8.1752973e-05,-0.00547462188,-0.701023820033,0.094544890451,613127100.0,108.360000610352,0.26139558391,2.747856140137,22.135753915344,15.401206314229,1.040001220703
2020-12-01,109.17,1.040001220703,0.009425213746,0.002382419952,0.000228970617,-0.000640790919,-0.637140001678,0.085282460036,618829400.0,107.826000976562,0.160855997268,2.264285496303,28.80981517716,19.715842460896,-0.68000213623
2020-12-02,107.955,-0.68000213623,-0.001659141937,0.002556550642,0.000283976688,-0.003277629028,-0.551044199269,0.083086371432,623094600.0,107.670001220703,-0.238046898956,2.145714351109,31.813113042124,27.586227378209,0.195001525879
2020-12-03,107.85,0.195001525879,0.0,0.001633533672,0.000580828589,-0.002773925104,-0.493212025598,0.085139503531,619649900.0,107.778001403809,-0.057119271311,2.083571297782,28.031176111036,29.551368110106,-0.320001220703
2020-12-04,107.365,-0.320001220703,-0.004184850306,0.002295573403,-1.8627698e-05,0.002661561449,-0.472871829853,0.088233217654,615803599.9999999,108.002000427246,-0.191465361531,2.083571297782,21.13459805016,26.992962401107,0.535001525879
2020-12-07,107.9,0.535001525879,-0.001668214111,0.002725677683,1.8350661e-05,0.001670998886,-0.412839537909,0.086201598151,620490400.0,108.058000183105,0.312180307487,2.059999738421,25.250310179838,24.805361447012,-0.719999694824
2020-12-08,106.5,-0.719999694824,-0.003545411946,0.002174662669,0.000264727339,-0.002061469265,-0.399696562903,0.080977790351,613562400.0,107.85,-0.154906520103,2.024285452706,17.241402719542,21.208770316514,0.300003051758
2020-12-09,107.6,0.300003051758,0.002808945822,0.00165340803,0.000950465724,0.00466853408,-0.394022631626,0.084472120823,606918900.0,107.512001037598,0.004822091526,1.934999193464,14.480266498186,18.990659799189,-1.280000305176
2020-12-10,106.805,-1.280000305176,0.004138472937,0.002393218434,6.3437384e-05,0.000421506182,-0.398811687727,0.087949444635,601176500.0,107.146000671387,-0.169517672044,1.807142530169,12.820550438714,14.847406552147,-0.285003356934
2020-12-11,106.135,-0.285003356934,-0.003942904452,0.002960387655,0.000776548289,-0.001364320662,-0.365602687999,0.086287166702,606005000.0,106.944000244141,-0.109360197665,1.743571145194,16.025626915477,14.442147950792,0.884996643066
2020-12-14,108.4454,0.884996643066,0.004485174472,0.001917581395,8.096306e-06,0.008794418605,-0.290339337284,0.08418007921,610724000.0,106.767999267578,0.236084873527,1.7678565979,27.419319108697,18.755165487629,-1.655399084473
2020-12-15,106.95,-1.655399084473,0.001404640178,0.002720684496,-0.000189903154,9.351038e-05,-0.238587443158,0.079126670662,604473999.9999999,106.689999389648,-0.136679367569,1.749285561698,34.345832701409,25.930259575194,0.499996948242
2020-12-16,106.905,0.499996948242,0.0,0.001600744532,-6.7709741e-05,-0.00507212657,-0.146944010335,0.065760629555,609730600.0,106.819998168945,0.136217368024,1.725714547294,49.76630514998,37.177152320029,0.434996337891
2020-12-17,108.545,0.434996337891,0.004564985186,0.00243123435,0.000568981716,0.006630807753,-0.083905905851,0.050740688759,605271900.0,107.023997497559,-0.026922277117,1.642142704555,47.196196699063,43.769444850151,0.234998779297
2020-12-18,108.88,0.234998779297,0.000643497845,0.001727147451,-0.000679956155,0.000275608636,0.05700718361,0.048768748622,609196200.0,107.475997924805,0.363254482507,1.622143336705,80.841123142392,59.267874997145,0.090001220703
2020-12-21,107.22,0.090001220703,-0.012939374565,0.00200818148,-0.000230118643,-0.003161026404,0.159441897294,0.04175685478,619865999.9999999,107.865998840332,0.038029958305,1.66928591047,85.081602472791,71.039640771415,0.869996337891
2020-12-22,108.06,0.869996337891,-0.002405352166,0.002198831494,-0.000417704406,0.002132987109,0.163740545498,0.031883268883,615321999.9999999,108.125997924805,0.107304330901,1.817143031529,64.568672523936,76.830466046373,0.219998779297
2020-12-23,109.605,0.219998779297,0.005448873051,0.00190980068,0.00030076102,0.006751171122,0.174216236704,0.029119174614,618748400.0000001,108.291998291016,0.117776985095,1.875000544957,68.997632915862,72.882635970863,-2.155003051758
2020-12-24,108.52,-2.155003051758,-9.3015422e-05,0.001866716307,9.989042e-06,0.010052122115,0.122523061955,0.029137131991,615598900.0,108.313998413086,-0.305086857598,1.924286433629,48.853141164072,60.80648220129,-0.170001525879
2020-12-28,108.55,-0.170001525879,0.005629908804,0.001935664464,-0.000316362343,-0.003762848752,0.144699005869,0.027955023778,617050400.0,108.227998352051,0.297052747797,1.940715244838,69.495375101739,62.448716393891,-0.759999084473
2020-12-29,108.78,-0.759999084473,0.00658687335,0.00176921659,-5.5926271e-05,0.002580645161,0.118508653605,0.027969710342,615016200.0,107.991998291016,-0.30939982013,1.953571864537,56.651396201008,58.333304155606,-0.449998168945
2020-12-30,108.69,-0.449998168945,0.003323184753,0.001438678811,-0.000512893489,0.0,0.133305413078,0.028139512996,617850600.0,108.039999389648,-0.102556014824,1.962143489293,69.036736563608,65.061169288785,-0.249997558594
2020-12-31,108.32,-0.249997558594,-0.002489895485,0.001149024683,-0.000190759394,0.001386706111,0.145270984634,0.028038065997,620266400.0,108.07200012207,-0.091753850341,1.898572104318,71.55968598855,65.749272917722,1.16999786377
2021-01-04,109.74,1.16999786377,0.000365338536,0.001697578803,0.000584540504,0.002649611695,0.214491938365,0.031645640701,623248600.0,108.480000305176,0.376889076593,1.951429639544,95.642146427421,78.74618965986,-0.629999389648
2021-01-05,109.42,-0.629999389648,-0.002382935888,0.002613688562,0.000946883677,0.005236564079,0.224223117285,0.033518262821,617056600.0,108.632000732422,-0.05653209868,2.02000100272,76.639343605852,81.280392007274,1.039999084473
2021-01-06,110.13,1.039999084473,-0.013670126279,0.003049747591,-1.849598e-05,0.010830656264,0.30605036929,0.040004213703,621379400.0,109.166000366211,0.320243397712,2.035000937326,91.877175014642,88.052888349305,0.100003356934
2021-01-07,109.535,0.100003356934,0.000453555483,0.001994922017,-0.00191759208,-0.006755531375,0.327247433913,0.043532430778,615839800.0,109.546000671387,0.273363910801,2.065715244838,85.865795336287,84.794104652261,1.765003051758
2021-01-08,112.21,1.765003051758,0.003324304645,0.002302587982,-0.00025632854,0.004835676547,0.391548294265,0.049272779937,621408600.0,110.118000793457,0.225837437623,2.120715550014,94.880004867632,90.874325072854,-0.599999389648
2021-01-11,111.425,-0.599999389648,-0.003583921904,0.00309324701,-0.000361664081,0.001933279381,0.430101042773,0.052907991792,625650800.0000001,110.542001342773,-0.003673490466,2.164287022182,86.908044535907,89.217948246609,-0.585003662109
2021-01-12,110.31,-0.585003662109,-0.00288704173,0.002137441187,-0.000725771486,-0.001900108578,0.380590893765,0.052698087581,622473400.0,110.888000488281,-0.097820808131,2.137858254569,76.183751504908,85.990600302816,-1.470003662109
2021-01-13,108.57,-1.470003662109,0.002296949728,0.00181035747,0.00014861746,-0.004857928506,0.199117133009,0.050341375219,616696300.0,110.563999938965,-0.342007013204,2.059286934989,33.631411785826,65.57440260888,3.580001525879
2021-01-14,110.865,3.580001525879,-0.008381653398,0.003108623325,0.001054689876,-0.003102239007,0.282862589113,0.053426388988,622743400.0,110.947999572754,0.349763878012,2.242858341762,86.702126205128,65.505763165287,-0.824999084473
2021-01-15,110.34,-0.824999084473,-0.000363512497,0.001986090909,0.000942785778,0.003090909091,0.181915428018,0.05167785259,618352399.9999999,110.695999145508,-0.297602976902,2.253572736468,49.290763823598,56.541433938184,0.960003051758
2021-01-19,111.07,0.960003051758,0.003953232704,0.003033557047,0.001454954368,-0.006085011186,0.185149409831,0.051186531362,622832500.0,110.633999633789,0.301498050226,2.30071585519,71.631229645627,69.208039891451,1.499999694824
2021-01-20,112.41,1.499999694824,0.000710685185,0.002709010209,-2.6313692e-05,-0.002130492676,0.253728416146,0.056463900748,629652800.0,110.980000305176,0.170596934403,2.355716160366,90.459999568677,70.460664345967,0.479999389648
2021-01-21,111.14,0.479999389648,-0.005669230163,0.002496266667,-0.001324345995,-0.012088888889,0.298464508787,0.061690153468,632604900.0,111.790000915527,0.085207239694,2.382858821324,89.792667732062,83.961298982122,1.809996948242
2021-01-22,112.55,1.809996948242,0.00044270078,0.002334070796,-0.000397664989,-0.003982300885,0.308638195242,0.064344572327,637633000.0,111.95,0.121226585517,2.525715419224,90.605030527454,90.285899276064,0.289996337891
2021-01-25,114.46,0.289996337891,0.001949674121,0.002702105077,0.001776915589,0.01238280559,0.285063178755,0.065788369329,633469100.0,112.509999084473,-0.037355682806,2.524287087577,88.853428111595,89.750375457037,0.260001220703
2021-01-26,114.58,0.260001220703,-0.004096942257,0.002863815617,0.000778997008,0.004118832705,0.367918755318,0.069666311441,638158400.0,113.193998718262,0.357697853298,2.493573325021,90.489508238292,89.982655625781,0.150003356934
2021-01-27,115.345,0.150003356934,0.004096518588,0.008940972222,0.000514999146,0.001258680556,0.392961771579,0.073537654966,642300800.0,113.625999450684,0.18624836627,2.402144840785,90.629398225628,89.990778191839,-1.054999084473
2021-01-28,120.85,-1.054999084473,0.03167383601,0.005691723443,0.002775659793,0.024934271902,0.350842318548,0.072389993949,633195900.0,113.905999755859,-0.087583685694,2.533573150635,63.378821495916,81.499242653279,-0.460000610352
2021-01-29,122.15,-0.460000610352,-0.001162882219,0.004407484407,0.000715591525,0.0158004158,0.685402641427,0.097787176924,644492200.0,115.394000244141,0.207930411236,3.062858581543,76.738303559215,76.915507760253,1.439996337891
2021-02-01,123.61,1.439996337891,-0.00283193207,0.003998137652,0.001009155869,0.000890688259,1.051886851674,0.129685306886,655487300.0,117.544000244141,0.353601465047,3.262858254569,93.139011536177,77.752045530436,-1.069999084473
2021-02-02,122.925,-1.069999084473,0.007018121462,0.003018638574,0.00066487129,-0.003849270665,1.145546580923,0.147333456135,647150200.0,119.108000183105,-0.141395135635,3.303572518485,86.24020022842,85.372505107937,-2.68500213623
2021-02-03,119.77,-2.68500213623,-0.004158350041,0.003770136049,-0.001578984039,-0.000333861948,0.980911914157,0.151588962885,639873200.0000001,120.209999084473,-0.438210231918,3.374286651611,72.359674615994,83.912962126864,0.450001220703
2021-02-04,119.84,0.450001220703,-0.00324404746,0.003467412167,-0.000773758311,8.3451556e-05,0.806282731064,0.155733058508,634881300.0,121.395999145508,0.128880472059,3.184286390032,70.187956034713,76.262610293042,-0.10000213623
2021-02-05,121.65,-0.10000213623,0.005762505877,0.003145478701,0.00106335723,0.010130366188,0.603349293842,0.156386782865,630503400.0,121.265998840332,-0.012950056984,3.161429268973,67.077111268615,69.874913973107,2.379998779297
2021-02-08,125.3472,2.379998779297,0.007820698462,0.00375712,-0.001033759892,0.0027776,0.696348778572,0.167736422396,636306800.0000001,121.353999328613,0.437814574694,3.329286302839,94.57416861992,77.279745307749,-0.8472
2021-02-09,124.49,-0.8472,0.002650617117,0.001891915954,0.000714559552,-0.002483974359,0.724587522912,0.177127201829,639762800.0000001,121.745999145508,-0.114999684329,3.287858145578,91.634472483363,84.428584123966,0.660001525879
2021-02-10,125.77,0.660001525879,0.005113858425,0.002331266396,0.000262237789,-0.000158995151,0.720590885589,0.183244479025,643187300.0,122.72799987793,0.102480383065,3.297858101981,95.817236238464,94.008625780582,-0.479999084473
2021-02-11,125.54,-0.479999084473,0.003192605339,0.001958604627,-0.000151697552,-0.003176115611,0.66240972861,0.180683420191,647382700.0,123.741999816895,-0.167865089489,3.166429247175,93.706804348079,93.719504356635,1.299996337891
2021-02-12,127.12,1.299996337891,-0.003390040115,0.00170144767,0.000555531855,0.005616644253,0.661789603864,0.186402348706,651080100.0,125.161999511719,0.350891474042,3.159286499023,99.78350354713,96.435848044557,1.109995727539
2021-02-16,127.61,1.109995727539,0.002027682869,0.002785586427,-0.000306175329,-0.006848782006,0.685561201542,0.186355954403,654738800.0000001,126.001998901367,0.406308586936,3.139999934605,97.938845093375,97.143050996194,0.410004272461
2021-02-17,127.21,0.410004272461,-0.005077343417,0.002496271293,-0.000374665013,-0.001412983751,0.619704701366,0.184476809271,649564800.0,126.705999755859,-0.135980169216,3.162857055664,96.54262468909,98.088324443198,0.02999786377
2021-02-18,124.81,0.02999786377,-0.01391069375,0.003426235896,-0.000281813036,-0.005180934162,0.463333897352,0.180336729441,646403000.0,127.123999023438,-0.034047542526,2.973571777344,88.586511293313,94.355993691926,0.600003662109
2021-02-19,124.82,0.600003662109,-0.00127584449,0.002537147926,-0.000920430668,-0.003433133733,0.190363897524,0.170913326315,640975100.0,127.147999572754,-0.001256376714,2.501428876604,67.897517190487,84.342217724297,-1.779999084473
2021-02-22,121.79,-1.779999084473,-0.000731501679,0.002819574353,-0.000563177193,-0.009434729565,-0.176274642494,0.156937876608,634770900.0,126.388000488281,-0.395196328362,2.339286259242,43.589777694361,66.691268726054,0.760003051758
2021-02-23,122.66,0.760003051758,-0.002448005257,0.003345603272,8.9058966e-05,0.003353783231,-0.462023725578,0.139371838307,629928900.0,125.252001953125,-0.072769916244,2.3528578622,38.564154646732,50.01714984386,-1.859996948242
2021-02-24,121.68,-1.859996948242,0.0,0.002529919584,0.000426504972,0.007284768212,-0.761450772244,0.126424083881,624363000.0,123.808001708984,-0.231814078831,2.315715244838,20.615422654936,34.256451665343,0.699997253418
2021-02-25,121.88,0.699997253418,-0.005883262032,0.002447622701,-0.000377532178,0.001808318264,-0.839506490118,0.109927621468,628490400.0,122.836001586914,0.360302501184,2.334286825997,36.820504068758,32.000027123475,-0.299998168945
2021-02-26,121.385,-0.299998168945,0.005017277522,0.002556571733,0.000906839655,-0.006588100499,-0.924691110678,0.087261396502,625021500.0,122.070001220703,-0.011916972785,2.327858516148,18.117674089588,25.184533604428,-1.605001220703
2021-03-01,121.261,-1.605001220703,0.010101845857,0.001869759668,0.000922283755,0.002239854533,-1.071589063384,0.088617638021,619824000.0,121.418000793457,-0.435026828483,2.19357245309,1.351297943517,18.763158700621,0.948999084473
2021-03-02,122.41,0.948999084473,0.0,0.002163079944,5.542338e-05,0.001636527289,-0.977075803257,0.089201841219,623682600.0,121.35,0.270258099109,2.275000435965,28.716198216916,16.061723416674,0.119998779297
2021-03-03,120.77,0.119998779297,-0.006855434149,0.002348261977,-0.001030765523,-0.007560193935,-0.868633569319,0.089208110937,628590700.0,121.695999145508,0.091563721093,2.29214314052,32.319802594138,20.795766251524,-1.589999694824
2021-03-04,119.685,-1.589999694824,-0.00151032308,0.002254901961,0.000153468007,0.005756302521,-0.989376563288,0.091676628164,623351200.0,121.055999755859,-0.431590182767,2.437143598284,1.265852327557,20.767284379537,-3.67499786377
2021-03-05,115.75,-3.67499786377,0.008533728519,0.002692307692,-0.000952387989,-0.010683760684,-1.23369668251,0.104253896675,616651599.9999999,119.941999816895,-0.273020039086,2.680000305176,9.20293256265,14.262862494782,1.5
2021-03-08,116.316,1.5,-0.002132196162,0.002196911526,0.00075305127,-0.007627335552,-1.258417396841,0.110375556427,621511100.0,119.436000061035,0.05681905396,2.715000697545,18.241291761425,9.570025550544,-0.686002746582
2021-03-09,118.225,-0.686002746582,0.009599590389,0.00307949289,0.000762501033,0.012720575638,-1.323851927509,0.123059414183,617579500.0,118.119999694824,-0.240076967958,2.791429247175,6.711909850675,11.38537805825,-1.525003051758
2021-03-10,116.69,-1.525003051758,0.004627257323,0.003012754884,-0.000329619655,-0.004436481529,-1.236687905473,0.129988708124,622755599.9999999,116.953999328613,0.005193082464,2.940000261579,16.442937339688,13.798712983929,-0.810002746582
2021-03-11,116.827,-0.810002746582,0.00699003458,0.002223364851,0.000676859688,0.001174050904,-1.176244032764,0.136566173032,615115400.0,116.293998718262,-0.158516489404,2.990714481899,10.70421808646,11.286355092274,0.692996643066
2021-03-12,116.28,0.692996643066,-0.003658954369,0.002517721411,-0.000198937024,-0.006917755573,-0.97604410704,0.137740269293,620031100.0,116.595997619629,0.213068279173,2.940000261579,32.938364630429,20.028506685526,0.429999084473
2021-03-15,117.49,0.429999084473,0.004112786914,0.001766191655,-0.000242438443,0.002559945388,-0.852871085376,0.135809517238,616317100.0,116.487997436523,-0.160290358482,2.86071395874,23.341239936199,22.327940884363,0.609998474121
2021-03-16,118.62,0.609998474121,0.002963577296,0.002566483748,0.000303008664,0.001435204728,-0.642091436882,0.125201432861,620968900.0,116.981997680664,0.277944721046,2.768571036203,40.191391921541,32.15699882939,-0.399998779297
2021-03-17,117.26,-0.399998779297,-0.004652368855,0.00198006079,-0.000656689404,-0.002042553191,-0.467035831935,0.111496482221,624839400.0,117.285998535156,-0.052130015399,2.744285583496,41.626831368987,35.053154408909,0.360002746582
2021-03-18,118.19,0.360002746582,-0.001020257981,0.001700595745,-0.000508785764,0.005872340426,-0.368432396189,0.097092383964,621042200.0,117.633999633789,-0.01370267956,2.694999694824,34.449816653146,38.756013314558,-0.079999389648
2021-03-19,117.915,-0.079999389648,0.002285976138,0.002080165569,-0.000791545287,-0.003928028383,-0.252515902198,0.085606016697,625295200.0,117.752000427246,0.173550043596,2.633571624756,40.311034690669,38.795894237601,2.335
2021-03-22,120.62,2.335,8.3177848e-05,0.002152188776,0.000249125222,0.002993514053,-0.025949675371,0.080460615832,636570400.0,118.460000610352,0.287612727313,2.651428767613,65.909111642274,46.889987662029,0.850001220703
2021-03-23,121.2,0.850001220703,0.002469707906,0.001716350497,-0.000584526116,-0.0046809559,0.199439695064,0.077991329039,641743500.0,119.134001159668,0.282852454752,2.672857557024,89.973266519934,65.397804284292,-0.71000213623
2021-03-24,120.215,-0.71000213623,-0.004066709872,0.001591666667,-0.000203868091,0.001791666667,0.271422435536,0.077584478215,637955000.0,119.588000488281,-0.271240275661,2.587857382638,76.871623244678,77.584667135629,-2.195003356934
2021-03-25,118.38,-2.195003356934,0.006015986562,0.002460203824,0.000387039419,-0.002947864904,0.147772608732,0.072779056333,631433700.0,119.667999267578,-0.385409245745,2.407143184117,43.396150747734,70.080346837449,0.670003051758
2021-03-26,119.41,0.670003051758,0.001931925423,0.001868628437,-0.000355697904,0.001089872569,0.131011513621,0.069194926542,636753800.0,119.855999755859,0.080288144602,2.370000566755,54.058007703381,58.108593898598,2.659999694824
2021-03-29,120.815,2.659999694824,-0.008765459961,0.002566115702,0.000698165363,-0.00152892562,0.308822775095,0.073602810395,641610800.0000001,120.219999694824,0.428941229893,2.415714808873,96.704824537482,64.719660996199,1.415003356934
2021-03-30,121.365,1.415003356934,-0.005972374514,0.002769465021,0.000556153076,-0.001111111111,0.416045119886,0.073660181276,646420900.0,120.37200012207,0.239629423814,2.34285736084,93.126756959299,81.296529733387,-1.615
2021-03-31,120.39,-1.615,0.002087682672,0.002130833333,-0.001008434645,0.00325,0.303975595341,0.067719997122,641366500.0,120.224000549316,-0.268365038239,2.287857600621,56.666707201121,82.166096232634,-0.550003662109
2021-04-01,120.01,-0.550003662109,0.003671582567,0.002535251081,0.000175657881,-0.002244762221,0.223651599814,0.068271519277,647159300.0,120.588000488281,-0.039967207201,2.264285496303,56.193298105137,68.662254088519,-1.069997558594
2021-04-05,119.685,-1.069997558594,0.005969388514,0.001922941914,0.00111490667,0.00029251985,0.103747192242,0.065181995656,643144200.0,120.566000366211,-0.311786718916,2.313571929932,38.709721077722,50.523242127993,0.175000610352
2021-04-06,120.08,0.175000610352,0.001251472761,0.002018350323,0.000547993337,0.000583284726,0.081231317322,0.064623843391,649458800.0000001,120.124000549316,0.08797485684,2.29428591047,50.515508506223,48.472842563027,-0.109998779297
2021-04-07,120.41,-0.109998779297,-0.001250325284,0.001493156401,-0.000655545396,0.004924052746,0.069059712818,0.059811162971,654605199.9999999,119.67200012207,0.001745260355,2.330000196184,52.405553456406,47.21026101345,-0.299999389648
2021-04-08,121.28,-0.299999389648,0.007493143962,0.001229776675,0.000382954976,0.003143093466,0.065766803186,0.057236995673,658918200.0,119.744000244141,0.118610159386,2.32857131958,52.181868110186,51.700976690938,-1.500001220703
2021-04-09,120.14,-1.500001220703,-0.001085300173,0.001737150021,0.001264757237,0.004095277894,0.03806723151,0.05083773811,655149400.0,119.732000732422,-0.294482810134,2.342142377581,46.181834819373,50.256418795322,0.760001525879
2021-04-12,120.8,0.760001525879,-0.002812274301,0.001947117157,0.000610322598,0.00199071002,0.08897123597,0.049655769469,659251900.0,120.124000549316,0.402103494959,2.210714067732,66.545521117162,54.969741348907,0.240000915527
2021-04-13,121.75,0.240000915527,8.2634965e-05,0.001306650145,0.000590574445,0.005782734407,0.1237296589,0.04523594665,662167800.0,120.360000610352,0.273341459935,2.116428375244,69.090964564853,60.606106833796,1.26000213623
2021-04-14,122.625,1.26000213623,-0.003739525864,0.002216147604,1.7582368e-05,0.000611995104,0.263050686874,0.049050540214,667112399.9999999,120.968000793457,0.37007139421,2.148571014404,90.156295248179,75.264260310065,-1.125
2021-04-15,122.4,-1.125,0.007407419966,0.001720225127,0.000816753143,0.0,0.23792086143,0.047964132892,662385900.0,121.246000671387,-0.334572426521,2.089999607631,66.56251749846,75.269925770497,1.540002441406
2021-04-16,123.54,1.540002441406,0.003630764397,0.003191574885,0.000219143043,-0.006833346732,0.362571568424,0.050964802778,666896800.0,122.078001403809,0.288193802389,2.155713762556,87.45766655486,81.392159767166,0.809998474121
2021-04-19,123.6,0.809998474121,-0.006031363162,0.0,0.0,0.0,0.444190774901,0.054638176201,673139900.0,122.768000793457,-0.005373718654,2.03428540911,94.406750056737,82.808978036685,0.929998779297
2021-04-20,120.415,0.929998779297,-0.032361670431,0.007165892116,-2.9804368e-05,-0.000705394191,0.478869866193,0.060748627885,679993000.0,123.466000366211,0.261445824155,1.972857339042,86.596393489104,89.486936700233,-0.415
2021-04-21,120.1,-0.415,0.003583335876,0.0032945487,-0.000180092457,-0.002740181018,0.180637287954,0.06116117139,670084800.0,122.863999938965,-0.071153775411,2.144999912807,18.373514046121,66.458885863987,2.499998474121
2021-04-22,123.195,2.499998474121,0.001712879993,0.001811741715,0.000608731057,0.003134923866,0.143984028201,0.062137106291,677125100.0,123.083999633789,0.375070325805,2.237142835345,57.530121165435,54.166676233553,0.305
2021-04-23,123.455,0.305,0.000971682159,0.00155104352,-5.2008149e-05,-0.00133473548,0.164387039627,0.059670893696,683492000.0,122.995999145508,0.158703552413,2.252856663295,70.046811888079,48.650149033212,-0.145002441406
2021-04-26,122.35,-0.145002441406,0.000648786251,0.001956668558,-0.001209381559,-0.008428559851,0.14954607883,0.058434825077,678265000.0,122.787998962402,-0.10024619144,2.256428309849,67.082653401757,64.886528818424,0.230001831055
2021-04-27,121.58,0.230001831055,-0.004731618717,0.002909836066,0.00037832205,-0.003442622951,0.07859091096,0.058794702654,673887500.0,122.397999572754,-0.273394097599,2.187856946673,55.694257469848,64.274574253228,0.119996948242
2021-04-28,121.21,0.119996948242,-0.001479049381,0.001831138907,0.000561010869,-0.002551020408,-0.033568326068,0.05860622728,670502600.0,122.737998962402,-0.090406856365,2.209285736084,41.965623658159,54.914178176588,0.239996948242
2021-04-29,121.02,0.239996948242,0.000411717192,0.002407983539,0.00051843919,-0.003950617284,-0.125391954028,0.056884299722,666746700.0,122.507998657227,-0.019680919544,2.162857055664,38.065465238637,45.241782122215,-0.00999786377
2021-04-30,120.76,-0.00999786377,-0.004214545304,0.001683651452,0.000210337376,0.002157676349,-0.211495301295,0.055375532394,662857500.0,122.009999084473,-0.157134786367,2.15714263916,31.201267356182,37.077452084326,-0.679998168945
2021-05-03,120.31,-0.679998168945,0.003914067401,0.001256408129,0.000401266428,-0.001990875156,-0.320288572959,0.052685443576,658084000.0,121.363999938965,-0.109170944254,2.222142900739,16.692673274622,28.653135289813,-0.780001220703
2021-05-04,118.8,-0.780001220703,-0.002760828532,0.00229135906,1.4124779e-05,-0.003355704698,-0.41261978717,0.053419762153,653166400.0,120.753999328613,-0.33840432763,2.13285773141,8.112277142316,18.668739257706,-1.259999084473
2021-05-05,117.62,-1.259999084473,0.002212031089,0.001511035654,-0.000298779944,-0.001528013582,-0.580749408727,0.060577962594,643944600.0,119.92200012207,-0.278042960967,2.231428963797,12.347062002111,12.384004139683,0.89000213623
2021-05-06,118.0217,0.89000213623,-0.00388152119,0.002247183397,0.001108702163,-0.000239728928,-0.597350499115,0.063946436042,649577000.0,119.334001159668,0.217188807308,2.125000544957,23.136844550385,14.532061231604,0.768300915527
2021-05-07,119.97,0.768300915527,0.008249816651,0.002045587376,0.000193160585,0.001669867246,-0.560779046393,0.065914697123,653882300.0,118.890000915527,0.178900114611,2.162143162319,26.251403458059,20.578436670185,-1.020003051758
2021-05-10,118.9742,-1.020003051758,0.002101723467,0.001326342282,1.6306322e-05,-0.001894295302,-0.499177375813,0.068486596373,657958900.0,118.663999938965,-0.240010744789,2.149999891009,30.035719023713,26.474655677386,-0.034197558594
2021-05-11,118.97,-0.034197558594,-0.000672623419,0.002014508198,-6.069229e-05,0.000925458523,-0.434827183853,0.070879736313,654035700.0,118.546000671387,-0.103286772576,1.841428484235,29.916594976492,28.734572486088,-0.580000610352
2021-05-12,117.17,-0.580000610352,-0.010304934766,0.002180506956,0.000470683161,0.0,-0.405598640005,0.072770769482,648514900.0,118.716000366211,-0.175278934282,1.720714569092,23.361135003863,27.771149668023,-0.820001525879
2021-05-13,116.99,-0.820001525879,0.005586605367,0.001658119658,0.000462475517,-8.5470085e-05,-0.494079614755,0.080688452233,643769400.0,118.283999633789,-0.297902479094,1.708571842739,1.27224511887,18.183325033075,0.459996948242
2021-05-14,117.69,0.459996948242,0.004597709064,0.001650045672,0.000177421225,-0.002542588355,-0.450186783626,0.080650578323,648288900.0,118.015998840332,0.171229680624,1.724286215646,16.783170517252,13.805516879995,0.619997558594
2021-05-17,117.96,0.619997558594,-0.002620214394,0.001447627119,0.000475666979,-0.000338983051,-0.339915586459,0.076359485566,652089400.0,117.887998962402,0.113679609226,1.727142878941,32.698358101461,16.917924579194,-1.22000213623
2021-05-18,117.3,-1.22000213623,-0.000171292132,0.002274588759,0.001640521515,0.004969156957,-0.348122519966,0.07260157347,648357000.0,117.447998046875,-0.367805088873,1.734285627093,8.641940421901,19.374489680205,-0.319996643066
2021-05-19,115.81,-0.319996643066,-0.007009742446,0.002096246556,-0.000619226027,-0.003013085399,-0.313855285224,0.075618850298,651755400.0,117.165998840332,0.107034446557,1.727142878941,13.878385177196,18.406227900186,0.569997253418
2021-05-20,117.41,0.569997253418,0.001460781942,0.001394337194,0.000401276707,0.007378807379,-0.307654647752,0.075767409425,648324600.0,117.171998596191,0.09206812866,1.75,20.367179068361,14.295834889153,0.390003051758
2021-05-21,118.72,0.390003051758,0.003650257165,0.001609151654,-0.000944760223,0.00414446418,-0.189757009737,0.069091947198,651182799.9999999,117.241999816895,0.407263034046,1.735000065395,47.999988893972,27.415184379843,-1.590002746582
2021-05-24,117.84,-1.590002746582,0.007769176842,0.001991443578,-0.000347910145,-0.001694340901,-0.140977407556,0.061748569617,646553500.0,117.005999755859,-0.270780842064,1.76999936785,37.452388750099,35.273185570811,-0.549999084473
2021-05-25,117.865,-0.549999084473,0.006053364131,0.001765536723,-0.000820079474,-0.001144067797,-0.084786177807,0.054601343677,649649500.0,117.116000366211,-0.363297303555,1.6292855399,40.494286643168,41.98222142908,0.535001525879
2021-05-26,116.83,0.535001525879,-0.007432473577,0.002598196052,-0.000998403034,-0.005871341048,0.03392471012,0.048247400103,654353999.9999999,117.4,0.126142647274,1.647856576102,61.596981877887,46.514552423718,-0.08
2021-05-27,116.975,-0.08,0.002141327623,0.002427350427,-5.334445e-06,-0.000213675214,0.009384477938,0.042622071753,647661100.0,117.474000549316,-0.163095015027,1.659999302455,30.228098822574,44.10645578121,-1.284997558594
2021-05-28,117.33,-1.284997558594,0.006742145067,0.002881686271,-0.001333597987,0.007383875676,-0.066025055859,0.039441150618,637302200.0,117.052000427246,-0.325712297077,1.681428091867,11.064708184886,34.296596295116,-0.679998474121
2021-06-01,110.28,-0.679998474121,-0.055722245306,0.005438402179,-0.001209552621,0.001180208806,-0.040303438899,0.035894976369,642115200.0,116.956001281738,0.065381750444,1.747856685093,36.341424827616,25.878077278359,-4.489999084473
2021-06-02,106.02,-4.489999084473,0.0,0.003029300567,0.00083566285,0.002079395085,-0.706776052704,0.095550772552,616991100.0,114.656001281738,-0.362077016294,2.437856401716,0.73799636824,16.048043126914,0.880001525879
2021-06-03,107.01,0.880001525879,0.000935439408,0.002205607477,0.000437066002,9.3457944e-05,-1.006656605222,0.122904509477,636206200.0,112.356001281738,0.22797403008,2.468570709229,11.095109655279,16.058176950378,2.189996948242
2021-06-04,108.72,2.189996948242,0.000915806834,0.002644281793,0.000887938213,-0.005306495883,-0.982807058814,0.133922212542,648324200.0,110.846000671387,0.366849857479,2.571427481515,27.665685140308,13.166263721275,0.570000915527
2021-06-07,110.19,0.570000915527,0.006313500189,0.002182124023,0.000993753605,0.00190943808,-0.896096466359,0.141713993617,655521400.0,109.566000366211,0.003528430516,2.572141919817,28.314128836912,22.3583078775,-0.19
2021-06-08,109.94,-0.19,0.004545454545,0.001345248869,-0.000890419835,-0.005067873303,-0.732922275535,0.145316970488,663455000.0,108.236000061035,0.013891981412,2.565713065011,33.429397027954,29.803070335058,-2.039998474121
2021-06-09,107.97,-2.039998474121,-0.00083414241,0.001618588257,-1.298492e-05,0.001484092385,-0.708033044716,0.152322266331,655281100.0,108.658000183105,-0.474518875213,2.6649987357,18.299722031421,26.681082632096,1.080003051758
2021-06-10,109.2701,1.080003051758,0.0,0.002530949106,0.000733143739,0.002018340211,-0.562101724475,0.154974501511,669061500.0,109.088000488281,0.33009404837,2.672855922154,26.585037257351,26.104718772242,0.879901525879
2021-06-11,109.9,0.879901525879,0.001634138018,0.001472854165,-0.001307405832,-0.003897398713,-0.349863462921,0.156942443307,677074100.0,109.278001403809,0.442226073655,2.649284362793,34.510099877741,26.464953055504,0.010003662109
2021-06-14,109.92,0.010003662109,0.001546703333,0.001387354651,-0.000624146224,-0.001453488372,-0.191909201715,0.156910917827,670556600.0,109.402001953125,-0.252366216178,2.567141941616,32.781008298179,31.292048477757,0.560003356934
2021-06-15,110.72,0.560003356934,0.004163641116,0.001847214711,0.00010160895,-0.001983053903,-0.024129771873,0.153209810767,675445300.0,109.498002624512,0.219263420848,2.552855900356,36.887635153907,34.726247776609,-0.309996337891
2021-06-16,110.79,-0.309996337891,-0.001992584126,0.002023504855,-7.177028e-05,0.005445140212,0.100224339108,0.151410064602,670046500.0,110.000003051758,-0.197958044132,2.506427764893,39.08671646336,36.251786638482,-0.730002441406
2021-06-17,110.29,-0.730002441406,-0.002816623346,0.001963006834,7.5706157e-05,0.004920273349,0.172743667135,0.148535130541,662995000.0,110.202001953125,-0.043668988385,2.432141985212,37.720684536181,37.898345384483,1.339997253418
2021-06-18,110.54,1.339997253418,-0.014601785304,0.002587545455,8.938021e-06,0.004909090909,0.331108941211,0.144807407633,668962400.0,110.498001098633,0.426052309175,2.453570229667,50.321004039051,42.376135012864,-0.209998168945
2021-06-21,109.92,-0.209998168945,-0.000725114019,0.00231292517,-0.00018888353,-0.002993197279,0.351067974004,0.137336711609,660130600.0,110.582000732422,0.128341041037,2.417855943952,74.962342064189,54.334676879807,1.520002441406
2021-06-22,111.54,1.520002441406,0.001974167407,0.001204907756,0.000332305118,-0.001074691026,0.436230532347,0.129662286921,664873900.0,110.774000549316,0.254801049293,1.809284210205,89.280528779182,71.521291627474,-0.580000915527
2021-06-23,110.94,-0.580000915527,-0.003244417928,0.001478300181,0.000281645915,0.003074141049,0.455332438994,0.119942923284,658354500.0,110.883999633789,-0.240082108704,1.727141244071,78.469748460157,80.904206434509,-0.100003662109
2021-06-24,112.54,-0.100003662109,0.005954562287,0.00211793722,0.000476662144,0.00932735426,0.453964058646,0.10284233759,653998400.0,111.039999389648,0.184792835499,1.551427568708,70.89711333526,79.549130191533,-0.840003051758
2021-06-25,112.46,-0.840003051758,0.001611462042,0.001809974973,0.000346278501,0.005184125849,0.501343880601,0.08976645993,663717000.0,111.053999328613,0.057386951314,1.633570534842,69.609488935273,72.99211691023,0.260001220703
2021-06-28,113.06,0.260001220703,0.00239528602,0.00143818037,-0.000291326744,0.000619523852,0.585862798594,0.080571319174,672467400.0,111.531999206543,0.247763730876,1.64499936785,86.927050530957,75.811217600497,2.639996948242
2021-06-29,116.27,2.639996948242,0.000345729616,0.001698807672,0.000171621433,0.004579229307,0.812975937077,0.07560818846,682034600.0,112.38399810791,0.389952900648,1.714285169329,92.465713446526,83.000750970919,0.939999084473
2021-06-30,116.69,0.939999084473,-0.001791648205,0.001517094017,-0.001345056157,-0.00264957265,1.021894231016,0.084919767561,690184800.0,113.63399810791,0.231874531884,1.817856379918,83.451801961848,87.614855313111,-0.759999694824
2021-07-01,115.64,-0.759999694824,-0.00276028374,0.001578583168,-3.4744555e-05,0.000259493123,1.028076062559,0.087399520903,684340200.0,114.651998901367,-0.268877959594,1.867856161935,68.810312519968,81.575942642781,1.520003662109
2021-07-02,116.9,1.520003662109,-0.002048527532,0.001586554909,-0.000325351768,-0.000171057133,1.064701824512,0.097216154419,689079800.0,115.744000244141,0.4359026846,1.938570295061,81.759035357222,78.007049946346,1.140000915527
2021-07-06,118.0622,1.140000915527,-0.000338875934,0.001411779661,-0.000127882328,0.000527118644,1.093726026613,0.107201562626,693866800.0000001,116.808000183105,0.356778548965,1.986427307129,91.218484745842,80.595944207677,0.757799694824
2021-07-07,118.94,0.757799694824,0.002188201792,0.001772002015,0.000317950396,-0.001175680215,1.107589729775,0.117796708319,698907200.0,117.432000732422,0.318490095522,1.987141200474,97.323339411183,90.100286504749,0.930002746582
2021-07-08,119.18,0.930002746582,-0.008425812239,0.001939256268,0.00044916961,0.002692242975,1.125930988534,0.12411898193,702975900.0,117.964001464844,0.326268278822,1.981427328927,98.926823303992,95.822882487006,0.08000213623
2021-07-09,119.95,0.08000213623,0.003270160847,0.001930631007,0.000221507996,0.002507312996,1.037613433185,0.127691789619,699067000.0,118.630001831055,0.142217837907,1.956427982875,92.975597837728,96.408586850968,-0.21000213623
2021-07-12,119.41,-0.21000213623,-0.007766830815,0.001821058833,-0.000549024259,0.00505007996,0.954270040619,0.132291173177,703420600.0,119.146000671387,0.049173883022,1.91142817906,95.242623574853,95.715014905524,-0.600002441406
2021-07-13,118.5,-0.600002441406,-0.002020014045,0.00164965843,-9.3788671e-05,-0.000590368559,0.786255728025,0.131894244419,699515400.0,119.3,0.005260500066,1.829999651228,85.318268791945,91.178830068175,0.150001525879
2021-07-14,117.96,0.150001525879,-0.004466909165,0.001563410091,-0.000412749202,-0.00135455469,0.621326748953,0.130651950299,695638300.0,119.266000366211,0.039629551254,1.810714176723,83.506261002122,88.022384456307,-0.790001831055
2021-07-15,116.39,-0.790001831055,-0.004011276163,0.001652527849,-0.000625607168,-0.00265638389,0.381321533779,0.125777088976,690977999.9999999,118.725999450684,-0.323717212929,1.891428266253,65.232143698358,78.018891164141,0.270003662109
2021-07-16,116.665,0.270003662109,0.003257305344,0.001409203661,9.7442315e-05,-0.002095629116,0.16787604804,0.118228812089,685216800.0,118.205999755859,-0.018653427407,1.766428266253,58.992028014895,69.243477571791,0.84500213623
2021-07-19,117.87,0.84500213623,-0.004510243976,0.002832108053,0.000507434758,0.007608138143,0.068675802611,0.114089097484,689194400.0,117.760000610352,0.176162465059,1.73999949864,63.600056957666,62.60807622364,0.920000915527
2021-07-20,119.08,0.920000915527,-0.002104554239,0.001758899949,0.000190622491,0.004555424329,0.073567590166,0.106120018753,695934100.0,117.756001281738,0.387184451578,1.651428222656,70.941932470964,64.511339147842,-0.349996643066
2021-07-21,118.54,-0.349996643066,0.004126992756,0.001753061567,0.000978897239,-0.005703740983,0.057762700584,0.099436856899,691255700.0,117.772001647949,0.058001956089,1.545714242118,69.739576072831,68.093855167154,0.440003356934
2021-07-22,116.99,0.440003356934,-0.008236706415,0.004208050847,-0.000252675689,-0.008559322034,0.049465720261,0.088913644399,695541000.0,118.134002685547,-0.049595071066,1.552856990269,73.529496604214,71.40366838267,1.26
2021-07-23,119.99,1.26,0.011670167048,0.002946585305,0.000186150155,0.003009278609,-0.016344773726,0.073246766454,688583000.0,118.452001953125,0.055472474845,1.646428789411,54.566230315275,65.94510099744,0.810003051758
2021-07-26,119.5,0.810003051758,-0.004635804419,0.00189828676,-0.000833806279,-0.006154357951,0.094605870339,0.060928983344,693319100.0,119.11000213623,0.32724790606,1.735714503697,94.274894167796,74.123540362428,0.019996643066
2021-07-27,120.17,0.019996643066,0.000669359382,0.001637123746,0.00011028927,0.004765886288,0.065892873125,0.045408961938,688364300.0,119.256001281738,-0.16178937621,1.815000806536,69.847280994566,72.896135159212,-0.360002441406
2021-07-28,119.685,-0.360002441406,0.0,0.001748601953,-1.2683133e-05,-0.001043318588,0.051190610471,0.041776807245,693995100.0,119.47200012207,0.07121916178,1.849286760603,73.556702555148,79.226292572503,0.834996643066
2021-07-29,121.22,0.834996643066,0.004646574872,0.001936736042,-0.000674820667,0.001156260324,0.072727349904,0.043103877855,697791200.0,119.779998779297,0.205749822406,1.840715135847,86.778280231106,76.727421260274,-0.130003662109
2021-07-30,121.05,-0.130003662109,-0.000743218603,0.001252066116,0.000356855925,0.00041322314,0.106748807985,0.041035815729,701716700.0,120.347998046875,0.009145811619,1.839286804199,94.404239391668,84.913074059307,-0.069996643066
2021-08-02,121.18,-0.069996643066,0.004298203245,0.002053004115,-0.000606810959,-0.002633744856,0.103173138687,0.041330995062,697027900.0,120.38399810791,-0.005586749433,1.819286891392,92.086420752964,91.089646791913,-0.260001831055
2021-08-03,121.56,-0.260001831055,0.003804160531,0.00147470753,-0.000659099687,0.00148294612,0.079174712532,0.042534627448,693381800.0,120.663998413086,-0.174634806729,1.851429530552,85.472958155332,90.654539433321,0.560002746582
2021-08-04,121.765,0.560002746582,-0.00605965834,0.002104712473,-0.000563333772,0.003171856978,0.123864159633,0.047433420116,697078000.0000001,121.125999450684,0.25606091568,1.840001242501,93.572494033035,90.377290980443,-0.195000305176
2021-08-05,121.77,-0.195000305176,0.006498321276,0.001781627983,0.000624517232,-0.004821837202,0.097299430276,0.050010861245,693564600.0,121.336000061035,0.064672677766,1.892858232771,84.094231424537,87.713227870968,0.439999084473
2021-08-06,121.765,0.439999084473,-0.001718346175,0.001409016393,-0.000221049143,-0.001926229508,0.103187941212,0.053852348206,696822700.0,121.560000610352,-0.042760433641,1.903572627476,93.519847083743,90.395524180438,0.404998168945
2021-08-09,122.26,0.404998168945,0.001800779438,0.001339978756,-0.000137393193,-0.001062178283,0.085477611904,0.057023230864,693272399.9999999,121.797999572754,0.089909568774,1.802858080183,92.930732059767,90.181603522682,0.900003662109
2021-08-10,123.28,0.900003662109,0.001542666502,0.001661937576,-0.000345062591,-0.00056749088,0.119442173396,0.061696400436,697543600.0000001,122.246000671387,0.318002530195,1.755001068115,98.648669533947,95.033082892486,-0.580003051758
2021-08-11,122.82,-0.580003051758,0.001140989349,0.001770595897,-0.000344409919,-0.000162813416,0.091206452461,0.063826222359,693186700.0,122.361999511719,-0.216653935054,1.712144034249,88.831156466416,93.470186020044,-1.360000915527
2021-08-12,121.66,-1.360000915527,-0.002305275658,0.001701518402,-0.000492047758,0.003961049678,-0.02452012827,0.059776022314,689503600.0000001,122.339999389648,-0.328145189844,1.635715484619,59.459491293516,82.313105764627,1.149997558594
2021-08-13,122.68,1.149997558594,-0.000732809541,0.001405557366,0.000142170519,-0.000325945241,-0.023674304437,0.054540834997,692527200.0,122.459999084473,0.371382103708,1.592858450753,85.521236357731,77.937294705888,0.379997558594
2021-08-16,123.67,0.379997558594,0.005119493705,0.001713962325,0.000175077141,-0.000161694559,-0.019952869583,0.05103177479,696003800.0,122.637998962402,0.194623822789,1.483572823661,88.317753656806,77.766160436018,0.990003662109
2021-08-17,125.21,0.990003662109,-0.000160470655,0.001877406932,0.000159501517,0.004573170732,0.071575571077,0.054700133313,700605700.0,122.937998962402,0.35951123205,1.478572300502,99.262116224419,91.033702079652,0.480002441406
2021-08-18,125.44,0.480002441406,0.000954691024,0.001721484779,0.000549927573,-0.002940942691,0.176801998773,0.05981023567,705215400.0,123.536000061035,0.26919134352,1.494286128453,88.871045926949,92.150305269391,-1.509999694824
2021-08-19,124.17,-1.509999694824,-0.001694497571,0.001505011316,-0.000122558868,0.003637245393,0.106643608155,0.05829604888,701630200.0,124.030000305176,-0.414465897817,1.582857404436,60.483900729312,82.87235429356,1.550001220703
2021-08-20,125.72,1.550001220703,0.001511314346,0.002128504487,-0.000126916757,-0.001509014375,0.156545068907,0.057584952466,705913999.9999999,124.612001037598,0.367047813748,1.710714612688,89.210977961129,79.521974872463,0.599999694824
2021-08-23,126.7541,0.599999694824,0.002770728903,0.0013025973,-0.00019037968,0.000663929897,0.202781827896,0.063482618236,711399800.0,125.264001464844,0.117576208089,1.729286193848,89.26823578458,79.654371491674,-0.914103662109
2021-08-24,124.965,-0.914103662109,-0.001907166805,0.002037898089,6.44542e-05,-0.005055732484,0.174912440927,0.063324861585,707493100.0,125.5,-0.2688349636,1.720714569092,77.434212686549,85.30447547742,0.535
2021-08-25,125.06,0.535,0.002709134166,0.001463127781,-0.000774395848,-0.006198347107,0.110591976702,0.061534886868,703547400.0,125.461999511719,-0.042464961648,1.680000850133,72.179247096278,79.627231855802,-0.32000213623
2021-08-26,124.95,-0.32000213623,-0.000400797044,0.00099133852,0.00020180142,0.002085171225,-0.000259381879,0.059115521334,699168399.9999999,125.623999023438,-0.309115988363,1.695001329694,59.365016690466,69.659492157764,0.520001220703
2021-08-27,125.14,0.520001220703,0.001673699549,0.001197485678,-0.00049313212,-0.004296626353,-0.039375131364,0.05834363271,703160300.0,125.573999023438,0.247196796393,1.74000113351,70.952365947607,67.498876578117,-0.550003662109
2021-08-30,124.865,-0.550003662109,-0.00048156,0.001480446479,4.9319695e-05,0.002690114832,-0.134135099294,0.055261284166,699065999.9999999,125.227998352051,-0.270196569915,1.792143685477,56.98404124295,62.433807960341,1.075002441406
2021-08-31,126.0976,1.075002441406,0.003652525612,0.001486313291,-0.000124673584,-0.002392405063,-0.116184498776,0.052974761581,702217800.0,125.247999572754,0.392511888125,1.81857245309,78.41269916915,68.783035453236,0.272402746582
2021-09-01,126.05,0.272402746582,-0.005143637823,0.001759306395,0.00115644888,0.002624880687,-0.086977910437,0.053563129927,708408100.0,125.42200012207,-0.00639442502,1.765000479562,85.23809753126,73.54494598112,1.350001525879
2021-09-02,128.28,1.350001525879,0.00078491737,0.001321333333,0.000142677042,0.006117647059,-0.013758603453,0.054283232185,711892300.0,125.954000854492,0.427849369554,1.747143336705,98.82817329303,87.492989997813,0.210005493164
2021-09-03,128.78,0.210005493164,0.00396913756,0.001713333333,-0.000459976242,-0.001705426357,0.087069495401,0.058406263274,715295000.0,126.558001708984,0.333690249578,1.791429247175,93.478254843345,92.514841889212,0.160002441406
2021-09-07,127.77,0.160002441406,-0.006359603759,0.001713862004,4.390721e-06,-0.002731813924,0.158874472802,0.06179501105,717758300.0,127.428002929688,-0.019151807751,1.763572147914,92.09635596015,94.800928032175,0.619999389648
2021-09-08,128.355,0.619999389648,0.001324076406,0.001450684505,-4.9017892e-05,-0.001594586185,0.144544413502,0.063917483907,714992800.0,127.918002319336,0.099359247404,1.755001068115,82.646118820991,89.406909874829,0.704997558594
2021-09-09,128.905,0.704997558594,0.000697321708,0.00153488192,-0.000172066118,-0.00189701897,0.154505969102,0.065434487123,718113999.9999999,128.456001281738,0.170361972382,1.705001286098,92.255782395254,88.999419058798,-0.924996643066
2021-09-10,128.5,-0.924996643066,0.000156248184,0.00185453125,-0.000302601012,0.00390625,0.067138261961,0.058791144866,713567100.0,128.572001647949,-0.314316918712,1.634286608015,71.214968984287,82.038956733511,0.300003051758
2021-09-13,128.67,0.300003051758,0.006754620315,0.001737256112,-0.000975855666,-0.007711884013,0.044446568153,0.056512942154,717694500.0,128.634001159668,0.283368437729,1.605715070452,86.542048595133,83.337599991558,-2.049997253418
2021-09-14,127.74,-2.049997253418,0.005765248079,0.002054102866,0.000435096068,0.003062426384,-0.128072211566,0.050871256238,711883500.0,128.170001220703,-0.292550768629,1.847143445696,44.303890018312,67.353635865911,-0.689996948242
2021-09-15,126.3,-0.689996948242,-0.00133810149,0.001402427491,-0.000316811713,-0.004571248424,-0.218599942603,0.04899468061,716080900.0,127.902001953125,-0.112148441596,1.868571145194,52.079665787158,60.975201466868,1.18999786377
2021-09-16,127.61,1.18999786377,0.002980664281,0.001654258231,-0.000554515632,-0.002033315086,-0.251855599941,0.048772546284,720884100.0,127.58800201416,0.167978533013,1.879998888288,59.074044759528,51.819200188333,-0.169997558594
2021-09-17,127.011,-0.169997558594,-0.005178936358,0.00213361729,2.4573279e-05,0.001822053952,-0.278166916713,0.044222992844,717567000.0,127.480001831055,-0.122190651781,1.883570534842,58.148202558363,56.433971035016,-0.220999084473
2021-09-20,126.28,-0.220999084473,-0.009385617421,0.00215366242,0.001799375427,0.005414012739,-0.336403361782,0.043336884393,707521800.0,127.078001403809,0.009016473356,1.839285169329,45.505654891153,54.242634069681,-1.409997253418
2021-09-21,125.975,-1.409997253418,0.0056058055,0.001775901887,0.000132655023,0.003225292665,-0.491878495602,0.045628109582,702259599.9999999,126.728001403809,-0.121193998546,1.921428135463,17.99669435741,40.550183935642,-0.845002746582
2021-09-22,124.75,-0.845002746582,0.002956946813,0.001889960159,-0.000607310309,-0.005976095618,-0.559907561981,0.046755389883,707178200.0,126.344000244141,-0.124240063868,1.964999607631,22.410863011633,28.637737420065,-0.099998474121
2021-09-23,125.15,-0.099998474121,0.006177269424,0.001194307128,-3.3167098e-05,-0.002152766704,-0.615509236744,0.048414087615,700624800.0,125.776000976562,-0.266178323371,1.933570861816,14.261528933582,18.223028767542,0.150003051758
2021-09-24,125.33,0.150003051758,-0.00391065827,0.001165771973,0.000199513188,0.004166332826,-0.586890276642,0.047297985675,704786300.0,125.348001098633,-0.050693854566,1.9149987357,25.2972096318,20.656533859005,-0.959997253418
2021-09-27,121.97,-0.959997253418,-0.008362152389,0.002200113517,-0.000253022788,-0.011027325063,-0.606478091441,0.049568029668,701740600.0,124.864001464844,-0.176950484992,1.912142072405,9.507729132832,16.355489232738,-1.389998168945
2021-09-28,118.3,-1.389998168945,-0.008127412026,0.003248996656,-0.001710770699,-0.010869565217,-0.836390424429,0.064746891537,695259400.0,124.006001281738,-0.438172003267,2.057142530169,1.405458192416,12.070132319016,0.43999786377
2021-09-29,119.04,0.43999786377,0.001515919727,0.002234641567,-0.000100031995,0.000420203378,-1.059727153698,0.085489950067,689404200.0,122.728001403809,-0.232686030345,2.134999411447,6.564338648419,5.825841991222,0.419999084473
2021-09-30,119.99,0.419999084473,0.003348413937,0.002022359419,-0.000179299457,0.001084598698,-1.101445858549,0.098241931633,693915500.0,121.690000915527,0.214701832439,2.099285670689,12.702458707162,6.890751849332,-1.860002746582
2021-10-01,115.8,-1.860002746582,0.000592564941,0.003398630369,-0.00030085937,-0.020967196483,-1.155458928446,0.112171512019,689129300.0,120.255999755859,-0.325698723021,2.178571428571,1.363990545415,6.876929300332,1.409999084473
2021-10-04,117.35,1.409999084473,-0.00511900417,0.002260162602,-2.1780523e-05,0.004278990158,-1.185547413302,0.124409247409,680956100.0,118.823999023438,-0.134442965602,2.067143031529,16.13151028708,10.065986513219,-1.820001220703
2021-10-05,115.68,-1.820001220703,0.005020356939,0.001902420119,-0.000407095616,-0.003703384721,-1.244862602118,0.137783253442,675052600.0,117.813998413086,-0.187533846182,2.162857600621,5.03001927932,7.508506703938,0.199997253418
2021-10-06,115.52,0.199997253418,-0.001121826514,0.002387645788,-0.000380819257,-0.001987041037,-1.187000049222,0.146857356756,679291000.0,117.241998291016,-0.074860181681,2.128572191511,7.780294397418,9.647274654606,0.96999786377
2021-10-07,117.66,0.96999786377,0.009099538222,0.002449170566,-0.00195555976,0.000935772012,-1.039427866428,0.149797592096,684789900.0,116.647998046875,0.179820660545,2.164286477225,15.596985818982,9.469099831906,0.250003662109
2021-10-08,118.65,0.250003662109,0.001526525911,0.001910915404,0.000747140187,0.004742145821,-0.789301698113,0.14938981315,689295700.0,116.603999328613,0.148200209901,2.227143423898,28.352204480319,17.243161565573,-0.260000610352
2021-10-11,118.01,-0.260000610352,-0.00202718021,0.002162420652,-0.000107360729,-0.001184934405,-0.546198973984,0.144281931767,696488900.0,116.839999389648,0.105715855119,2.122143336705,32.229392153909,25.392860817737,-1.130002746582
2021-10-12,117.52,-1.130002746582,0.008726936143,0.001977608142,0.000460090756,-0.003223070399,-0.445994371833,0.144506859602,692615700.0,117.109999084473,-0.294887385279,2.135001046317,21.565180237595,27.382258957274,-0.200000305176
2021-10-13,118.09,-0.200000305176,0.001534267863,0.002527659574,0.000902532859,0.005021276596,-0.315147186999,0.14111898637,697214900.0,117.397999572754,-0.144535065947,2.159286499023,25.391288423403,26.395286938302,-1.09
2021-10-14,117.41,-1.09,-0.002905951606,0.002468798217,0.001166395944,0.006428938797,-0.219736327273,0.134773265062,693279800.0,117.5,-0.132015156395,2.19785799299,23.465686319647,23.474051660215,0.159999694824
2021-10-15,118.17,0.159999694824,0.004337859467,0.001290057588,-0.000181612099,0.000762195122,-0.094239359149,0.12489511856,698257200.0000001,117.431999206543,0.441920607998,2.18571472168,34.83515055098,27.89737509801,-0.68000213623
2021-10-18,116.96,-0.68000213623,-0.00170224659,0.001701764856,0.001013534763,-0.002813539091,0.002269452113,0.114092160209,692244800.0,117.251998901367,-0.240727211206,1.991428920201,49.282264621542,35.861033830723,-0.140000305176
2021-10-19,117.62,-0.140000305176,0.002054424451,0.001815308389,0.000564278441,0.004783871519,0.037892536402,0.107578961637,686969000.0,117.239999389648,-0.192387081528,1.889999934605,38.596482682897,40.904632618473,1.719996337891
2021-10-20,124.19,1.719996337891,0.035109791939,0.005828543674,0.000187731508,0.005342831701,0.236977857373,0.096550796225,692849000.0,117.643998718262,0.378456005322,2.035714285714,78.78783821498,55.555528506473,-0.880002441406
2021-10-21,123.9,-0.880002441406,0.001621965628,0.003789166869,-0.000431927966,0.003157639058,0.620077544205,0.092139961506,701250900.0,118.90599822998,-0.031562731878,2.242143358503,85.673026197995,67.685782365291,1.150003051758
2021-10-22,125.355,1.150003051758,0.003678521178,0.002386662417,0.000249122714,-0.001234961358,0.954704752175,0.091089911079,706234900.0,120.401998901367,0.316808823432,2.18357195173,95.089325239499,86.516729884158,1.365001220703
2021-10-25,125.775,1.365001220703,-0.001815051726,0.00212325085,0.001151624853,-0.005652620761,1.234764969146,0.100954368235,711977200.0000001,122.247999572754,0.316406962032,2.130000523158,99.035408615589,93.265920017694,0.805001831055
2021-10-26,127.64,0.805001831055,0.003318045211,0.002221496063,0.000975935853,0.005039370079,1.34761833911,0.115956145859,707550300.0,124.2,0.036763507046,2.132143293108,97.831351725087,97.318695193392,0.490004882812
2021-10-27,128.395,0.490004882812,0.006789940561,0.001924496124,-0.000325420762,-0.004689922481,1.454534249435,0.133740966204,711544300.0,125.958001708984,0.29168667145,2.134286063058,94.791713782418,97.219491374365,-0.685000915527
2021-10-28,127.955,-0.685000915527,0.002505674553,0.002334609076,8.7952716e-05,-0.000585800203,1.423087426108,0.14645748011,707415700.0,126.83800201416,-0.309787941306,2.120713915144,87.099267221526,93.240777576344,-0.245000915527
2021-10-29,127.685,-0.245000915527,-0.003523584304,0.002899575672,0.000330030175,0.003339619676,1.330126301036,0.155854017892,707415700.0,127.370001220703,-0.076771643937,2.148571014404,87.099267221526,89.663416075157,1.204999389648
2021-11-01,128.93,1.204999389648,-0.001939638461,0.001978466203,0.000353766617,0.00229331053,1.275755615032,0.164782050812,712107900.0,127.804000854492,0.382310632212,2.154998779297,96.106909433434,90.101814625496,0.010002441406
2021-11-02,129.22,0.010002441406,0.003024657843,0.001787829583,0.001317194722,-0.000850537385,1.173401379878,0.167844475855,715602600.0,128.276000976562,0.125776895742,2.107856750488,95.540464630552,92.915547095171,-1.510000915527
2021-11-03,128.5,-1.510000915527,-0.002583993684,0.002146333804,0.000197821227,0.008792589103,0.961976126079,0.166204197445,707533000.0,128.191999816895,-0.352838239694,2.139999389648,86.243384101038,92.630252721675,0.199996948242
2021-11-04,129.17,0.199996948242,0.001942501989,0.001934858472,-0.000762490086,0.001706087631,0.832753285416,0.165344675009,712643599.9999999,128.389999389648,0.379756843086,2.192142486572,93.726363567418,91.836737433003,-0.080003662109
2021-11-05,126.119,-0.080003662109,-0.015570490076,0.004263849544,0.001585594359,-0.007562165565,0.721638885521,0.165762622154,717319500.0,128.665998840332,0.058881051341,2.199285234724,96.674205710762,92.214651126406,-1.748997253418
2021-11-08,124.33,-1.748997253418,-0.002975015988,0.001911935484,0.00046939098,0.002661290323,0.299946730769,0.160853453568,709329700.0,127.761999511719,-0.386076265727,2.482856750488,58.620725515774,83.007098264651,2.470003051758
2021-11-09,127.02,2.470003051758,-0.000788691649,0.001691791634,0.000460942964,0.002525651144,0.16130852324,0.152692104723,714259700.0,127.333999633789,0.422842304114,2.487142835345,62.806579152168,72.700503459568,-0.589999694824
2021-11-10,126.93,-0.589999694824,-0.001898266734,0.002325857833,-0.000807800409,0.005864173072,0.028293381893,0.143405661375,709129400.0,127.07799987793,-0.103055210185,2.186428070068,51.863395971589,57.763566879844,0.889999694824
2021-11-11,128.688,0.889999694824,0.00117353721,0.001746503087,9.7236857e-05,0.005610690005,0.018030281306,0.131882857572,714488300.0,126.902000427246,0.403689067327,2.154284885951,70.10491747826,61.591630867339,-1.438
2021-11-12,127.425,-1.438,0.005422416042,0.002165858996,-0.000560987843,-0.004025324371,-0.039879866857,0.11862670409,709433500.0,126.534001159668,-0.202543218894,2.137142726353,60.139889976842,60.702734475564,1.024996948242
2021-11-15,128.53,1.024996948242,0.002491298807,0.001634697523,0.000104033229,-0.001863788149,-0.011570570696,0.102098032142,715895700.0,127.35,0.154131121237,2.157143184117,81.118853122673,70.454553525925,0.910002441406
2021-11-16,130.61,0.910002441406,0.001545093823,0.002195232953,-3.514267e-06,0.007482258562,0.055920590321,0.075720984465,720461500.0,127.87799987793,0.18017355187,2.138572147914,88.106501090624,76.455081396713,0.279999389648
2021-11-17,130.085,0.279999389648,-0.002139191539,0.00205497282,0.000430727015,-0.004019600337,0.17366031267,0.056338220794,724602800.0000001,128.769999694824,0.326363687242,2.147858755929,90.885674762977,86.703676325424,-1.465004882813
2021-11-18,128.95,-1.465004882813,0.00536465921,0.002255278014,0.000540027805,-0.002784007424,0.078925154699,0.047406765902,719842900.0,128.929998779297,-0.452251796087,2.180001940046,61.745728906958,80.245968253519,-1.310000610352
2021-11-19,128.1,-1.310000610352,0.006032625166,0.002779378553,-0.000329243632,-0.002414142201,-0.061873523162,0.042975556889,715376800.0,129.007998657227,-0.418343987648,2.164287567139,49.165566487853,67.265656719263,-1.260003662109
2021-11-22,125.46,-1.260003662109,-0.000473017663,0.002247988642,-0.000474571423,-0.010411736867,-0.212535289191,0.042812607502,708509100.0,128.685998535156,-0.371068992497,2.223572867257,38.895962198695,49.935752531169,-0.19999786377
2021-11-23,123.69,-0.19999786377,-0.005987545802,0.002405429283,4.9311187e-05,-0.0065858164,-0.410773911141,0.045823079583,704303700.0,127.849998474121,-0.350026900665,2.217858450753,18.613645531824,35.558391406124,0.790003356934
2021-11-24,124.805,0.790003356934,-0.00329373113,0.002512231492,-0.000553957614,0.005964615323,-0.576450712776,0.051462094078,699430000.0000001,126.567999267578,-0.002273782942,2.237143925258,15.035816251902,24.18180799414,0.264999694824
2021-11-26,128.46,0.264999694824,0.021907714643,0.004523667945,-0.000298999783,0.005085674047,-0.624289608955,0.054597190109,703159500.0,125.858000183105,0.395742501761,2.235715048654,22.076341240501,18.575267674742,-2.580002746582
2021-11-29,125.7,-2.580002746582,0.003733724428,0.002353779185,-0.000339025834,-0.005144440047,-0.580299348664,0.055803789742,707830900.0,125.505999755859,-0.206778604467,2.201429639544,31.742177595303,22.951445029235,2.329998779297
2021-11-30,127.16,2.329998779297,0.001327799505,0.002989313573,0.001806584379,-0.008112324493,-0.394219851963,0.054974314914,713479100.0,125.744000244141,0.24861789952,2.212857927595,57.398505433871,37.072341423225,-1.390003356934
2021-12-01,125.84,-1.390003356934,0.005645278944,0.001715607211,-0.001082044694,-0.005060088552,-0.409373793663,0.054896544059,706209200.0000001,125.845999145508,-0.338458768015,2.370000566755,30.429521912202,39.856734980458,0.89999786377
2021-12-02,129.455,0.89999786377,-0.003550551963,0.0055645736,-0.000295166028,0.025061366696,-0.342798247302,0.054897014811,711025900.0,126.297998046875,0.051945195767,2.462857382638,42.00470873073,43.277578692267,-1.074995117188
2021-12-03,129.28,-1.074995117188,0.003894687498,0.001926673133,-0.000952858213,0.003142580019,-0.184946729998,0.054486668431,716116700.0,126.959999084473,0.307404562886,2.594285692487,61.575186812562,44.669805818498,0.990004272461
2021-12-06,131.71,0.990004272461,0.003761343504,0.002791373509,0.000644124294,0.007265218721,0.038215420282,0.057197410058,721371200.0,127.838000488281,0.295333983846,2.644286019461,84.128865668995,62.569587070762,0.760001220703
2021-12-07,132.84,0.760001220703,0.011549775536,0.002555970149,-0.001030561358,-0.008656716418,0.310310700664,0.063913953178,727972800.0,128.726000976562,0.330303942317,2.720714024135,91.948332444462,79.217461642006,-0.420001831055
2021-12-08,132.31,-0.420001831055,0.002869694065,0.002286445783,-0.000198343239,-0.003689759036,0.454515630342,0.071647268822,722829199.9999999,130.056001281738,-0.337882848011,2.729285103934,84.714515933137,86.930571348864,0.059995117187
2021-12-09,131.99,0.059995117187,0.000982132565,0.001626641509,-0.000130530728,-0.003849056604,0.509965972086,0.076991005348,717439800.0,131.182000732422,-0.083475213152,2.72785622733,84.254082701618,86.972310359739,0.539998779297
2021-12-10,133.31,0.539998779297,0.006715456107,0.002188660704,-0.001270882989,-0.000824464098,0.519119681291,0.082442749101,720103100.0,132.011999511719,0.015351621491,2.704285757882,85.72741284068,84.898670491812,1.059995117187
2021-12-13,134.56,1.059995117187,0.000967514233,0.001535315985,-0.000298120075,0.000446096654,0.604805734612,0.091344707873,724474900.0,132.831997680664,0.297474594057,2.697143009731,98.847474309664,89.609656617321,1.400006713867
2021-12-14,134.23,1.400006713867,-0.000220756374,0.002554476569,-0.000643272145,-0.012506437137,0.71663705726,0.103621026636,729569700.0,133.529998779297,0.301195222756,2.730715070452,92.45287823523,92.342588461858,-1.289997558594
2021-12-15,133.96,-1.289997558594,0.004513245327,0.002246103118,-0.000208078522,0.003896882494,0.543159541733,0.106717577454,721376399.9999999,133.633999633789,-0.358704398556,2.870715005057,68.769249543989,86.689867362961,1.599997558594
2021-12-16,135.34,1.599997558594,-0.000885180875,0.002127040402,0.000927621913,-0.000369303494,0.558643566325,0.114497683715,727798700.0,134.27200012207,0.374838041383,2.977143968855,87.878764518479,83.033630765899,0.749996337891
2021-12-17,137.32,0.749996337891,0.010654691654,0.003530318453,0.000361308767,-0.001599534681,0.557101379954,0.122321896722,734782799.9999999,134.983999633789,0.169075264694,2.786429268973,92.340034735522,82.996016265997,-0.209999389648
2021-12-20,137.11,-0.209999389648,-0.006637033463,0.003175477239,-0.001132666454,0.006681350954,0.574969597459,0.13000998443,746928800.0,135.532000732422,-0.081655229901,2.757858276367,84.734958091656,88.317919115219,-2.130004272461
2021-12-21,135.215,-2.130004272461,0.007704908711,0.002812821644,-0.000523735468,-0.005918247317,0.401730501272,0.130466268849,740427599.9999999,135.335998535156,-0.156618524572,2.767858232771,69.681921674901,82.252304834026,0.055004272461
2021-12-22,137.945,0.055004272461,0.004509503889,0.002771121578,0.000235540623,0.015197232853,0.271314501205,0.126851206318,747581400.0,135.801998901367,-0.085234330283,2.797858646938,69.183366978444,74.533415581667,1.045005493164
2021-12-23,139.4783,1.045005493164,0.004748459438,0.002208378088,0.000467179682,-0.001229502327,0.392851549241,0.126363829017,754350300.0,136.488000488281,0.493042185494,2.811429704939,97.508908866261,78.791399173202,-0.318296337891
2021-12-27,139.93,-0.318296337891,0.004742768358,0.001866685739,-0.000852970099,0.00078672579,0.438488424343,0.124091164261,757842100.0,137.102001953125,-0.156823622389,2.7457144601,88.877415702563,85.189897182423,1.530006713867
2021-12-28,141.18,1.530006713867,0.000848261781,0.001363186891,-4.8885555e-05,-0.002825257805,0.5690927128,0.12640694157,761643800.0,137.972003173828,0.269878514531,2.77642931257,90.069701223224,92.152008597349,-0.709998779297
2021-12-29,140.3,-0.709998779297,0.0,0.001957713391,-0.000200316245,-0.001210222823,0.534848700558,0.127637157442,758347800.0,139.070004272461,-0.345641625513,2.726429530552,81.445968247211,86.797695057666,0.890002441406
2021-12-30,141.66,0.890002441406,0.001558192626,0.001050632911,-0.000334894162,0.001767908917,0.506985700001,0.12073937929,761196700.0,140.25400390625,0.162757877161,2.726429530552,87.320122775886,86.27859741544,-0.66
2021-12-31,141.185,-0.66,0.0,0.001284539007,0.000185840388,0.001312056738,0.425352987733,0.112106368767,758387599.9999999,140.656002807617,-0.172611670191,2.692858014788,84.905611480412,84.557234167836,-0.444994506836
2022-01-03,138.17,-0.444994506836,-0.009308034434,0.002374022807,-0.000527932763,-0.009036792656,0.308861587926,0.104337424857,755115800.0,140.972003173828,-0.120076254576,2.627143859863,82.452834526584,84.892856260961,0.869993286133
2022-01-04,138.37,0.869993286133,0.003308448907,0.002170394265,-0.000235840875,-0.008100358423,0.084025586248,0.096792790698,748427700.0,140.488000488281,-0.065005771084,2.691429138184,66.414992753011,77.924479586669,-2.599995727539
2022-01-05,135.66,-2.599995727539,-0.004566622645,0.002201035886,-0.001056600239,0.003773584906,-0.297316201524,0.092490973725,740186500.0,139.548001098633,-0.363381809977,2.755000523158,29.587698596918,59.485175292171,-0.499996337891
2022-01-06,135.2,-0.499996337891,-0.001183809247,0.002130222222,0.00025803994,0.001481481481,-0.586330327899,0.088109031635,734238300.0,138.342001342773,0.009804156841,2.697142464774,19.130515545279,38.377735631736,-0.060000610352
2022-01-07,135.095,-0.060000610352,-0.001923890099,0.001633155397,0.00050770054,0.00159400949,-0.763336113352,0.083207602728,728528100.0,137.170001220703,0.038663460325,2.72000013079,18.913078089669,22.543764077289,0.464997558594
2022-01-10,135.05,0.464997558594,-0.005680173254,0.001733882335,0.000272721524,0.001928926478,-0.831038579622,0.077769582855,732895600.0000001,136.133999633789,0.19552721694,2.621427263532,23.478269520379,20.507287718443,0.209994506836
2022-01-11,134.81,0.209994506836,-0.000221786046,0.002980034016,-0.000192693372,-0.003105819715,-0.870737458657,0.07645331298,726920000.0,135.37799987793,0.15457500134,2.482141767229,20.217371110963,20.869572907004,0.889996948242
2022-01-12,134.47,0.889996948242,-0.005969031517,0.002729483283,-0.000341959323,-0.003113648158,-0.841593142307,0.076688882993,732629400.0,135.363998413086,0.128872777896,2.349999564035,20.871465716082,21.522368782475,-0.749998779297
2022-01-13,131.89,-0.749998779297,-0.00994616975,0.002124556235,0.001217835858,-0.003776720296,-0.923347506604,0.074820149372,724213400.0,135.075997924805,-0.172689285498,2.308570861816,11.817294694772,17.635377173939,-2.240006103516
2022-01-14,129.2,-2.240006103516,0.006479071625,0.002246915472,-0.000313299645,-0.009885815005,-1.201600478306,0.089819072277,717038900.0,133.977996826172,-0.389828638014,2.507143293108,1.670470739408,11.453077050087,-1.039996337891
2022-01-18,126.88,-1.039996337891,-0.00593010389,0.002813971743,-0.00018888298,-0.004081632653,-1.42103913592,0.107285696247,707782000.0000001,132.497998046875,-0.312402915434,2.51642881121,7.728857147801,7.072207527327,-0.310000305176
2022-01-19,127.39,-0.310000305176,0.001422140362,0.001818461538,-0.000321734902,0.005049309665,-1.595254590995,0.126407334466,701931900.0,130.759999084473,-0.164968432571,2.590000152588,6.288511505792,5.229279797667,-1.339996948242
2022-01-20,126.79,-1.339996948242,0.001507297163,0.002838957541,-0.000697116025,0.004356780735,-1.660071081206,0.143190665788,697935500.0,128.830000305176,-0.193057438317,2.54857145037,3.082613824535,5.699994159376,-2.080000915527
2022-01-21,126.445,-2.080000915527,0.016839054523,0.003440186105,0.000569251064,-0.002878321899,-1.701467946082,0.161145347988,689282900.0,127.02799987793,-0.218587074868,2.70142854963,0.582741566286,3.317955632204,-0.614998168945
2022-01-24,123.0,-0.614998168945,-0.014463956674,0.003283767438,0.001103126115,-0.008144504475,-1.565145880375,0.170898585711,699415600.0000001,126.264001464844,-0.210869259857,2.796428135463,8.015776102327,3.893710497716,0.819999694824
2022-01-25,123.12,0.819999694824,-0.005976400142,0.003211488463,0.000456633045,0.000324991875,-1.520761575213,0.18264736787,688551100.0,125.396000671387,-0.009443814846,2.912142617362,16.552453612433,8.383657093682,0.149996643066
2022-01-26,119.93,0.149996643066,-0.033098031255,0.004194815001,-0.000303126631,0.006208574545,-1.439688921853,0.188237638511,679424500.0,124.736000061035,0.04364233413,2.779285975865,15.840957672453,13.469729129071,0.139999694824
2022-01-27,121.38,0.139999694824,0.00757894282,0.002835179368,-0.001222321863,0.003306331625,-1.505705762402,0.200144939573,664671400.0,123.539999389648,0.175338731174,2.944286346436,6.217311315166,12.870240866684,-0.939997558594
2022-01-28,120.01,-0.939997558594,0.002739905305,0.002993210234,-0.000558882543,-0.006292953548,-1.429193887908,0.204182765022,673850900.0,122.686000061035,-0.06447787129,3.022857666016,8.381857131711,10.146708706443,5.339998474121
2022-01-31,126.02,5.339998474121,0.001356188042,0.002832217973,0.001017714582,0.003983428936,-0.974369467721,0.194558911602,682137400.0,122.589999389648,0.41043847267,3.317144121443,37.418962975677,17.339377140851,1.439999084473
2022-02-01,127.53,1.439999084473,-0.000706075149,0.002245662244,3.7467098e-05,0.001256182775,-0.482737102136,0.179771048925,689347400.0,123.317999267578,0.353857922508,3.402144295829,49.852672218156,31.884497441848,-0.330003051758
2022-02-02,128.73,-0.330003051758,0.008254741171,0.003253021442,0.000592434979,0.003742690058,-0.143954193477,0.166456022593,683745400.0,124.103999328613,-0.054279168191,3.365715571812,49.101787103107,45.457807432313,1.309993286133
2022-02-03,129.905,1.309993286133,-0.010842728977,0.002576304128,0.000145350403,0.009912151131,0.279428838064,0.159104924499,691195900.0,126.097998046875,0.321835731494,3.392144884382,79.826405087993,59.593621469752,0.205000610352
2022-02-04,129.99,0.205000610352,-0.004227215811,0.002381985181,-0.000104543266,0.003318925594,0.556232047034,0.152274218214,696809200.0000001,128.031997680664,0.286416796522,3.277144840785,93.048562292526,73.992251494542,-0.279993286133
2022-02-07,128.92,-0.279993286133,0.001233431463,0.001956879957,-4.3242002e-05,-0.007315007315,0.695389236083,0.144403689382,692659500.0,128.903999328613,0.046466039567,3.159287588937,89.698530343925,87.524499241482,-0.869996948242
2022-02-08,127.55,-0.869996948242,-0.004060946974,0.002066023681,-6.3328016e-05,0.000156825845,0.658981904334,0.133492697755,688624300.0,129.02200012207,-0.392016190433,3.135001591274,75.795654945729,86.180915860727,1.099993896484
2022-02-09,130.01,1.099993896484,0.006762614981,0.001423641137,-3.87661e-06,0.003783199506,0.657168281298,0.121555134223,692515200.0,129.311999511719,0.321523575715,3.137144361223,80.82070286863,82.104962719428,0.480005493164
2022-02-10,129.12,0.480005493164,-0.014713756519,0.001477560862,0.00055352028,0.004277825309,0.75476980584,0.107573067249,695949400.0,129.402001953125,0.359265731014,3.054286956787,96.231182100567,84.282513304975,-1.35999786377
2022-02-11,128.14,-1.35999786377,0.000156517241,0.001719361402,-0.000150476807,0.002817342307,0.616198434682,0.095776696377,690031700.0,128.932002258301,-0.136511303732,3.121430533273,73.366837054558,83.472907341252,-2.65000213623
2022-02-14,124.95,-2.65000213623,-0.003904676644,0.00192888,-0.000690439331,-0.0004,0.364814234237,0.093612535931,685228500.0,128.088000488281,-0.28869281553,3.022858755929,54.355079867652,74.651033007592,-2.170001220703
2022-02-15,124.99,-2.170001220703,0.011483984982,0.002401942232,-0.001191705594,0.006466055223,0.026988186693,0.096376032159,677794600.0,127.033999633789,-0.294573055763,3.062858036586,31.658274757732,53.126730559981,-1.009996643066
2022-02-16,122.815,-1.009996643066,-0.004274934621,0.002384123127,-0.000528296255,-0.005143782908,-0.097842748614,0.097680602249,683092600.0,126.100001525879,-0.044132597185,2.946429661342,38.570185701281,41.527846775555,0.865000305176
2022-02-17,122.405,0.865000305176,-0.005578933051,0.001626148467,1.0424519e-05,-0.004756484267,-0.178132609271,0.099227127772,678014500.0,124.738000488281,0.055407517338,2.883572714669,35.922321594948,35.383594017987,-1.824998168945
2022-02-18,119.035,-1.824998168945,-0.004810099703,0.0024,-0.001289761259,-0.008041666667,-0.404579226379,0.106229050744,674326200.0,123.302000427246,-0.433411515748,2.690001351493,1.050626528329,25.181044608186,-2.244999084473
2022-02-22,117.79,-2.244999084473,-0.002140594212,0.003266603741,-0.001108151739,0.010725931011,-0.753875586995,0.124265878363,661950100.0,121.562001037598,-0.270000392039,2.897858755929,12.111825082413,16.361591068563,-0.27999786377
2022-02-23,118.13,-0.27999786377,0.004169839629,0.001860169492,-7.0959156e-05,0.001101694915,-0.872325059334,0.136224794873,670322900.0,120.508001708984,0.163898356847,3.027144295829,16.583880658225,9.915444089656,-0.88
2022-02-24,115.99,-0.88,-0.019189765458,0.004118434783,0.001765279874,0.008608695652,-0.900428176789,0.147042750366,665138700.0,119.162001037598,-0.19481375049,2.906429290771,14.968961169732,14.554888970123,2.730001220703
2022-02-25,119.78,2.730001220703,0.0,0.002341644205,1.7014816e-05,0.008928571429,-0.75797370686,0.149708026618,671391300.0,118.170001220703,0.433164261725,3.035714285714,26.222510732484,19.25845085348,2.630003662109
2022-02-28,120.495,2.630003662109,-0.011110208068,0.002421148286,0.000400483988,-0.00458488228,-0.372681877138,0.147270929799,677229000.0,118.536001586914,0.434573729664,3.215000152588,48.777547556008,29.989673152741,0.125002746582
2022-03-01,121.16,0.125002746582,-0.00257009767,0.002031751309,0.001653364626,0.007065081872,-0.204253523786,0.150308368065,670400600.0,119.302001953125,-0.104648348665,3.285714830671,37.836216972911,37.612091753801,-2.990001831055
2022-03-02,118.65,-2.990001831055,0.003808111912,0.001984656888,0.00179971863,0.000252908447,-0.222234645407,0.155575886346,663702900.0,119.434001159668,-0.267074287893,3.428572518485,22.860632445835,36.491465658251,1.710000610352
2022-03-03,120.83,1.710000610352,0.003655719834,0.002003311258,-0.000441499935,0.000248344371,-0.059490088718,0.156123230321,670122700.0,120.056001281738,0.323417704772,3.481430053711,38.282770320214,32.993206579653,0.140001220703
2022-03-04,120.05,0.140001220703,-0.008597180334,0.001800383557,-5.0176574e-05,0.001000583674,0.107302047573,0.149889267765,675345800.0,120.506001281738,0.060327378793,3.366429465158,45.134588538681,35.425997101576,1.360003662109
2022-03-07,119.536,1.360003662109,-0.007165824235,0.002148830264,-0.000348442994,-0.008329185333,0.256794159882,0.141173640383,681257200.0000001,120.306001281738,0.280416780514,3.293572562081,62.657125123301,48.691494660732,-0.675999389648
2022-03-08,117.91,-0.675999389648,-0.007992570616,0.0,0.0,0.0,0.196205877555,0.133869897809,674625200.0000001,119.954000854492,-0.216135121747,3.333572932652,40.309382765005,49.367032142329,-1.799999389648
2022-03-09,117.44,-1.799999389648,0.015416423272,0.002909245123,-0.000696755338,-0.003901611535,-0.006091119211,0.133756829746,667931200.0,119.542001342773,-0.257650270396,3.38142994472,17.355374504523,40.107294130943,0.949999389648
2022-03-10,116.55,0.949999389648,-0.010220450128,0.00273510838,-0.000810753557,-0.005376344086,0.034413004012,0.124553826327,672935900.0,119.148001098633,0.100424272343,3.420000893729,45.257132388801,34.307296552776,0.45
2022-03-11,117.45,0.45,0.003760704627,0.001734928474,-0.000465028433,8.5149864e-05,-0.00931227122,0.105085127578,668558300.0,118.354000854492,-0.034380560619,3.380714961461,30.235290523787,30.949265805704,-3.430003356934
2022-03-14,114.9,-3.430003356934,0.007717987272,0.002114882507,0.000426021278,0.0,-0.204987864532,0.099462479751,660545900.0,116.875999450684,-0.390761453306,3.269286019461,1.54695405993,25.679792324173,0.619996643066
2022-03-15,116.32,0.619996643066,0.017139918754,0.002535659574,0.000329888708,-0.010042553191,-0.199274778567,0.093786380308,666073400.0,116.207998657227,0.129253215884,3.26642881121,18.12153410433,16.634592896016,1.160003356934
2022-03-16,118.93,1.160003356934,0.006213787084,0.001743930294,-0.000243285622,0.006090855258,-0.037823918035,0.090558760675,671114600.0,116.481999206543,0.000313628036,3.296429225377,39.779059548699,19.815849237653,0.550003356934
2022-03-17,119.52,0.550003356934,-0.004017436755,0.001784201681,0.000376857162,0.004369747899,0.215415328008,0.081854340748,675556400.0000001,116.7,0.256921477663,3.160000937326,61.878499607899,39.92636442031,1.679996948242
2022-03-18,121.64,1.679996948242,0.004455453211,0.00281657631,0.000730177624,-0.000821422704,0.494550206155,0.074871187226,679555300.0,117.539999389648,0.448602126045,3.022857666016,89.377258997173,63.678272717924,0.809996948242
2022-03-21,123.05,0.809996948242,-0.004246603969,0.001555154597,3.0232527e-05,0.009185598294,0.744162180297,0.078918475154,687379100.0,119.225999450684,0.186517678276,2.932143075126,97.497142221118,82.91763360873,-1.28999786377
2022-03-22,121.88,-1.28999786377,0.001067651537,0.001378291903,-0.000282517798,-8.2041185e-05,0.836682665157,0.080295454394,683244000.0,120.474000549316,-0.0358476082,2.800713675363,85.466419074475,90.780273430922,0.009999389648
2022-03-23,119.42,0.009999389648,-0.006399202422,0.002587730163,-0.00149174224,-0.013954256461,0.87631418013,0.08208712602,687723599.9999999,121.355999755859,0.005209601483,2.685713086809,86.876367406282,89.946642900625,-2.500001831055
2022-03-24,117.11,-2.500001831055,0.003934306292,0.00175489862,-5.8411753e-05,-0.002300221503,0.553251078536,0.08259979275,682067599.9999999,120.843998718262,-0.446311898946,2.93142754691,32.971805994683,68.438197491813,0.709999694824
2022-03-25,118.79,0.709999694824,0.007044659932,0.001582553729,0.000393007328,0.001179941003,0.393142410233,0.083206969115,686573400.0,120.167999267578,0.178619328484,2.825713021415,42.733209537237,54.193794312734,0.159996948242
2022-03-28,119.6,0.159996948242,0.003614966929,0.001449070196,0.000385307267,0.00184285475,0.357345323666,0.079213034609,689469700.0,119.467999267578,0.102139372342,2.641427176339,54.989143416704,43.564719649542,0.38999786377
2022-03-29,121.03,0.38999786377,0.015334644554,0.00300829024,-5.7907908e-05,-0.006566527128,0.394783052334,0.078591589906,694820600.0,119.113998413086,0.241809628979,2.497141701835,66.268978316067,54.663777090003,-0.839997558594
2022-03-30,120.3,-0.839997558594,-0.002662448526,0.002541002753,-0.000152811225,0.003587219488,0.421654002465,0.078817881815,699946700.0,118.773999023438,-0.285619279537,2.47357068743,68.438225074581,63.232115602451,0.079997253418
2022-03-31,119.77,0.079997253418,-0.001412179538,0.001821395891,0.000176469309,-0.00366026121,0.438893446292,0.078837284974,704011500.0,119.465998840332,0.206060718277,2.374285016741,70.49890605979,68.402036483479,-1.409999389648
2022-04-01,118.68,-1.409999389648,0.004055388012,0.001738051161,-0.001355768093,-0.001346348031,0.307155509765,0.077551397734,698578900.0,119.573999023438,-0.376932754465,2.246427808489,44.366200330952,61.101110488441,-0.099998168945
2022-04-04,118.48,-0.099998168945,-0.005987511161,0.002596080428,0.000846385919,0.005175193009,0.231198718808,0.075084565382,702892900.0,119.5,-0.068811508108,2.140713282994,34.302348141725,49.722484844156,0.399997253418
2022-04-05,118.665,0.399997253418,-0.00521530225,0.002058346017,-1.3609556e-05,0.003424657534,0.198764344151,0.075085554983,706930100.0,119.27799987793,0.364083515447,2.079284667969,34.976847302045,37.881798591574,0.815003356934
2022-04-06,118.92,0.815003356934,-0.004017436755,0.00206302521,-0.000560373663,-0.000672268908,0.214002197021,0.072093537292,713043500.0,119.136000061035,0.212763654797,2.112856183733,44.221936684473,37.833710709414,1.020002441406
2022-04-07,120.59,1.020002441406,-0.002834783728,0.002055769231,0.000161805761,0.008277591973,0.248898609945,0.072288246892,718528600.0,119.048001098633,0.203546181935,2.107142312186,51.309752336458,43.502845440992,2.780002746582
2022-04-08,123.665,2.780002746582,0.000405247801,0.002140833671,0.000324368311,0.000930797248,0.483258548995,0.077198392359,724392100.0,120.050001525879,0.403070667972,2.31642804827,88.947414375932,61.493034465621,-0.415
2022-04-11,122.445,-0.415,0.001866152997,0.002303126012,-0.000953860811,-0.008381924198,0.602698481407,0.070054992892,719298200.0,120.984001159668,-0.028649581813,2.338571275984,85.67741146828,75.311526060223,-2.404999084473
2022-04-12,119.92,-2.404999084473,-0.002082639104,0.001572501878,-0.000525207668,0.00108523249,0.445277522166,0.061358828839,715227100.0,121.21600189209,-0.446870927675,2.513571602958,44.25806844817,72.960964764127,-1.530000610352
2022-04-13,117.99,-1.530000610352,-0.00701074276,0.001777815584,0.000376970598,0.003657706703,0.221118308739,0.05948036516,710794800.0000001,120.998001098633,-0.230009427695,2.352142878941,22.967726181512,50.967735365987,1.490003356934
2022-04-14,119.6,1.490003356934,0.004770670228,0.001685297793,0.000450495497,-0.003748438151,0.141236422966,0.05948036516,715202700.0,120.906001281738,0.38571456951,2.444285801479,31.364320185476,32.863371605053,-1.909997558594
2022-04-18,118.045,-1.909997558594,-0.005692971233,0.0019142027,-0.000805627708,0.008759186464,-0.028144778282,0.061380716087,712062700.0,119.770001220703,-0.427233086404,2.524285997663,6.188500753485,20.173515706824,-1.754999084473
2022-04-19,117.525,-1.754999084473,0.003353679479,0.002022540281,-0.00187514983,0.007242029482,-0.21979017654,0.063662582684,707946800.0000001,118.378001403809,-0.11882768788,2.631428854806,8.503401653801,15.352074197587,2.455003356934
2022-04-20,118.44,2.455003356934,-0.00416736111,0.004573903582,0.000165959656,-0.008704385671,-0.090010865413,0.061476032989,713067700.0,118.36600189209,0.475813205516,2.71571459089,50.340165470849,21.677355959378,4.199999389648
2022-04-21,123.81,4.199999389648,0.004403138603,0.002690371814,0.000265937758,0.005114466634,0.168900530835,0.063405831566,721401900.0,119.21600189209,0.267925146169,3.092857905797,80.498851689106,46.447472937918,-0.439997253418
2022-04-22,121.32,-0.439997253418,-0.002837043817,0.002874817103,-0.001485878231,-0.013818891237,0.371624270883,0.065886849028,728723000.0,119.99400177002,0.062773002326,3.044286455427,88.775534025945,73.2048503953,-1.680000610352
2022-04-25,119.63,-1.680000610352,-0.004012000418,0.003209969789,0.001554112597,0.003944276603,0.243029347146,0.063917306331,722012900.0,120.384001159668,-0.45172136398,3.194286891392,46.4852450739,71.91987692965,0.38000213623
2022-04-26,118.711,0.38000213623,-0.011665707032,0.002326953882,-0.000273606581,0.000851530225,0.174610360176,0.063410870138,726516400.0000001,121.128001403809,0.182355197342,3.27000100272,50.680287696829,61.980355598891,-1.740998779297
2022-04-27,117.03,-1.740998779297,0.00273574157,0.002361667661,0.001396607281,-0.002216727769,-0.070521318733,0.067392289501,723150100.0,120.526000976562,-0.295703026151,3.269286564418,16.213155946624,37.792896239118,-0.309998779297
2022-04-28,117.395,-0.309998779297,0.007111050569,0.00263232667,0.00168801859,-0.001318587835,-0.235350808957,0.071325500694,718971400.0,119.342001342773,-0.105831029244,3.270715441023,13.378688728691,26.757377457381,0.61500213623
2022-04-29,117.0999,0.61500213623,-0.008050203885,0.002414659149,-0.000172626192,0.000340850846,-0.242392135974,0.072210514182,723931400.0,118.270001220703,0.128511376137,3.063572474888,28.004549953358,19.198798209558,-3.5999
2022-05-02,113.27,-3.5999,0.0,0.003054713656,0.002086120893,-0.002026431718,-0.51975596535,0.085146031535,717115500.0,117.042001342773,-0.363179951006,3.251429966518,3.297706829713,14.893648503921,-0.439998168945
2022-05-03,113.07,-0.439998168945,0.001949846824,0.002357983193,-0.003168974055,0.00017691287,-0.705768120706,0.098244646154,712210500.0,115.606001281738,-0.072998402283,3.252858298165,18.123689459031,16.475315414034,-0.639999694824
2022-05-04,111.66,-0.639999694824,0.000622606908,0.001897777778,-0.001248716386,-0.007466666667,-0.805932608699,0.110352362429,707719000.0,114.698001098633,-0.111809623528,3.226429530552,15.280750336597,12.234048875114,4.039996948242
2022-05-05,114.86,4.039996948242,-0.007260124114,0.002253438969,-0.000577039287,0.0,-0.610991061165,0.112594386716,713066400.0,114.494000244141,0.330163673817,3.415001460484,38.521665146545,23.975368314058,-1.84999786377
2022-05-06,112.265,-1.84999786377,-0.004070428066,0.002557885384,-0.000117155471,-0.002532207908,-0.62026208458,0.119625433402,707363100.0,113.494000244141,-0.263925289606,3.510001046317,19.403009352899,24.40180827868,0.004996643066
2022-05-09,109.9621,0.004996643066,-0.014073165128,0.00349625079,0.000230841884,-0.006576023128,-0.63118612329,0.12057446961,702396300.0,113.247999572754,-0.039828526874,3.503572191511,14.143552997802,24.022742499082,-2.572100610352
2022-05-10,108.43,-2.572100610352,0.01415405793,0.002901478285,-0.001185791344,-0.004407308787,-0.905339585315,0.13581072667,695918100.0,112.159999084473,-0.367490577668,3.602857317243,2.584704484543,12.043755611748,-1.68
2022-05-11,106.54,-1.68,-0.000843057029,0.003379804988,-0.000188822984,-0.001125070317,-1.057458362471,0.154220208582,689669800.0,111.023999023438,-0.299771451274,3.3792855399,2.976851894525,6.56836979229,-0.700003662109
2022-05-12,106.68,-0.700003662109,-0.00321236158,0.004227488152,-0.000455089013,0.011184834123,-1.139934726074,0.173037407299,683033700.0,109.051998901367,-0.162582010699,3.425713675363,1.027355652161,2.19630401041,1.290001220703
2022-05-13,108.82,1.290001220703,0.003612108782,0.003096160945,7.707817e-05,0.004245108896,-0.977832641644,0.180173640746,691549800.0,108.043998718262,0.380005832409,3.395713261196,21.301045293792,8.435084280159,1.059997253418
2022-05-16,109.44,1.059997253418,-0.004368363119,0.002418190128,-0.001197759558,0.000365630713,-0.682742955834,0.183457553854,697709100.0,107.565998840332,0.363270747633,3.400713239397,34.976677231631,19.101692725861,0.269999084473
2022-05-17,113.6,0.269999084473,0.017136061153,0.003982435702,0.000667522754,0.0180123667,-0.450952568222,0.187179070599,690250100.0,108.029998779297,0.069545879611,3.377141680036,36.002846285973,30.760189603798,0.940000915527
2022-05-18,113.345,0.940000915527,-0.009778267309,0.002667078117,0.000109050666,-0.000661259037,0.049128341667,0.181577913177,699422100.0,109.587998962402,0.400877502603,3.610712868827,70.233899594141,47.071141037248,-0.60500213623
2022-05-19,111.99,-0.60500213623,-0.006297668067,0.002655538695,0.000539973529,-0.000357047219,0.267930089476,0.167648871036,692488200.0,110.967999267578,-0.126697860579,3.642855507987,61.719946624376,55.985564168163,0.450002441406
2022-05-20,113.24,0.450002441406,0.008537878545,0.002281746032,0.001881784196,-0.001410934744,0.394077874351,0.146876223874,686183400.0,111.861999511719,0.093402467197,3.472141265869,66.752154971364,66.23533372996,-2.13623e-06
2022-05-23,113.18,-2.13623e-06,0.005386794612,0.003680983751,-0.000670657886,-0.00588493632,0.524839737673,0.136251871209,690693000.0,112.533999633789,-0.014782154128,3.412141527448,73.589720008082,67.353940534607,1.849998779297
2022-05-24,113.95,1.849998779297,0.001130182424,0.002105765891,-0.001383384168,-0.010507120528,0.713622484842,0.123665876126,695049999.9999999,113.597999572754,0.254320887511,3.404998779297,88.888867145133,76.41024737486,-0.180003356934
2022-05-25,113.84,-0.180003356934,-0.005010105578,0.002270318021,0.000269011209,0.005653710247,0.732604735005,0.118358897092,689777400.0,113.443998718262,-0.194074849827,3.271427154541,84.62960005659,82.369395736602,-0.649997558594
2022-05-26,114.3,-0.649997558594,0.005212442134,0.002053875901,0.000173144585,0.004570223238,0.685891005687,0.112695536869,685855700.0,113.533999633789,0.009511518773,3.169284820557,79.25928489254,84.259250698088,0.570002746582
2022-05-27,116.2782,0.570002746582,0.010533638509,0.002676774638,0.000294509913,0.001707443143,0.743113405377,0.104072751517,689883500.0,114.019999694824,0.246968399868,3.142142159598,94.117655299947,86.002180083026,0.411802441406
2022-05-31,115.22,0.411802441406,-0.009683819172,0.002989788854,-0.00111824128,-0.002942194531,0.869721992623,0.110242957649,693768300.0,114.710000610352,0.2179767026,2.907856532506,98.128594699861,90.501844964116,2.239999084473
2022-06-01,116.68,2.239999084473,0.003320274074,0.002172252864,-0.002022333146,-0.009927874417,0.964192452526,0.11819189086,704331800.0,115.196000671387,0.273160596107,2.92714200701,95.319485161794,95.855245053867,-1.599998168945
2022-06-02,114.365,-1.599998168945,0.001824809534,0.002415647498,0.000805939095,-0.008023245728,0.830344218069,0.120192682407,699441600.0,115.458001708984,-0.384058348845,3.006428309849,77.637483563542,90.361854475065,3.14500213623
2022-06-03,116.93,3.14500213623,-0.006212265711,0.002287292345,-0.000773864025,0.001284466518,0.865477079602,0.124220398562,703298200.0,116.322001647949,0.272061655486,3.077142442976,94.358032378644,89.105000367993,-0.360000305176
2022-06-06,117.1323,-0.360000305176,0.006948593641,0.001852530244,0.000533809712,-0.002110240245,0.78764399606,0.128205353902,699520000.0,116.662001037598,-0.080832199853,2.982856750488,85.214038673042,85.736518205076,-0.712301831055
2022-06-07,116.36,-0.712301831055,-0.002748666036,0.001924978467,-0.000222406695,0.002239448751,0.691706998364,0.131343574145,695314400.0,116.608000183105,-0.209772017683,2.945714133126,76.523947955868,85.365339669185,0.519997253418
2022-06-08,115.76,0.519997253418,-0.009753588436,0.002315534819,0.000177692246,0.000172801106,0.626804267666,0.126159982373,698600000.0,116.491999816895,0.202627912747,2.680714198521,82.49020844674,81.40939835855,-1.069997558594
2022-06-09,114.82,-1.069997558594,-0.000435984399,0.001973743894,0.000613753923,0.001570132589,0.414210489359,0.11358966791,694916600.0,116.413999938965,-0.282162293924,2.68571472168,54.085631213509,71.033262538706,-2.110000915527
2022-06-10,110.055,-2.110000915527,-0.016857435377,0.002653190145,-0.000834294966,-0.006813464489,0.132648435409,0.093350580321,691491900.0,115.453999328613,-0.337393644572,2.705000196184,25.506052028797,54.027297229682,-0.425002746582
2022-06-13,107.68,-0.425002746582,-0.017787074679,0.002455887816,-0.001237637974,0.0,-0.247883314887,0.086960780351,686686300.0,114.065998840332,-0.237043999483,2.755714416504,5.805021859699,28.465568367335,-1.769996337891
2022-06-14,104.89,-1.769996337891,-0.007648051742,0.002706945766,-0.000815503731,-0.00199809705,-0.710777053128,0.103727810634,681471000.0,111.963999938965,-0.307621376766,2.88928604126,4.422086996015,11.91105362817,-1.949997558594
2022-06-15,104.47,-1.949997558594,0.013405840496,0.003278374233,0.000860652021,0.001437883436,-1.151545269489,0.131957890443,675580900.0,109.176000976562,-0.296285131634,2.934286390032,6.081112428646,5.436073761453,0.330003051758
2022-06-16,102.13,0.330003051758,-0.022900777252,0.00216796875,0.001114881055,-0.00263671875,-1.244475801445,0.14935946237,680859000.0,107.198001098633,0.08649275161,2.993571690151,17.50617310457,9.336457509744,-0.060000305176
2022-06-17,102.64,-0.060000305176,-0.008131692305,0.00325246938,0.000398131946,0.013828526274,-1.40460375753,0.173939897971,676065400.0,105.070001220703,-0.101875079849,3.082143511091,4.885235801364,9.49084044486,-0.110001220703
2022-06-21,103.925,-0.110001220703,0.02272507421,0.003395098226,4.6516477e-05,-0.008916650772,-1.391675705703,0.192304903407,686314600.0,103.650001525879,0.27521274605,3.11071559361,7.592704522494,9.994704476143,0.485003662109
2022-06-22,104.01,0.485003662109,-0.008236764488,0.002568807339,-0.001009373367,0.004442298407,-1.17716384751,0.202279004986,691652900.0,103.350001525879,-0.131130511581,3.020001547677,18.658062232109,10.378667518656,1.430002441406
2022-06-23,106.41,1.430002441406,0.004836821842,0.001771684757,2.7394792e-05,0.004341670599,-0.899110640117,0.206921818198,697164500.0,103.850001525879,0.30283516359,3.007144383022,24.720442727811,16.990403160804,-0.200000915527
2022-06-24,106.575,-0.200000915527,0.007438103025,0.002130841121,-0.000337282402,-0.003971962617,-0.610350428541,0.210109247701,702229300.0,104.132000732422,0.084074142305,2.816430228097,29.252499196721,24.21033471888,2.874996948242
2022-06-27,109.31,2.874996948242,0.004111508362,0.002447042766,0.0001801166,-0.005368516833,-0.170995741996,0.209713385418,716530900.0,105.608000183105,0.396283797535,2.974287305559,48.322521657175,34.098487860569,-0.229998168945
2022-06-28,109.77,-0.229998168945,0.00155847237,0.001681098398,0.00035253382,0.0047597254,0.109725360734,0.207374125267,712726799.9999999,106.918000793457,-0.219527468189,2.946429661342,49.030652116702,42.201890990199,-2.799998779297
2022-06-29,107.04,-2.799998779297,0.004580703545,0.002020472734,0.000560983435,-0.003908431044,0.1650089704,0.202514584804,708541300.0,107.430000305176,-0.362074730248,3.019286564418,38.430596573969,45.261256782616,2.059998474121
2022-06-30,107.76,2.059998474121,-0.00934919026,0.002017024426,0.000108447172,-0.0029607698,0.34630533813,0.192438319922,713093400.0,108.161999511719,0.293291397077,3.047143663679,55.35209912662,47.60444927243,0.890001525879
2022-07-01,108.745,0.890001525879,-0.004049723288,0.001977636078,0.000186562915,0.004944090195,0.431641703639,0.18676254002,707022500.0,108.65,0.173612797954,2.974286215646,72.363278187033,55.381991295874,1.475001220703
2022-07-05,107.46,1.475001220703,-0.013427720382,0.002519771933,0.000249354922,-0.011771197351,0.580286393443,0.173133964214,710314200.0,108.804000854492,0.369175991027,2.917857578823,97.291441927969,75.002273080541,1.840003051758
2022-07-06,108.6796,1.840003051758,-0.00430010254,0.003213727832,-0.000722906265,-0.001381971883,0.600590877518,0.160023239561,705561900.0,108.848001098633,0.132747584869,2.827143532889,87.323968100839,85.659562738614,0.010402441406
2022-07-07,108.895,0.010402441406,-0.001932092003,0.001709992625,0.000291760567,0.003825589971,0.557804264281,0.144579871894,701586600.0,109.192001342773,-0.044792225069,2.642143249512,80.715079818829,88.443496615879,0.59499786377
2022-07-08,109.19,0.59499786377,-0.006941223141,0.001512921917,0.000710487033,0.00423066311,0.566427622542,0.123526960658,705735600.0000001,109.270001220703,0.362115053267,2.499286651611,89.382416019478,85.807154646382,0.07000213623
2022-07-11,108.25,0.07000213623,-0.006040670412,0.001709208103,-0.00052624486,-0.003222836096,0.539799072206,0.10847849255,702620100.0,109.392001342773,0.199700327241,2.34285736084,86.890588892012,85.662694910106,0.639999389648
2022-07-12,110.22,0.639999389648,-0.003581590521,0.002781105991,-0.000587007787,0.015852534562,0.482305988964,0.099090519793,698579000.0,109.126000976562,0.115910018226,2.262142726353,77.994404391659,84.75580310105,-1.919996948242
2022-07-13,106.9125,-1.919996948242,-0.013481132712,0.002595657057,0.002511847175,0.0006785848,0.393342746907,0.097316437159,692822700.0,108.926000976562,-0.025125634454,2.280000414167,69.777185551388,78.220726278353,-0.702500915527
2022-07-14,104.21,-0.702500915527,-0.014876206051,0.001925833891,-9.6190727e-05,-0.004014145083,0.192694728834,0.097068710848,687735000.0,108.430000305176,-0.238111929599,2.2321434021,21.11109383903,56.294227927359,1.499999084473
2022-07-15,107.6998,1.499999084473,0.016081776486,0.001987710641,0.000477796384,0.002698072805,0.0335943059,0.090796420655,682741400.0,107.674000549316,0.260217494645,2.285000392369,29.061061311677,39.983113567365,1.120199694824
2022-07-18,108.39,1.120199694824,-0.002389286316,0.002062638172,0.000573536616,-0.001565954311,0.139180654872,0.088896602328,687359300.0,107.586000061035,0.417785241159,2.273572104318,75.409809958824,41.86065503651,-1.370003356934
2022-07-19,107.97,-1.370003356934,0.013175142089,0.001862123029,-0.001433082717,-0.004242368348,0.091470349837,0.075472711036,682859400.0,107.211999511719,-0.33014906058,2.306429726737,48.584127438913,51.018332903138,1.960000305176
2022-07-20,107.22,1.960000305176,-0.026744313957,0.005105617347,-0.000964057572,0.00214973362,0.250550870562,0.062482148588,688647800.0,107.537998962402,0.376925529643,2.30285862514,91.952295229124,71.982077542287,1.010003356934
2022-07-21,109.22,1.010003356934,0.003603431373,0.002333364021,0.000200644535,0.005523844596,0.236134085638,0.053701375906,681347599.9999999,107.941999816895,0.328551048177,2.311430249895,66.617016839552,69.05114650253,1.470002441406
2022-07-22,111.07,1.470002441406,0.01183483178,0.0027975,0.001149956877,-0.008303571429,0.378671333377,0.051318062759,687045600.0,108.938000488281,0.458486891017,2.365001678467,99.568982985077,86.046098351251,-1.870003051758
2022-07-25,108.13,-1.870003051758,-0.001007331625,0.001833256944,-0.001411045995,-0.008800073334,0.359169157245,0.047441087733,682311700.0,109.013999938965,-0.364667974249,2.42571585519,66.019371622299,77.40179048231,0.37
2022-07-26,108.5164,0.37,0.001935475433,0.001361420293,2.4457731e-05,-0.001780884923,0.288724026326,0.04697605028,678406100.0,109.310000610352,-0.150029682586,2.342858450753,57.52426082579,74.370871811055,0.573596337891
2022-07-27,109.34,0.573596337891,0.002658363968,0.002331428571,-0.000427492314,-0.00032,0.271707985846,0.046982998272,683230100.0,109.141999816895,0.127494437299,2.357857840402,64.684412412882,62.742681620324,0.64999786377
2022-07-28,110.1,0.64999786377,0.001000096486,0.00219346049,-0.000208312637,0.0,0.308236802527,0.045950138618,686533600.0,109.493998718262,0.160173138822,2.400714329311,75.606763858225,65.938479032299,0.260000610352
2022-07-29,109.28,0.260000610352,-0.004802453573,0.001760447965,0.00019866684,-0.005007739233,0.341885779466,0.047710855069,691269700.0,109.427998352051,0.058994816334,2.503571646554,80.097089616245,73.462755295784,-0.440003662109
2022-08-01,108.34,-0.440003662109,-0.004226379088,0.001819800701,0.000119914692,-0.000369071784,0.250570734271,0.047681981449,686346800.0000001,109.35599822998,-0.371845163188,2.537857600621,61.650431044162,72.451428172877,1.179996643066
2022-08-02,109.68,1.179996643066,0.000913130995,0.002152891808,0.000272767671,0.000547345375,0.225545597661,0.046587694362,690218700.0,109.559997558594,0.326607448458,2.475000108991,69.90286407067,70.550128243692,-1.040000610352
2022-08-03,108.68,-1.040000610352,0.004326226283,0.001785995784,-0.00065570705,-0.003940976996,0.143312086726,0.046415461925,687124900.0,109.469998168945,-0.196766212084,2.456428527832,59.223282985092,63.592192699974,0.930000610352
2022-08-04,109.845,0.930000610352,0.007298631943,0.001856625306,0.000366915041,-0.005117290101,0.147268235052,0.046897996213,690991100.0,109.393998718262,0.154813215194,2.402857644217,54.905697848517,61.343948301426,-0.124998779297
2022-08-05,108.71,-0.124998779297,-0.008840696408,0.001442758621,-0.000750517158,-0.000367816092,0.149820120268,0.047165759906,693785100.0,109.265998840332,-0.326992310024,2.243571690151,56.981179867236,57.036720233615,0.54
2022-08-08,109.03,0.54,0.004942800142,0.001569906185,5.503103e-06,-0.006922306221,0.114002234304,0.047159511179,690995500.0,109.347999572754,0.273073410104,2.177143096924,46.289091303736,52.725323006496,-0.03
2022-08-09,108.69,-0.03,-0.008348657451,0.002307706541,0.000339032928,0.005550929781,0.06979268167,0.047176403565,688711700.0,109.244000244141,-0.277795377033,2.063571929932,41.406281424033,48.225517531668,-0.779996337891
2022-08-10,109.22,-0.779996337891,0.017143901504,0.001913265306,-0.000461103894,-0.004919825073,-0.031124742798,0.047604339859,684768200.0,109.098001098633,-0.066205206861,1.949285779681,9.713080791987,32.469484506585,1.049996643066
2022-08-11,110.93,1.049996643066,0.005169127706,0.001329574161,-0.000301955131,0.000811981234,0.057945893543,0.043246114889,688729100.0,109.230000305176,0.221449816089,1.947856903076,61.810070116173,37.643144110731,-0.44000213623
2022-08-12,111.08,-0.44000213623,0.003348744264,0.001164892657,0.00027845346,0.001984484936,0.124726790637,0.034122342561,692010500.0,109.383999633789,-0.092700391359,1.818571363177,64.806850074912,45.443333661024,0.400003356934
2022-08-15,111.49,0.400003356934,-0.001524989175,0.001513700476,0.000224195916,0.001617105381,0.222891742232,0.038367673052,694823800.0,109.830000305176,0.289294637606,1.763571058001,85.807975540518,70.808298577201,0.410001525879
2022-08-16,111.79,0.410001525879,-0.00393210398,0.002550690831,-0.000262199772,0.002960703391,0.298697091048,0.037842103342,697773300.0,110.410000610352,0.234447624853,1.742857251848,91.386628008921,80.667151208117,0.239998779297
2022-08-17,111.64,0.239998779297,-0.003570485854,0.001450237391,-0.000140172037,8.9581654e-05,0.337326060348,0.042545025491,700670700.0,111.233999633789,0.264000522052,1.677143096924,89.959830725664,89.051478091701,-1.089996948242
2022-08-18,109.805,-1.089996948242,0.003437333722,0.001628504462,-9.6725765e-05,-0.010141530695,0.247113775658,0.040932223784,697617200.0000001,111.290000915527,-0.298857318061,1.602142878941,60.241015525531,80.529158086706,0.154999084473
2022-08-19,110.11,0.154999084473,0.004729031255,0.001651882694,0.000478341497,-0.003349022448,0.137109338744,0.040329605211,693473600.0,111.184001159668,-0.216905055253,1.626428331648,48.393536141081,66.198127464092,-0.050002441406
2022-08-22,109.02,-0.050002441406,-0.009903655843,0.001229696247,-0.000166244602,0.000458841883,0.064188022534,0.040004513784,698566300.0,110.9,-0.143641732985,1.598571232387,50.401539351767,53.01203033946,-1.570003051758
2022-08-23,105.8242,-1.570003051758,-0.005863166787,0.002183299008,-0.000236732883,-0.009322224303,-0.154759764153,0.043293079575,695069500.0,110.009999084473,-0.302789663557,1.656428200858,9.929035799583,36.24137043081,0.18580213623
2022-08-24,105.26,0.18580213623,-0.001037643695,0.0011598678,0.000127633617,-0.006043437205,-0.37873674325,0.053100388873,690866500.0,108.805999755859,-0.29363038673,1.672856467111,6.990090496002,22.440221882451,0.180002441406
2022-08-25,105.02,0.180002441406,-0.001896856724,0.002242018244,0.000652768239,-0.002090459901,-0.537740405809,0.063231818747,686588300.0,107.783999633789,-0.214069024617,1.673570360456,4.318486722101,7.079204339229,0.869999389648
2022-08-26,106.045,0.869999389648,0.000472216943,0.001566735888,0.000232313847,0.000991127053,-0.58136539555,0.069025346128,691837500.0,106.969999694824,0.237155477169,1.679284232003,16.791943047016,9.366840088373,-4.144998474121
2022-08-29,101.575,-4.144998474121,-0.003925431991,0.001714285714,-0.000246062992,0.000738916256,-0.832411421308,0.091666763486,686396800.0,105.338000488281,-0.409633090457,1.913569859096,2.477103070079,7.862510946399,0.264996337891
2022-08-30,102.27,0.264996337891,0.005793440578,0.001839207263,-0.000173432319,-0.00156204237,-0.947604501125,0.108354411788,682166900.0,104.216000366211,0.128300665941,1.909998757499,5.565346911187,8.278131009427,-0.070003051758
2022-08-31,103.38,-0.070003051758,0.007534288605,0.001902495873,-2.901907e-06,0.003981742255,-0.942645403566,0.120373679575,686796600.0,103.453999328613,-0.126377692493,1.796428135463,8.745564402574,5.596004794613,-0.729998474121
2022-09-01,102.415,-0.729998474121,-0.002825142827,0.001567995311,-0.000110586803,0.000537319265,-0.854744890571,0.128232575027,694397300.0,102.895999145508,-0.103281516853,1.795714242118,12.720869965548,9.01059375977,2.424996337891
2022-09-02,105.39,2.424996337891,0.005818395952,0.001419630156,-0.000223567048,-0.000568990043,-0.606475947038,0.129618880903,698795200.0,102.685998535156,0.445742128595,1.922857557024,32.067114407759,17.844516258627,-2.89
2022-09-06,102.46,-2.89,0.0,0.001737560976,-0.000195833201,-0.000390243902,-0.558417017301,0.135655759789,694692000.0,102.80599822998,-0.384004711497,2.09285736084,11.395768111224,18.727917494844,0.249999084473
2022-09-07,103.297,0.249999084473,0.001655127743,0.001676710731,2.5132049e-05,0.004053265941,-0.474357678071,0.140103753301,699362400.0,102.979998779297,0.070356875842,2.13500050136,13.736266038289,19.066382852424,1.402996948242
2022-09-08,104.25,1.402996948242,-0.010219672646,0.001672971147,0.000790418032,0.005982823507,-0.257463988283,0.141188781024,704463200.0,103.479998779297,0.418720557012,2.170715332031,35.905323303632,20.345785817715,2.73999786377
2022-09-09,107.82,2.73999786377,0.001308527829,0.001824885653,-0.000634118136,0.006440772893,0.051050079796,0.137979512749,713163900.0,104.347998046875,0.440710158512,2.302144186837,60.271078076837,36.637555806253,0.660003356934
2022-09-12,108.88,0.660003356934,0.002765444442,0.001644603787,0.000457685501,0.000919286634,0.349647016385,0.134876862236,718945100.0,105.075999450684,0.340286359038,2.350715637207,89.753156062813,61.976519147761,0.410000915527
2022-09-13,106.99,0.410000915527,-0.018940430757,0.00147313934,0.000660581888,-0.002145122179,0.582181708219,0.130146335218,723303200.0,106.433999633789,0.225136221869,2.209286825997,95.508306199814,81.844180113155,-1.150003662109
2022-09-14,105.765,-1.150003662109,0.000850377649,0.001768431983,0.000603834353,-0.001557632399,0.48792971802,0.120950536325,718002400.0,107.059999084473,-0.33555299647,2.336429595947,54.728105838315,79.996522700314,0.014998779297
2022-09-15,106.56,0.014998779297,0.002646991705,0.002211012634,0.000407025587,0.004714312653,0.409025249259,0.109073153619,714738200.0,107.275999450684,-0.033721605835,2.388572692871,54.018914761725,68.085108933285,-1.500002441406
2022-09-16,104.4,-1.500002441406,-0.00256992813,0.002251157131,0.000746255716,-0.003674190008,0.300824469131,0.100699473863,710501199.9999999,106.889999389648,-0.21465970402,2.446430206299,45.508261114735,51.418427238259,-0.4
2022-09-19,102.99,-0.4,-0.007211538462,0.001999903148,0.001225278478,-0.002518159806,0.157549980485,0.093280697173,701603000.0,105.993998718262,-0.240784319722,2.230715070452,32.978737791098,44.168637889186,1.099996337891
2022-09-20,102.245,1.099996337891,-0.012489148507,0.001635081234,-0.000209892852,-0.005302072186,0.072833491879,0.082968389662,705419000.0,104.953997802734,0.23473997205,2.263572147914,28.735625460378,35.740874788737,0.064997558594
2022-09-21,103.06,0.064997558594,0.005473611586,0.001428988043,-0.000752741705,0.001846991348,-0.09024372043,0.082573398938,700801900.0,104.247998046875,-0.124537832932,2.40499986921,12.796147694252,24.836836981909,-2.409998474121
2022-09-22,100.27,-2.409998474121,-0.005961236612,0.001777111444,-0.00025266378,0.00219890055,-0.286023160683,0.08841169479,696081400.0,103.221998596191,-0.319970868175,2.508570534842,0.331478391905,13.954417182178,0.799999694824
2022-09-23,100.235,0.799999694824,-0.00672801333,0.002016137065,3.1486999e-05,-0.001543978484,-0.358644366751,0.092324818218,701648900.0,102.423999023438,0.267369681126,2.444999149867,12.423638070192,8.517088052116,0.445000305176
2022-09-26,100.005,0.445000305176,-0.004966229623,0.002091235776,-0.000814016104,-0.00174685566,-0.40114018281,0.09568495437,695434300.0,101.759999084473,0.080041463849,2.344285147531,17.219177175988,9.991431212695,-0.165003662109
2022-09-27,100.035,-0.165003662109,0.004106607343,0.002288678304,-0.000224800755,-0.002144638404,-0.450330248372,0.100630911414,689396500.0,100.909999084473,-0.115342503951,2.324999128069,9.484334450407,13.042383232196,-1.704998168945
2022-09-28,97.83,-1.704998168945,-0.002644179105,0.002064851637,-8.8175808e-05,-0.002447231569,-0.542868352598,0.110206717632,683018700.0,100.113999938965,-0.326085776664,2.364998953683,3.57141466916,10.091642098519,0.890001220703
2022-09-29,98.49,0.890001220703,0.001316827915,0.001891755185,0.000337264689,-0.003641881639,-0.535234688806,0.117726262013,690225600.0,99.72799987793,0.19978745759,2.202141353062,9.504146039716,7.519965053095,-0.199999084473
2022-09-30,98.145,-0.199999084473,0.004273050819,0.002360348496,0.000218754858,-0.005723837504,-0.51632602747,0.126020083013,683526799.9999999,99.17200012207,-0.163486905999,2.169998168945,6.105595394664,6.39371870118,-1.38499786377
2022-10-03,97.631,-1.38499786377,0.0107482523,0.001706339468,-0.000656787877,-0.00172801636,-0.560364160743,0.137285209967,676798400.0,98.388000488281,-0.329898385354,2.287141527448,0.82496734249,5.478236258957,1.888996643066
2022-10-04,101.71,1.888996643066,0.012258855123,0.002516378797,0.001613443565,0.00962874727,-0.366493041092,0.140432036405,681616000.0,98.324000549316,0.322259765859,2.267141614641,27.377497322319,11.436020019824,1.370001831055
2022-10-05,102.77,1.370001831055,-0.008828130054,0.001806792601,0.000863389539,0.005872565332,0.018222069249,0.140455193553,687326799.9999999,99.274000549316,0.451154387304,2.403570447649,61.575421772664,29.925962145825,0.609997253418
2022-10-06,102.755,0.609997253418,-0.00502995412,0.001651468015,1.9522545e-05,-0.001020804978,0.294299354851,0.139490639405,691130200.0,100.205999755859,0.306434786403,2.390713282994,80.552192181422,56.501703758802,-0.305003051758
2022-10-07,104.91,-0.305003051758,0.00048807275,0.005554829268,0.002560787379,0.023512195122,0.408645907465,0.133867697355,684782100.0,101.037998962402,-0.147645522423,2.379999433245,77.688130132219,73.271914695435,-3.119999084473
2022-10-10,101.79,-3.119999084473,0.003241986719,0.00161084998,-0.000234761654,-0.003231492362,0.431928189856,0.121973143356,676296200.0,102.043998718262,-0.067760430472,2.536427634103,60.807646786167,73.015989699936,-0.660002746582
2022-10-11,100.21,-0.660002746582,-0.002768701542,0.001699851264,-0.000254480678,-0.006346058503,0.39592771756,0.102553070125,672251599.9999999,102.365998840332,-0.237613110266,2.474999564035,52.969121779532,63.821632899306,1.54
2022-10-12,101.04,1.54,-0.004914004914,0.002721580247,0.000299485944,-0.002074074074,0.405441786687,0.095117526062,677556400.0000001,102.099998474121,0.182244257247,2.429285866874,60.332576427243,58.03644833098,-0.959998168945
2022-10-13,98.18,-0.959998168945,-0.021482828603,0.00253139998,0.001211488336,0.002552843868,0.295918152977,0.086953852981,673450200.0,101.439999389648,-0.306972041672,2.420000348772,40.498864646802,51.266854284525,4.290001220703
2022-10-14,103.86,4.290001220703,0.006928848209,0.002429734445,0.000513155549,0.006590424501,0.375950505096,0.080215237144,679701100.0,101.444000244141,0.446719518779,2.644286019461,68.88366166706,56.571700913702,-2.949996337891
2022-10-17,103.06,-2.949996337891,0.011990873457,0.00191137877,0.000557792037,0.009204857031,0.317661004106,0.075368357254,673613900.0,101.268000793457,-0.347110735021,2.76642881121,50.356370721059,53.246299011641,0.459996643066
2022-10-18,106.47,0.459996643066,0.022121338773,0.003079104054,-0.000614593396,0.00623759569,0.441124717979,0.073516522171,680929700.0,101.746000671387,0.346584272511,2.78214263916,81.35391879979,66.86465039597,-1.489996643066
2022-10-19,99.0,-1.489996643066,-0.037912013999,0.006821683168,-0.000396731431,-0.019801980198,0.597640804438,0.081238820875,689873600.0,102.392001342773,-0.196893557893,2.885714394706,83.100051871573,71.603447130807,-0.889999389648
2022-10-20,96.621,-0.889999389648,-0.016206339388,0.003957728968,-0.000490263658,0.001046415251,0.23370475819,0.085196994617,671348400.0000001,101.998001098633,-0.273221028797,3.387857709612,17.294697384063,60.582889351809,-1.411000915527
2022-10-21,93.52,-1.411000915527,-0.009032671134,0.003534711182,0.000848109613,-0.008797032326,-0.184538930242,0.098977252563,658697200.0000001,100.546000671387,-0.225589961145,3.407143184117,1.715240276788,34.036663177475,1.539997558594
2022-10-24,96.41,1.539997558594,0.010414533122,0.002128058303,-0.001204149355,0.003748047892,-0.438977394372,0.110644963108,648838200.0,99.375999450684,0.168327504869,3.324285779681,13.487315986729,10.832417882527,1.880000915527
2022-10-25,98.67,1.880000915527,-0.002238286892,0.002029162843,0.001050103283,0.006118078923,-0.360703299021,0.112090515912,656956200.0,98.330000305176,0.445607910137,3.305714198521,37.555898679738,17.586151647752,-0.720003051758
2022-10-26,99.185,-0.720003051758,0.001429294477,0.003007747987,-0.001288603025,0.011163217453,-0.305002085985,0.112691128657,649841800.0,96.923999023438,-0.042058538215,3.248571123396,35.022336730031,28.688517132166,-0.765001831055
2022-10-27,98.02,-0.765001831055,0.002540134166,0.002066788284,-1.406836e-05,-0.006587615283,-0.213981267677,0.113063838758,658131900.0,96.985998535156,0.108941988693,3.258571079799,38.524581773221,37.03427239433,-1.089999694824
2022-10-28,97.96,-1.089999694824,0.00402351582,0.003371557748,-0.000816156538,0.006576243321,-0.230189122801,0.115652505977,651521900.0,97.329998779297,-0.448092911625,3.105000087193,27.42176458278,33.656227695344,1.52999786377
2022-10-31,99.4671,1.52999786377,-0.003618460328,0.001899525875,0.00057945168,0.00340058509,-0.053770296619,0.111394205859,657289999.9999999,98.215998840332,0.398923767287,3.182856968471,46.497754953084,37.481367103028,-0.527097558594
2022-11-01,100.03,-0.527097558594,0.006872855149,0.002460851235,0.000505774023,0.00411563943,0.035785102068,0.111854156856,651404400.0000001,98.345999145508,-0.063546219701,3.089285169329,42.399427849024,38.772982461629,-0.720002441406
2022-11-02,98.37,-0.720002441406,-0.005840239814,0.002234275296,0.000280011291,-0.003646308113,0.124831630725,0.108927299088,656653800.0,98.617999267578,-0.083805067544,3.077141898019,45.156470826989,44.684551209699,-0.329999084473
2022-11-03,95.89,-0.329999084473,-0.012545933756,0.002934614193,0.000660828522,-0.009503150501,0.103946283974,0.105706652311,651457100.0,98.541999816895,-0.091105887848,2.920713697161,35.693007218546,41.082968631519,0.559996948242
2022-11-04,97.1,0.559996948242,0.014307982649,0.00211663089,-0.000580723327,-0.007461923745,-0.005406422603,0.106705299443,646583700.0,98.445999145508,-0.099828165169,2.889285496303,23.84498796288,34.898155336138,0.969999694824
2022-11-07,98.27,0.969999694824,0.007239717413,0.002202976311,0.000211217902,-0.005162988459,0.040391144803,0.105161414351,651486500.0,98.161999511719,0.068296422863,2.820714678083,35.916545097739,31.818180093055,1.23
2022-11-08,99.12,1.23,0.004020115838,0.001751751752,0.000358572838,-0.007807807808,0.1688155425,0.10377864708,656390200.0,98.273999023438,0.19807964182,2.736428941999,78.320769048128,46.027434036249,0.519999389648
2022-11-09,99.625,0.519999389648,0.002709798014,0.001993293965,-3.4718995e-05,-0.002852567311,0.259587008018,0.101109497882,662098400.0,98.339999389648,-0.092663372224,2.211429050991,80.075146626293,64.770820257387,-0.165000915527
2022-11-10,102.72,-0.165000915527,0.035893823926,0.002640007765,0.000993343618,-0.003008832379,0.300986670642,0.100763082987,656758799.9999999,98.623999023438,-0.101232637413,2.134286063058,77.431442431676,78.609119368699,1.510003356934
2022-11-11,104.45,1.510003356934,0.003933570177,0.002639908257,-0.001619431589,-0.001815749235,0.624482523505,0.106877867466,662666200.0,100.180000305176,0.271903520149,2.327857971191,97.689780046243,85.065456368071,-0.360003662109
2022-11-14,104.25,-0.360003662109,-0.004034952289,0.002539018038,0.00064549073,0.005594675412,0.793063844206,0.11478927279,655559300.0,101.383999633789,-0.129378407433,2.224286760603,82.765090616465,85.962104364795,-2.23999786377
2022-11-15,104.42,-2.23999786377,0.014116211958,0.002916191397,0.000669534358,0.009376510391,0.73009742319,0.110849321827,649897700.0,101.886000061035,-0.346386380138,2.301429748535,63.06818550671,81.174352056473,-1.280000610352
2022-11-16,104.63,-1.280000610352,0.010665100646,0.003780410591,-6.699754e-06,0.003741366078,0.728492283156,0.10375777405,655160600.0,102.586000061035,-0.063628360913,2.36071559361,73.76891181503,73.200729312735,-1.019999389648
2022-11-17,102.955,-1.019999389648,-0.009072506861,0.001137041005,0.000175204311,0.0027758839,0.721651563159,0.110506273192,658453400.0,103.416000366211,-0.144566408197,2.37928717477,78.219678763452,71.685592028397,-0.395002441406
2022-11-18,103.655,-0.395002441406,0.009360365711,0.002076893354,-0.000105193699,0.001304095827,0.613239973369,0.106125517595,655120500.0,103.081999206543,-0.028206871801,2.305715833391,68.276472931955,73.421687836812,0.215002746582
2022-11-21,104.1,0.215002746582,-0.001347832733,0.002031716957,0.00036658967,0.003566952666,0.596061359331,0.10199550624,659052300.0,103.038000488281,0.146019577941,2.325716291155,80.681818995178,75.725990230195,-0.220002746582
2022-11-22,103.38,-0.220002746582,0.000962707992,0.002332179265,0.000818303044,-0.00577034045,0.552644149335,0.105072546047,663201100.0,103.411999511719,0.066893271154,2.293573651995,80.776463899769,76.578251942301,1.490002746582
2022-11-23,104.93,1.490002746582,0.000953546977,0.002629417929,0.000275821792,-0.000381061256,0.556339521468,0.108779809748,667712800.0,103.758000183105,0.21907573099,2.216430119106,90.151511311644,83.869931402197,1.089996643066
2022-11-25,106.69,1.089996643066,0.006130933281,0.001510265304,-0.001744948707,0.000187494141,0.598312505676,0.115106908736,672330300.0,104.239999389648,0.263384427833,2.172144208636,95.639490388563,88.855821866659,0.269999084473
2022-11-28,107.34,0.269999084473,-0.002243809516,0.002623125937,0.000236752517,0.005809595202,0.647312023072,0.117972054513,674888399.9999999,105.119999694824,0.176547029421,2.118572780064,95.770072245431,93.853691315212,-1.950000610352
2022-11-29,105.01,-1.950000610352,-0.003700535078,0.001471333333,-0.000301870565,9.5238095e-05,0.536489172123,0.119984200029,670738700.0,105.423999023438,-0.241386842228,2.165001460484,73.181820537983,88.197127723992,-0.01
2022-11-30,104.94,-0.01,0.00123806908,0.002473128508,0.001207918141,-0.001807286217,0.40538436938,0.118878590091,665906400.0,105.647999572754,0.004285685221,2.136429377965,67.647058815571,78.866317199662,2.640001831055
2022-12-01,107.89,2.640001831055,0.006134932343,0.002138580931,-0.000269674221,-0.003233555063,0.457054549041,0.12349310168,678643700.0,106.189999389648,0.307358786779,2.296429225377,97.258092683963,79.362324012506,0.040000305176
2022-12-02,106.56,0.040000305176,-0.010933014934,0.002215456674,-6.9570985e-05,-0.001779859485,0.477220586218,0.123023835541,683719900.0,106.57200012207,-0.113207114184,2.033572060721,89.859135544521,84.921429014685,1.529996337891
2022-12-05,106.32,1.529996337891,-0.011101831704,0.002346898681,0.00047634606,-0.0053325849,0.463370106055,0.11278347911,688664000.0,106.797999572754,0.354333460845,2.030714852469,92.112601278006,93.076609835497,-0.909996337891
2022-12-06,104.915,-0.909996337891,-0.003984496573,0.001888465568,0.000313809545,-0.000714353748,0.246627238042,0.100399720846,683976900.0,106.802000427246,-0.360512166068,2.081429072789,54.366217455923,78.779318092817,-1.054999389648
2022-12-07,104.45,-1.054999389648,0.001540497129,0.001174004999,-0.000253052272,0.004133820419,-0.014371444124,0.091059077423,679801200.0000001,106.574000549316,-0.236829373518,2.067858014788,32.535183869238,59.671334201056,0.359997558594
2022-12-08,104.42,0.359997558594,-0.001431102948,0.001390215937,0.000929919684,-0.00229313969,-0.129849916052,0.080214006669,683393600.0,106.019999694824,0.275720266692,2.030000414167,45.915425450571,44.272275591911,2.499998168945
2022-12-09,107.26,2.499998168945,-0.001776981063,0.001906680409,-0.000228141115,0.004965801555,-0.07374088912,0.067274081612,688001300.0,105.817999267578,0.408479357296,2.087142944336,70.069139740463,49.506583020091,0.25000213623
2022-12-12,108.332,0.25000213623,0.002046332586,0.001548036759,0.000224037554,0.005588044185,-0.009860034381,0.069996269036,693347700.0,105.702000427246,0.20155833118,2.115714481899,80.276822989401,65.420462726812,1.15799786377
2022-12-13,111.87,1.15799786377,0.025847126553,0.00275997151,0.000137106487,-0.004006410256,0.144271811376,0.078003810267,698100200.0,106.517999267578,0.481612482555,2.176428113665,98.511926034639,82.952629588167,-0.340001220703
2022-12-14,111.515,-0.340001220703,-0.001434556034,0.002124090868,0.000685543405,0.001301966418,0.35039195008,0.087079025839,704346200.0,108.051998901367,-0.23350174791,2.253571101597,87.77431340509,88.854354143043,-0.25499786377
2022-12-15,109.7,-0.25499786377,-0.012673050827,0.001958852981,0.000810017493,-0.001365498407,0.430074923607,0.093946496077,698731300.0,109.341999816895,-0.012413634959,2.275714329311,83.128829800726,89.805023080152,-1.180003356934
2022-12-16,107.31,-1.180003356934,-0.007556208258,0.001402042711,0.000269674792,-0.003621169916,0.267721996188,0.092221646985,693783500.0,109.661999511719,-0.410914710639,2.384285518101,55.112432076806,75.338525094207,-0.399996337891
2022-12-19,106.04,-0.399996337891,-0.001590176714,0.002214165261,-0.000862382776,-0.006557991381,0.033681029829,0.08496815678,685807400.0,109.541999816895,-0.181138624003,2.3928565979,38.650346946047,58.96386960786,0.549996337891
2022-12-20,106.59,0.549996337891,0.000187674952,0.001421067442,-0.0002804167,-0.000187599662,-0.150776691226,0.080924241708,681455400.0,108.961999511719,-0.049223513778,2.424285343715,35.378290560669,43.047023194507,-0.10000213623
2022-12-21,107.21,-0.10000213623,0.005634317646,0.001095527127,-6.689227e-05,0.001120552806,-0.280102914761,0.07641872501,677782400.0,107.953999328613,-0.037364272825,2.217856815883,34.355811945297,36.128149817338,0.929999389648
2022-12-22,107.6,0.929999389648,-0.003976329828,0.001495125801,-0.000329993299,-0.001021260793,-0.255774966503,0.07428608677,681011000.0,107.329998779297,0.400886890055,2.260713849749,51.226982134346,40.32036154677,0.429998779297
2022-12-23,107.525,0.429998779297,-0.003332413352,0.00211061577,-0.000561600261,-0.001346707532,-0.248151133152,0.073728296621,677699900.0,107.231999206543,0.091453043038,2.260713849749,50.102232254401,45.228342111348,0.655000305176
2022-12-27,107.76,0.655000305176,0.001571438052,0.0013844024,0.000221476287,-0.005445316105,-0.234238453803,0.073950139196,680318300.0,107.485998535156,0.20216272559,2.137142726353,51.635989182518,50.988401190422,0.809999694824
2022-12-28,109.745,0.809999694824,0.004144763282,0.001721243808,-0.000111354859,0.006650155935,-0.201263393454,0.072315152381,683245700.0,107.881999206543,0.073559317609,2.093571254185,51.181096274723,50.973105903881,-1.914998168945
2022-12-29,109.35,-1.914998168945,0.008531931312,0.001548689655,-0.000144981264,0.005517241379,-0.229724073995,0.068730089431,679980500.0,108.15,-0.241174325706,2.145714351109,41.474635335666,48.097240264302,0.959997558594
2022-12-30,109.41,0.959997558594,-0.004623284545,0.001624863388,-0.000860678939,-0.003551912568,-0.089183474676,0.0720015347,683028300.0,108.583999633789,0.349554633427,2.150714874268,64.334625821225,52.330119143871,0.380000915527
2023-01-03,111.19,0.380000915527,0.006557985378,0.002206135191,-0.000310363218,0.006153289295,-0.041332755073,0.073775476216,679557300.0,108.936000061035,0.003223661801,2.123571123396,57.201613781576,54.336958312822,-1.609998168945
2023-01-04,110.815,-1.609998168945,0.013049829178,0.001580848572,-0.00043285862,-0.001756598505,-0.034209144477,0.075006186782,675385400.0,109.216000366211,-0.168460259933,2.159285954067,54.320968266202,58.619069289668,0.394999084473
2023-01-05,111.1,0.394999084473,-0.00098912518,0.002478307831,-4.7513494e-05,0.0,0.064516309047,0.075792889287,679780900.0,109.744000244141,0.070040620733,2.098571777344,76.680324212544,62.734302086774,-0.299996948242
2023-01-06,111.02,-0.299996948242,0.010830297069,0.002261160714,-0.00203276272,-0.00875,0.085146020242,0.067811671826,674884000.0,110.338000488281,-0.105017490485,2.024999891009,81.962034089944,70.987775522897,1.310001831055
2023-01-09,112.585,1.310001831055,0.010593739808,0.001876321353,0.000256049912,-0.008236434109,0.17935726128,0.065645323554,678684400.0000001,110.742001342773,0.076479240761,2.00214276995,94.241624791743,84.29466103141,-0.434998474121
2023-01-10,112.93,-0.434998474121,0.003120806682,0.001880888889,4.7199607e-05,0.003822222222,0.2052123326,0.067729981776,671406700.0,111.214001464844,-0.407793425288,1.924285888672,81.118043376087,85.773900752591,0.919998474121
2023-01-11,114.95,0.919998474121,0.008959194432,0.002613737268,0.000415109173,0.000696439453,0.306377027738,0.075377617675,676998400.0,112.068000793457,0.391251306145,1.96571459089,97.281283891288,90.88031735304,-1.799998474121
2023-01-12,111.405,-1.799998474121,-0.010251910265,0.002464595053,-0.000342766542,-0.005223680686,0.295580816739,0.080668149351,671648100.0,112.456001281738,-0.226566330498,2.121429443359,73.178452071302,83.859259779559,-0.044999389648
2023-01-13,112.14,-0.044999389648,-0.000808225277,0.002449357419,0.000306050478,0.007818819089,0.144940438823,0.080425308285,666950400.0,112.568000793457,-0.203264170576,2.14714377267,54.276649699566,74.912128554052,1.37000213623
2023-01-17,113.72,1.37000213623,-8.8116783e-05,0.002303964758,0.001787237058,0.001938325991,0.165656666513,0.085227953123,672299100.0,112.804000854492,0.426709512373,2.201429094587,74.621661244576,67.358921005148,-0.330000610352
2023-01-18,113.44,-0.330000610352,-0.001587444273,0.001744545535,0.001091078082,0.002031622648,0.147445981406,0.08880741098,666588100.0,113.052000427246,-0.039702503691,2.195714678083,72.322483555057,67.0735981664,-1.92999786377
2023-01-19,111.47,-1.92999786377,-0.004035553484,0.001332613002,-5.6962755e-05,0.003691698181,-0.006863501275,0.084905629651,662299599.9999999,112.584001159668,-0.344931463074,2.247142791748,47.421410078074,64.788518292569,0.330003051758
2023-01-20,112.27,0.330003051758,0.00357776284,0.001748841355,-0.000100729142,0.000623885918,-0.099888058597,0.079128497114,668457300.0,112.314001464844,0.221611050073,2.202142987932,46.196437289619,55.313443640917,0.549999694824
2023-01-23,113.07,0.549999694824,-0.003456828494,0.002354887486,-0.001026706354,0.005692430846,-0.102809623961,0.072597737364,673535600.0000001,112.606001281738,0.229182921068,2.092142922538,59.174918271311,50.930921879668,0.94000213623
2023-01-24,112.895,0.94000213623,-0.010086847683,0.003225663717,0.000278353734,-0.00092920354,-0.038019529451,0.072476486947,679650900.0,112.706001281738,0.356490932319,2.13714327131,75.79251131224,60.38795562439,-0.365001220703
2023-01-25,111.3,-0.365001220703,-0.022482882847,0.007631818182,0.001499973415,0.011818181818,-0.104492360373,0.067793639254,674988900.0,112.534001159668,-0.113433737699,2.076429094587,42.335734912744,59.101054832098,-0.3
2023-01-26,111.32,-0.3,0.002252252252,0.001838202247,-0.000651596346,0.000629213483,-0.252706066161,0.062080254728,668918100.0,112.432000732422,0.20061608038,2.117857796805,23.114791001038,47.081012408674,-0.250000305176
2023-01-27,110.33,-0.250000305176,-0.003781382642,0.001194396746,0.000169619992,-0.002892001808,-0.341699628391,0.056850614196,673077600.0,112.286000061035,-0.052805140982,2.129286629813,24.262325833379,29.90428391572,-0.380003051758
2023-01-30,109.93,-0.380003051758,-0.001273300532,0.001388762408,-0.000546303772,0.001092796649,-0.464074335513,0.049072529749,668217000.0,111.711999511719,-0.234786199318,2.052144186837,5.901643444013,17.759586759477,-0.120002441406
2023-01-31,109.76,-0.120002441406,-0.000182102208,0.001493760816,0.000373016276,-0.00027324893,-0.537357369135,0.050259532594,663782200.0,110.871998596191,0.004780964601,2.009286608015,3.606573779332,11.256847685575,0.790003051758
2023-02-01,111.0,0.790003051758,0.002080467853,0.001859541433,0.001057730224,0.001985918036,-0.518644473243,0.048553458096,669480500.0,110.475999450684,0.22038687894,1.999286651611,24.633436658427,11.380551293924,0.819999694824
2023-02-02,111.74,0.819999694824,-0.00482919797,0.002227444285,0.000102050864,0.004133716751,-0.408246379219,0.044709104137,674012800.0,110.639999389648,0.225697338813,1.918572017125,50.600341024287,26.280117154015,0.51
2023-02-03,111.79,0.51,-0.003919843576,0.001907342814,-0.000151475397,-0.000178874877,-0.298845157576,0.044332168046,679064600.0,110.875999450684,0.334294814157,1.862857818604,57.975996817899,44.403258166871,9.15527e-07
2023-02-06,110.9,9.15527e-07,-0.001967986572,0.001667114816,2.0171732e-05,-0.00600519853,-0.251920302327,0.043231010751,675310100.0,111.244000244141,0.001482328503,1.789286477225,50.085781691051,52.887373177746,-0.15
2023-02-07,110.55,-0.15,-0.006410826948,0.00152871683,0.000263597281,0.004634678299,-0.283054486158,0.044359181268,671164500.0,111.432000732422,-0.327779236712,1.797143663679,32.246983239883,46.769587249611,1.43999786377
2023-02-08,111.76,1.43999786377,-0.005268294929,0.002136445242,0.000358825918,0.003231597846,-0.215333124035,0.044333137032,674566100.0,111.719999694824,0.396669594848,1.807144165039,53.516264488975,45.283009806636,-1.560003051758
2023-02-09,111.18,-1.560003051758,0.00444651095,0.001947330382,-0.00012752466,0.004426777487,-0.282077742282,0.043449032707,670343800.0,111.395999145508,-0.273400693253,1.843572344099,22.812959248798,36.192068992552,-3.110000305176
2023-02-10,108.15,-3.110000305176,0.001758142333,0.00151699612,-2.954143e-05,-0.001016072418,-0.450659028565,0.051013729915,666431100.0,110.559999084473,-0.331009022694,2.012857709612,7.788566934434,28.039263557402,0.010003662109
2023-02-13,108.6801,0.010003662109,0.001479253211,0.001249353767,-5.5977676e-05,0.003324409158,-0.531529821212,0.057752671095,670617400.0,109.833999633789,-0.040368862938,1.928571973528,10.569127878067,13.723551353766,-0.160103356934
2023-02-14,107.86,-0.160103356934,-0.00304086078,0.001317774286,-0.000139049826,-0.003050189481,-0.53474446301,0.059100287712,674328399.9999999,109.387998962402,0.079303653929,1.902857644217,20.612126369668,12.989940394056,-0.59999786377
2023-02-15,106.51,-0.59999786377,-0.004661569924,0.001423754215,-1.0994152e-05,-0.002341701012,-0.591282243158,0.063519367019,670084400.0000001,108.441999816895,-0.225619180021,1.847142900739,14.876050772712,15.352435006816,0.769998779297
2023-02-16,106.025,0.769998779297,-0.014075337,0.001798052378,-0.000954786639,0.002410891557,-0.595244432791,0.069303866329,674144700.0,107.858000183105,0.257226370167,1.812856946673,16.313200706262,17.267125949547,0.055001831055
2023-02-17,106.19,0.055001831055,-0.00509050628,0.001362990335,0.00074710639,0.00615880235,-0.642546014723,0.077554142661,670845700.0,107.460000610352,0.098224817799,1.832142421177,6.083135428664,12.424128969213,0.54999786377
2023-02-21,105.37,0.54999786377,-0.008338012062,0.002038167218,-0.000940123214,-0.004534718942,-0.594367361934,0.079722078249,674409800.0,107.175999450684,0.41504778488,1.862142835345,18.063568676767,13.486634937231,-1.719998474121
2023-02-22,103.21,-1.719998474121,-0.003955655148,0.001518306858,0.001116651003,-0.000290585045,-0.726830221352,0.087919650052,669205500.0,106.202000427246,-0.380805796902,1.976428440639,3.311290065512,9.152664723647,-0.519997558594
2023-02-23,103.08,-0.519997558594,0.005355880897,0.001593374661,0.00032930903,-0.001549786904,-0.82798371729,0.100283631295,660304600.0,105.288000488281,-0.065777686225,2.042857033866,18.387924163195,13.254260968491,-0.529996948242
2023-02-24,101.445,-0.529996948242,-0.010726534089,0.001439132578,0.000379906707,-4.9285362e-05,-0.849992870127,0.112003083852,655693500.0,104.342001342773,-0.152398603068,2.088570731027,17.212446861856,12.970553696854,-0.985000915527
2023-02-27,100.95,-0.985000915527,0.008162449754,0.001741015008,0.000321708218,-0.003258293839,-0.94374955672,0.128608911094,650216700.0,103.218000793457,-0.249654957942,2.15928540911,4.552711663465,13.384360896172,-1.180003356934
2023-02-28,100.08,-1.180003356934,0.000701610676,0.002241085737,0.000165035226,0.002403846154,-0.98606550419,0.144979230938,645726900.0,101.824000549316,-0.449309108835,2.182141985212,0.862690046654,7.542616190659,1.640001220703
2023-03-01,101.09,1.640001220703,-0.010027568425,0.002298907646,-0.000389016675,0.003872889772,-0.823194597898,0.151727940316,653603900.0,101.438000488281,0.357742946123,2.196426936558,16.871398139945,7.428933283355,-0.259998168945
2023-03-02,101.7,-0.259998168945,-0.00555395396,0.003600279246,-0.000186936533,0.014261493966,-0.71962070026,0.157903709087,649640399.9999999,101.066000366211,0.071822824122,2.131427219936,10.077509700166,9.270532628922,0.929997253418
2023-03-03,103.2285,0.929997253418,0.002630851405,0.00139941691,-1.4414416e-05,0.003192419825,-0.485333188008,0.154970999586,654850300.0,101.081999206543,0.448626188242,2.056428091867,31.329060437945,19.425989426019,1.221496948242
2023-03-06,103.78,1.221496948242,0.000574487216,0.002822505023,-0.000664666808,-0.006984977514,-0.179015854551,0.146302642553,659832700.0,101.879998779297,0.451233048931,2.112142835345,50.52737810538,30.644649414497,-1.03
2023-03-07,102.41,-1.03,0.001070565551,0.001639898892,-0.000403840362,-0.004374878476,-0.067839234461,0.138682507675,654827599.9999999,102.475999450684,-0.437114392145,2.15499986921,35.599066185347,39.151834909557,-2.429996643066
2023-03-08,99.975,-2.429996643066,-0.000600171894,0.00161287094,-0.00081983245,0.000600510434,-0.152931356612,0.137565611132,648478600.0,102.12799987793,-0.422620860813,2.235000065395,4.139713734159,30.088719341629,-0.574998474121
2023-03-09,99.35,-0.574998474121,0.004929555898,0.001625788367,0.000498507067,-0.005405946541,-0.216471340219,0.129490689477,642225999.9999999,101.841999816895,-0.252345025363,2.23357118879,1.722010294313,13.820263404606,-1.500001525879
2023-03-10,97.865,-1.500001525879,-0.000919737755,0.001398833879,-0.00038856811,0.00107405892,-0.32458181982,0.128958797538,637080000.0,100.886000061035,-0.400334081004,2.287142617362,3.69977281138,3.187165613284,-0.905000915527
2023-03-13,96.85,-0.905000915527,-0.003712877617,0.002283643892,0.000425911835,0.002587991718,-0.412101213399,0.134655468777,630037600.0,99.388000488281,-0.207903195393,2.313571384975,4.175380473733,3.199054526475,1.340002441406
2023-03-14,99.33,1.340002441406,0.011100889202,0.002217409795,-0.001051435352,0.000503626108,-0.345893717348,0.132699327997,636590600.0,98.476000976562,0.297228081077,2.272142682757,21.924521952053,9.933225079055,-0.779996948242
2023-03-15,97.08,-0.779996948242,-0.010654520743,0.002455076923,-0.000112811747,-0.004307692308,-0.241537072459,0.125256351394,641684500.0,98.190000915527,-0.158021283565,2.187143053327,26.309426342464,17.469776256083,0.720003051758
2023-03-16,97.54,0.720003051758,-0.007566518099,0.001627859056,0.000431988871,0.004945394601,-0.189026961859,0.120972881497,635972400.0000001,97.870001220703,0.127307932687,2.167858123779,17.174224350455,21.802724214991,1.489998779297
2023-03-17,98.73,1.489998779297,-0.000201925107,0.002174022826,0.001134253777,-0.002827997172,-0.044976388902,0.11066408949,641261500.0,98.106001281738,0.44352969978,2.140714917864,32.155903577624,25.213184756848,-1.71999786377
2023-03-20,97.888,-1.71999786377,0.002577053855,0.001791064727,-0.000728995801,0.006508662794,-0.058405806868,0.106537537298,630413400.0,98.11600189209,-0.357883405717,2.215000697545,7.551800434169,18.960642787416,-0.017997253418
2023-03-21,98.3749,-0.017997253418,0.003065243833,0.001382296017,0.000126277826,0.002087195681,0.014091175193,0.093056907506,636489100.0,98.052001953125,0.304231867733,2.10500063215,18.026839485919,19.244847832571,-0.044898168945
2023-03-22,98.63,-0.044898168945,0.002847541687,0.00132410506,-5.0651394e-05,0.000202819187,0.111085468981,0.088792113795,640964100.0,98.008001708984,0.077125153236,2.090000697545,23.629752222982,16.402797381023,-1.769999389648
2023-03-23,97.12,-1.769999389648,0.000412976619,0.001570278638,0.000194786699,0.002270381837,0.094928305115,0.089164203859,637357400.0,97.820001220703,-0.34150046936,2.072857448033,5.724741450152,15.793777719684,-0.079999084473
2023-03-24,97.1444,-0.079999084473,0.0,0.00144991756,0.000222491547,0.001075845012,0.113779866794,0.087910287872,641882400.0,97.422001647949,0.058153769364,2.03642817906,7.917193645357,12.42389577283,0.905603051758
2023-03-27,99.035,0.905603051758,0.009688902791,0.00161,-0.000777644911,0.000353535354,0.20629543989,0.088154417456,647151500.0,97.630001831055,0.404113607484,1.986428397042,24.739253179681,12.793729425063,-0.575000915527
2023-03-28,97.96,-0.575000915527,-0.003656313363,0.0015617737,-8.8671189e-05,-0.001427115189,0.301371192178,0.088346953994,651779200.0,97.748001098633,-0.216994974465,1.854285648891,53.350545350701,28.668997391913,-0.849999389648
2023-03-29,97.98,-0.849999389648,0.009267856248,0.001571370268,-0.000317769984,-0.000306091215,0.280061963477,0.087007063377,646963800.0,97.504000854492,-0.295288307489,1.914285932268,20.111755649295,32.733851393226,0.640002746582
2023-03-30,98.86,0.640002746582,0.007706291682,0.00214359026,0.000639382856,-0.005232441135,0.36880218803,0.085286232311,653744000.0,97.856001281738,0.212252722324,1.854285648891,71.704273908952,48.388858302983,0.220001831055
2023-03-31,99.98,0.220001831055,0.00847796046,0.00136365911,5.1342904e-05,0.00065055297,0.454018052109,0.077538794608,658943300.0,98.264001464844,-0.149741580503,1.792142595564,86.49523834779,59.437089302012,1.28000213623
2023-04-03,100.26,1.28000213623,-0.004542752072,0.001750992063,0.000282036434,-0.005357142857,0.641289419605,0.060583389596,665385700.0,98.906001281738,0.407106110189,1.757857186454,96.981861368084,85.060457874942,1.329996337891
2023-04-04,102.985,1.329996337891,0.003051532623,0.001756624141,6.2789785e-05,0.010647693817,0.763185429081,0.054139770902,670818100.0,99.532000732422,0.251797914293,1.719285692487,98.65886381544,94.045321177105,-0.184996948242
2023-04-05,102.84,-0.184996948242,-0.001653752853,0.001538633928,0.00019384348,0.002046185326,0.892136329131,0.065755592443,678797100.0,100.670001220703,0.30535916527,1.712142399379,92.174003409921,95.938242864482,1.369999084473
2023-04-06,104.6,1.369999084473,0.002686870567,0.00128241937,6.0290442e-05,0.001052732319,1.029478770618,0.082866720897,686095400.0,101.788000488281,0.449929499295,1.677142551967,98.9808681835,96.60457846962,0.330000305176
2023-04-10,103.95,0.330000305176,-0.004860403457,0.001838728213,-0.000209354911,-0.004501053438,1.118500902666,0.098498755371,691160399.9999999,102.958000183105,0.167112685273,1.582857404436,93.194262283479,94.783044625633,-0.250003051758
2023-04-11,104.34,-0.250003051758,0.004821600913,0.001583493282,0.00082339162,0.001343570058,1.04557608723,0.103694947668,686260200.0,103.445999145508,-0.185674291286,1.631429399763,79.692579798399,90.622570088459,-1.049999084473
2023-04-12,103.6,-1.049999084473,0.000968133152,0.001436309121,-4.1996306e-05,0.002031144211,0.924916774215,0.10787225199,681602200.0,103.786000061035,-0.276628855237,1.665714808873,75.192074801681,82.69297229452,-1.040002441406
2023-04-13,102.145,-1.040002441406,0.001852597952,0.001988321168,-0.000188578656,-0.005888077859,0.758133371201,0.109754372294,677041500.0,103.737998962402,-0.263783602093,1.598571777344,67.178866152453,74.021173584178,1.465000610352
2023-04-14,103.969,1.465000610352,0.0,0.001833317247,-0.000748729638,0.003464916514,0.683051255005,0.111984684958,681820200.0,103.617999267578,0.234348755158,1.63714327131,78.299754894876,73.556898616337,-0.009000915527
2023-04-17,104.825,-0.009000915527,0.00038477218,0.001672980769,0.000755915599,0.007932692308,0.623152188654,0.115689844405,686863900.0,103.423999023438,0.200908980472,1.610000065395,82.214725571628,75.897782206319,-0.305003356934
2023-04-18,104.9,-0.305003356934,0.008802198889,0.001824070561,-0.000286266931,-0.005121396055,0.587890932922,0.115583575439,691670300.0,103.587998962402,0.309947127273,1.571428571429,88.47867865443,82.997719706978,-0.749998474121
2023-04-19,109.085,-0.749998474121,0.041766667407,0.006844331797,-0.001257535649,0.005391705069,0.509230750576,0.115047847431,685118200.0,103.759999084473,-0.355910385867,1.565714154925,81.656852272565,84.116752166207,3.205000915527
2023-04-20,111.73,3.205000915527,-0.000356228651,0.001919821826,-0.000399222997,-0.004632516704,0.949419787182,0.146819146633,697543600.0000001,105.705999755859,0.43674405643,2.059999738421,97.110668191796,89.08206637293,-1.380001525879
2023-04-21,111.56,-1.380001525879,0.004802888868,0.001952561328,0.000379527278,0.006132756133,1.046291937893,0.155617588519,690130400.0,107.053999328613,-0.404471248286,2.154285430908,81.881267262039,86.882929242133,0.100003662109
2023-04-24,111.045,0.100003662109,0.000805985446,0.001893959732,0.000141368084,-0.006308724832,1.127924700793,0.164675192698,696431500.0,108.594000244141,0.320069914344,2.114285605294,91.78520052958,90.259045327805,-0.644998474121
2023-04-25,110.26,-0.644998474121,-9.0599059e-05,0.001213878069,0.000614071756,-0.001177642902,1.02914375435,0.167224767922,691089600.0,109.770001220703,-0.41196235598,2.113571166992,78.899112742677,84.188526844765,-0.289998779297
2023-04-26,108.71,-0.289998779297,-0.005910716729,0.001942645445,0.000434214769,-0.005579948774,0.873084401558,0.166302523296,685452900.0,110.934001159668,-0.240274648313,2.049999782017,74.954153605819,81.879488959359,0.04
2023-04-27,108.3,0.04,-0.000367824511,0.001200441542,-6.084912e-06,-0.003771502162,0.636898993682,0.155054518344,681212900.0,110.226000976562,-0.242538261891,2.043571472168,63.761475589873,72.53824731279,1.2
2023-04-28,109.67,1.2,-0.00054792291,0.001507675439,0.001441566323,0.002101608187,0.487142610123,0.147189716942,685470100.0,110.056001281738,0.219768706285,2.079285757882,70.642213387104,69.785947527599,0.800001220703
2023-05-01,110.53,0.800001220703,-9.054165e-05,0.001213108818,0.000269139638,0.000633713561,0.412338409079,0.139628645964,690305999.9999999,109.818000793457,0.354672196673,2.051428113665,79.541312137306,71.315000371428,0.580000610352
2023-05-02,111.29,0.580000610352,-0.000450031964,0.001272285251,2.301248e-05,0.002070952638,0.366434395242,0.137615494559,694028900.0,109.960000610352,0.20555134156,2.054285321917,85.41286945805,78.53213166082,0.21
2023-05-03,112.29,0.21,0.002780247162,0.001766627876,-0.000239678937,0.005192015039,0.324261229052,0.13487518035,699026900.0,110.266000366211,0.152467276463,2.052856990269,88.990847513051,84.648343036136,-0.52999786377
2023-05-04,110.935,-0.52999786377,-0.00277384737,0.00135935397,-0.000102130462,-0.004620906236,0.277602094999,0.13367952018,704628900.0,110.868000793457,-0.00964562775,2.024999891009,87.460536556816,87.288084509306,-0.074999389648
2023-05-05,111.32,-0.074999389648,0.004600416141,0.001442668582,2.0302245e-05,-0.000448953937,0.155915757042,0.132306390837,700558200.0,111.140000915527,-0.313007746893,2.047143118722,76.82930026071,84.426894776859,-0.05999786377
2023-05-08,110.7151,-0.05999786377,-0.007190392202,0.001862484157,-1.325005e-05,0.002309433279,0.07619061428,0.131815390281,704583200.0,111.298001098633,-0.075426436099,2.047143118722,81.263908627688,81.851248481738,0.184901525879
2023-05-09,109.35,0.184901525879,-0.006943230495,0.00125306456,-0.00033922645,-0.007082538818,-0.021729955187,0.126747807895,702137700.0,111.256001281738,0.176359515315,2.012857709612,61.174320134066,73.089176340822,0.9
2023-05-10,110.8201,0.9,0.00589570545,0.001036880072,-0.000307268571,-0.000720468891,-0.144379561522,0.118076883756,698863400.0,111.006001281738,0.042374736959,1.52642931257,48.863682330427,63.767303697394,-0.130097558594
2023-05-11,110.02,-0.130097558594,-0.005691615041,0.001371978921,0.000242387405,-0.000363438125,-0.206208777082,0.104396595145,701992500.0,110.792001342773,-0.072304676859,1.458572387695,57.197063827563,55.745022097352,0.030003051758
2023-05-12,109.979,0.030003051758,-0.00263517408,0.000947430758,0.000285981798,0.001995262391,-0.295128962605,0.091520623826,698113100.0,110.630001831055,0.0013675322,1.434286390032,45.075860465988,50.378868874659,0.51099786377
2023-05-15,110.54,0.51099786377,0.001357602758,0.001554501085,0.001078772411,-0.000903832249,-0.326772534712,0.076891531412,701438100.0,110.476000976562,0.34596166169,1.395714896066,53.409097466982,51.894007253511,-0.700003662109
2023-05-16,109.37,-0.700003662109,-0.002731203863,0.001132006573,-0.000497987233,-0.001551944495,-0.389673665972,0.060624046182,698418100.0,110.263999938965,-0.271223365865,1.437143598284,41.098459663343,46.527805865438,0.019999389648
2023-05-17,109.26,0.019999389648,0.003473784217,0.001130545686,-0.000622283216,-0.004646078163,-0.455217078505,0.031722902475,695024300.0,110.091999816895,-0.057015846535,1.401428767613,32.575788220285,42.36111511687,-0.440000305176
2023-05-18,108.275,-0.440000305176,-0.0008270202,0.001176308287,8.284529e-06,-0.004184677642,-0.525601490895,0.031261197509,691223300.0,109.717999267578,-0.227081953036,1.411428724016,17.068257092069,30.247501658566,0.195001220703
2023-05-19,109.26,0.195001220703,0.004701780497,0.001380069738,-0.00021532979,0.002569278767,-0.580092564949,0.03499400633,687741700.0,109.401998901367,-0.129551352251,1.375,11.811007063884,20.485017458746,-0.329999694824
2023-05-22,109.175,-0.329999694824,-0.002295051862,0.001072414428,7.565892e-06,0.00455465587,-0.568751190112,0.034731943655,692228900.0,109.089999389648,-0.00857135992,1.3707144601,20.866117485699,16.581793880551,-0.925
2023-05-23,107.12,-0.925,-0.008775953332,0.001850976744,-2.3459121e-05,-0.003534883721,-0.588197644099,0.038017548056,689419400.0,108.77200012207,-0.166226449877,1.352142878941,7.480269430603,13.385797993395,-1.38000213623
2023-05-24,104.93,-1.38000213623,-0.0008511097,0.002174633223,6.7382792e-05,-0.00681495504,-0.741367717709,0.051884612326,685081600.0,108.041999816895,-0.388691095928,1.438571929932,3.531317851105,10.625901589135,-0.889999084473
2023-05-25,102.03,-0.889999084473,-0.007401040616,0.002871114554,0.001059849918,-0.012007359349,-0.916941371313,0.070055717814,680574000.0000001,107.086000061035,-0.476961154352,1.477857317243,0.644369046213,3.885318775974,0.109999389648
2023-05-26,102.9,0.109999389648,9.7925752e-05,0.002352227117,0.000218823383,0.007342143906,-1.108027223818,0.093232706249,673839500.0,105.819999694824,-0.24726936117,1.6071434021,7.812525610594,3.996070835971,-0.029997253418
2023-05-30,101.79,-0.029997253418,-0.006027050938,0.001614474328,-0.000137637012,-0.004498777506,-1.128452600307,0.106452228563,678751300.0,104.608000183105,0.260423789272,1.616428920201,15.789535841556,8.082143499455,-0.080000915527
2023-05-31,100.86,-0.080000915527,-0.002064684754,0.001821674877,0.000158452627,-0.006305418719,-1.1588844255,0.120107151657,673582600.0,103.3,-0.279541795233,1.585000719343,3.838199970319,9.14675380749,1.14
2023-06-01,101.229,1.14,-0.000882317038,0.001701501325,0.000432157755,-0.006682366794,-1.098815575627,0.128415713327,680646000.0000001,102.552000427246,0.141539877812,1.624286106655,15.28303597761,11.636923929829,1.590999694824
2023-06-02,103.25,1.590999694824,0.004765589041,0.001576904462,-0.000350966368,-0.000580776304,-0.948843857396,0.131003183688,685249900.0,102.308000183105,0.238319559866,1.664285932268,23.018877700144,14.046704549358,0.949996948242
2023-06-05,104.62,0.949996948242,-0.001343564239,0.001163751682,-0.000343210402,0.005381510667,-0.712484185258,0.130588002726,691274200.0,102.719999694824,0.277614009134,1.707857404436,36.037712216004,24.77987529792,-0.85999786377
2023-06-06,103.17,-0.85999786377,0.001060144642,0.001809858477,-0.000521904463,-0.006739193222,-0.548892328006,0.128680961039,687708300.0,102.897999572754,-0.08177123193,1.724286215646,33.531788377895,30.862792764681,-0.549997253418
2023-06-07,102.34,-0.549997253418,-0.001948982384,0.00144112478,-0.000176712953,-0.000781097442,-0.482907303019,0.128228746631,683664000.0,103.080000305176,-0.334538985403,1.768572126116,23.333375716401,30.967625436767,-0.679996337891
2023-06-08,101.23,-0.679996337891,-0.004033087225,0.001853333333,-0.000604899113,-0.000197530864,-0.468971551193,0.129668032217,677432800.0,103.012001037598,-0.300351175764,1.722857883998,13.333391612004,23.399518568767,-0.450001220703
2023-06-09,100.9,-0.450001220703,0.001885318949,0.001801525206,-0.000575011095,-0.00069327523,-0.482215886464,0.129941319643,672273800.0,102.604000854492,-0.286106441982,1.731430053711,4.166679911701,13.611149080035,0.790002441406
2023-06-12,101.81,0.790002441406,0.001475011239,0.000895031422,0.000547898496,-0.000294579733,-0.396468652724,0.127237933843,676549800.0,102.102001953125,0.257080353877,1.721430097307,14.653297875785,10.71778979983,-0.409998474121
2023-06-13,101.705,-0.409998474121,0.000887537836,0.001607941669,0.000736454655,0.002118435314,-0.328848289454,0.121261333186,672920700.0,101.630001831055,-0.190903077585,1.712144579206,14.366245006638,11.062074264708,0.155000610352
2023-06-14,103.355,0.155000610352,0.014235194773,0.002245668377,-0.000455938317,0.000435582228,-0.227521508965,0.113875308878,677562900.0,101.478001403809,0.169265242716,1.597858428955,28.083532386998,19.03435842314,-0.105
2023-06-15,103.42,-0.105,9.687299e-05,0.001378558977,-5.4338567e-05,0.001549486733,-0.050510902065,0.104036956944,682583500.0,101.796000671387,-0.016114755253,1.636429922921,61.987034973034,34.81227078889,1.599996643066
2023-06-16,105.77,1.599996643066,0.00399929358,0.002416066009,-0.000859023192,0.003129742033,0.189023334013,0.09475564235,688962100.0,102.644000244141,0.408710768575,1.601429530552,93.927066711901,61.332544690644,0.429996948242
2023-06-20,105.37,0.429996948242,-0.009416196127,0.002394106464,-0.00052693108,0.001615969582,0.417106378752,0.087566344424,698982600.0,103.545999145508,0.322314886214,1.61071559361,94.022575095492,83.312225593476,1.329996948242
2023-06-21,105.905,1.329996948242,-0.000749711377,0.001932095292,-0.000376761826,-0.006706058901,0.581708847829,0.078527543931,705555700.0,104.60599822998,0.283738754066,1.715715135847,86.694086423172,91.547909410188,0.345
2023-06-22,106.95,0.345,0.004141199449,0.001654325616,1.7961987e-05,0.002436966913,0.63594177048,0.070423494423,701127100.0,105.48399810791,-0.155458773906,1.662858145578,80.084169470536,86.933610329733,1.3
2023-06-23,107.69,1.3,-0.000461921956,0.001939926063,0.00030238503,-0.00471349353,0.77305786189,0.079799111824,706607400.0,106.48399810791,0.415118103255,1.671429770333,98.593342511122,88.457199468277,0.360003051758
2023-06-26,107.76,0.360003051758,0.000462706348,0.001267345051,-0.00025959295,-0.003145235893,0.812775044793,0.088906295464,700960399.9999999,107.089999389648,-0.061140094241,1.632143838065,94.346771344943,91.0080944422,0.75000213623
2023-06-27,108.48,0.75000213623,0.003501956003,0.001657636147,-8.5934724e-05,-0.003765267701,0.829629364621,0.096688288945,707095100.0,107.552000427246,0.096168089216,1.685000283378,91.926215720913,94.955443192326,-0.689999084473
2023-06-28,107.86,-0.689999084473,0.001577123736,0.001473601334,-0.000387046503,-0.000926268989,0.754074397585,0.101195358449,702245400.0,107.770001220703,-0.243389296622,1.710000719343,83.621701618488,89.964896228115,-0.249999389648
2023-06-29,107.3294,-0.249999389648,-0.005389850644,0.001025506867,0.000133466801,0.002797346538,0.657302704831,0.102192813647,698345400.0,108.042001342773,-0.217847097788,1.668572017125,81.545573092881,85.697830144094,0.330603662109
2023-06-30,108.53,0.330603662109,0.003158056161,0.001391666667,0.000205976261,0.004907407407,0.565485862563,0.10262756761,701762800.0000001,107.924002075195,0.358068949647,1.654285975865,82.122309682413,82.429861464594,0.489996643066
2023-07-03,107.591,0.489996643066,-0.00706289366,0.001925542725,-0.000289447848,-0.006087759815,0.563899455418,0.106670526442,706212000.0,108.118000793457,0.318496254955,1.671428135463,96.257311495749,86.641731423681,-0.370998779297
2023-07-05,106.96,-0.370998779297,-0.004663309031,0.002314655172,-0.000186147093,0.002248875562,0.416002580524,0.107633180854,703944000.0,107.860000610352,-0.348409051903,1.733570643834,74.761944543526,84.380521907229,0.410002746582
2023-07-06,106.62,0.410002746582,-0.005774450319,0.001896955504,-0.000298504003,-0.001217798595,0.307650233179,0.107981346572,708912600.0,107.776000976562,0.24193336443,1.751428331648,69.785358799204,80.26820494616,0.579996948242
2023-07-07,106.99,0.579996948242,-0.008395465691,0.002061994356,0.000778088829,0.006491063029,0.208640321738,0.105643282176,703587599.9999999,107.694000244141,0.177864943775,1.681428091867,65.650066486478,70.06578994307,-0.640001525879
2023-07-10,107.18,-0.640001525879,0.002162702024,0.002107337211,-0.000412817009,0.005629574029,0.076805253816,0.099261707188,698533900.0,107.431999206543,0.022184339106,1.656428200858,32.65762707634,56.031017454007,-0.160003356934
2023-07-11,107.49,-0.160003356934,0.0,0.001086712764,0.000295007461,0.004391702486,0.028134605908,0.088195785884,703793400.0,107.031999206543,0.157504400046,1.649999346052,47.747693555288,48.685129039368,0.01
2023-07-12,107.45,0.01,0.005209279615,0.001229224505,-0.000317963083,-0.00564501203,0.021952051593,0.078793091222,707693100.0,107.087998962402,0.267969621732,1.517142704555,50.670282949324,43.691867860317,-0.600001525879
2023-07-13,106.92,-0.600001525879,-0.00149738919,0.001632767832,0.000551482416,0.002155778423,-0.029439993965,0.064389169989,702847800.0,106.98399810791,-0.383070300493,1.545713697161,23.853198158849,40.757058221154,0.81999786377
2023-07-14,107.9,0.81999786377,0.002413236879,0.001438611111,-9.527249e-06,-0.000925925926,-0.008128056424,0.047777002014,707784600.0,107.091998291016,0.39800686958,1.490713936942,51.070332808311,41.864604638828,0.030000305176
2023-07-17,106.925,0.030000305176,-0.003613447499,0.001703087223,0.000628348748,-0.005718802306,0.012982477799,0.034265815251,711800200.0,107.407998657227,-0.021155545542,1.50214276995,56.880810985743,43.934780650968,0.075
2023-07-18,106.53,0.075,-0.001775723751,0.002345098774,-0.000477759059,-0.00262147739,-0.038645421213,0.027952434676,707219400.0,107.403999328613,-0.265327560297,1.41714314052,28.440405492872,45.463849762309,0.419996948242
2023-07-19,108.0096,0.419996948242,0.001122045348,0.001531708228,-6.478634e-05,0.008775567386,-0.07691049161,0.02621592724,703305500.0,107.293998718262,0.062660532118,1.350000108991,29.289901418574,38.20370596573,-0.729601220703
2023-07-20,109.395,-0.729601220703,0.007643546832,0.008362627197,0.000925129492,0.011979648474,-0.080367763263,0.025434319394,709531400.0,107.379998779297,0.106741940223,1.375,39.05327713207,32.261194681172,2.435001831055
2023-07-21,112.84,2.435001831055,0.009120957045,0.003149490474,-0.000944286495,-8.8613203e-05,0.207666848491,0.042370798864,718300000.0,108.197999572754,0.410769533687,1.689285823277,88.804874488231,52.382684346292,1.450000915527
2023-07-24,113.8051,1.450000915527,-0.003937392371,0.002384926212,0.000534787374,-0.000306570625,0.529451190011,0.068663370012,725362700.0,109.469999694824,0.303445624188,1.780714852469,94.337487007252,74.065212875851,0.814902746582
2023-07-25,112.83,0.814902746582,-0.013173984471,0.001912032535,-0.000113520746,-0.00247546636,0.71838256639,0.087278700128,731028600.0,110.994000244141,0.158730879274,1.827857971191,87.740640844613,90.294334113365,0.100000305176
2023-07-26,113.015,0.100000305176,-0.003807671159,0.001777777778,0.000229482372,0.004577777778,0.683590890313,0.09481145381,726296100.0,112.190000915527,-0.086526204323,1.880000523158,70.618027157192,84.232051669686,1.065001831055
2023-07-27,113.915,1.065001831055,0.003330971663,0.001721125284,0.001251276241,-0.00476148873,0.690082152851,0.104282250943,729978600.0,113.550001525879,0.419872739911,1.923572540283,82.26950847173,80.209392157845,-1.264998474121
2023-07-28,113.07,-1.264998474121,0.004704827094,0.001376568298,0.000341453776,-0.000971903163,0.555885952503,0.107679417887,725215700.0,113.714001464844,-0.425864670594,1.939286368234,67.7811608821,73.556232170341,-0.339996643066
2023-07-31,112.14,-0.339996643066,0.001064447029,0.001732388126,1.2118927e-05,-0.006291537439,0.435642194721,0.110356374534,728624900.0,113.402001953125,-0.182176766931,1.920714787074,68.591716188929,72.88079518092,-0.809998168945
2023-08-01,110.64,-0.809998168945,-0.005569053592,0.0020377563,0.000441979424,-0.00063228254,0.235003660749,0.111248945502,724694100.0,112.74400177002,-0.337195175396,2.01214327131,54.407307514657,63.593394861895,-0.110001220703
2023-08-02,109.92,-0.110001220703,-0.004614151288,0.001755249046,0.000610179224,-0.00090892565,0.032247922088,0.109503698569,720960399.9999999,112.264001464844,-0.090439844916,1.975000653948,46.301909043985,56.43364424919,-1.299997253418
2023-08-03,107.39,-1.299997253418,-0.008377864473,0.002163494569,-0.000891475723,-0.002970940488,-0.232116707031,0.108039300943,716261000.0,111.172001647949,-0.317250617686,2.055714743478,26.950384210998,42.553200256546,0.150000915527
2023-08-04,107.98,0.150000915527,-0.002045761752,0.001550503168,-0.000182491232,0.006149832277,-0.467740832566,0.107491309708,711313300.0,110.150001525879,-0.067209076001,2.069286346436,16.008119465233,29.753470906738,-0.329998474121
2023-08-07,108.08,-0.329998474121,0.003158349587,0.001566441337,-0.000356460603,0.000833410501,-0.595989909522,0.105018539642,714544399.9999999,109.134001159668,0.116967632938,2.089286259242,17.12261368742,20.027039121217,0.369996948242
2023-08-08,105.5137,0.369996948242,-0.007837699383,0.003866171004,0.000163910794,-0.019389405204,-0.604823119183,0.102884286258,718176900.0,108.558000183105,0.244009083401,2.070000239781,15.849472204418,16.326735119024,0.066301831055
2023-08-09,106.74,0.066301831055,-0.000757736595,0.00222464455,-0.000151073295,0.011753554502,-0.771177433482,0.107229983309,710632600.0,107.568000793457,-0.238385527789,2.330000196184,15.707262226441,16.22644937276,-1.439996948242
2023-08-10,105.93,-1.439996948242,0.001709404558,0.001374668184,0.000267682321,0.004266211604,-0.86049717149,0.11099412358,705497400.0,106.904000854492,-0.049971459389,2.075000217983,13.404641379818,14.987125270225,-1.19000213623
2023-08-11,104.165,-1.19000213623,-0.004964642483,0.002609383995,-0.000700732649,-0.000527729802,-0.912758948969,0.117468651562,700789199.9999999,106.344000244141,-0.144102064635,2.033571515765,8.799336944859,12.637080183706,1.144997558594
2023-08-14,105.57,1.144997558594,-0.001614264295,0.001185276774,0.000735930036,0.004089785049,-0.864859231985,0.122088700943,704267800.0,105.875999450684,0.325025547439,1.967142922538,15.018311945895,12.407430090191,0.529998474121
2023-08-15,105.84,0.529998474121,0.000471282304,0.001596168943,-0.000544025493,-0.002920395667,-0.740680059962,0.123631604519,707343900.0,105.405999755859,0.449532813533,1.893571581159,22.252753776679,15.356800889144,-0.899997558594
2023-08-16,105.115,-0.899997558594,-0.004574074193,0.00198640628,0.000146927354,0.006270342715,-0.697956170702,0.127610608734,704193300.0,105.27799987793,-0.370501677867,1.870713915144,11.630077704192,16.300381142255,-0.585001220703
2023-08-17,105.185,-0.585001220703,0.006409625722,0.001785076046,-0.000305492043,-0.000142585551,-0.65907298723,0.132768390079,700106900.0,105.123999023438,0.04173037777,1.789285387312,8.73097201511,14.204601165327,-0.254999694824
2023-08-18,104.605,-0.254999694824,-0.003526186462,0.002036725325,-0.000318583048,0.000430374904,-0.571440605036,0.135507475416,704282100.0,105.161999511719,-0.087590332485,1.805714198521,13.665964959576,11.342338226293,-0.895000915527
2023-08-21,103.9,-0.895000915527,0.000674956084,0.001115340143,0.000417970584,0.001156292156,-0.559929365728,0.133795062755,699472399.9999999,104.841999816895,-0.230182163913,1.776428222656,5.395235122485,9.264057365724,-0.029997253418
2023-08-22,104.4166,-0.029997253418,9.6221301e-05,0.002086445899,-0.001022421118,0.005165575664,-0.507387942291,0.127315716371,702427100.0,104.396000671387,0.047913316906,1.777857099261,8.526071146198,9.195757076086,0.733401525879
2023-08-23,106.03,0.733401525879,0.005230579309,0.001593945128,0.000353024705,0.003122043519,-0.359251990945,0.121118628774,707267599.9999999,104.438000488281,0.359437123066,1.730713980539,34.000049931673,15.973785400119,-0.900002746582
2023-08-24,105.145,-0.900002746582,-0.002092586294,0.001354875608,0.000354702782,0.002240015251,-0.241109122595,0.107584019173,703864300.0,104.558000183105,-0.211327170734,1.718570709229,33.636335886995,25.387485654956,-1.395
2023-08-25,104.68,-1.395,0.002602377283,0.001360219189,-0.000511316565,0.006344933667,-0.234200620375,0.098545292357,700334799.9999999,104.32200012207,-0.25056314122,1.76999936785,8.85125116214,25.495878993603,-0.470000915527
2023-08-28,103.95,-0.470000915527,0.008252572862,0.002436470924,-0.000928074866,-0.010659560293,-0.179415760676,0.083654132438,703335600.0000001,104.42200012207,0.070908315714,1.807856423514,21.527786357826,21.33845780232,-1.159999084473
2023-08-29,103.61,-1.159999084473,0.00437782804,0.001380085238,0.000324658984,0.003583882216,-0.217062948387,0.074173414376,697473100.0,104.205999755859,-0.326143888203,1.704285212926,17.612552215348,15.997196578438,0.260002746582
2023-08-30,104.68,0.260002746582,0.002021749099,0.001557647963,-0.000413565996,0.005764796311,-0.150632335009,0.061577565114,701988700.0,103.95,0.332749012254,1.663570949009,38.747614873766,25.96265114898,-0.269996337891
2023-08-31,104.23,-0.269996337891,0.00105347167,0.000817451206,-0.000154183266,-0.002774588595,-0.056568450082,0.054451297786,705700000.0,103.806001281738,0.169789728526,1.579999651228,58.198688365569,38.186285151561,-1.329998474121
2023-09-01,103.505,-1.329998474121,0.00485908642,0.00149303675,-0.00019034104,0.001015473888,-0.080813024816,0.052999492689,701657700.0,103.636001586914,-0.462570844066,1.579999651228,23.325674570239,40.090659269858,-0.655001525879
2023-09-05,102.1,-0.655001525879,-0.000680599863,0.001666180191,2.1322688e-05,-0.006616073166,-0.084582189403,0.049493808154,699016600.0,103.364001464844,-0.217598267627,1.590714045933,22.535178470515,34.686513802108,-1.220002746582
2023-09-06,99.87,-1.220002746582,0.001288708231,0.003038610039,-0.000269307648,-0.011286011286,-0.197657195506,0.046900801164,694732600.0,102.982000732422,-0.469985781134,1.617856706892,0.190734941003,15.350529327253,1.689997558594
2023-09-07,101.97,1.689997558594,0.004233953481,0.001594927607,0.000972632847,-0.000196097657,-0.203747999573,0.050685862195,699827000.0,102.519999694824,0.131360417147,1.714285714286,28.233435254639,16.986449555386,-1.300001831055
2023-09-08,100.335,-1.300001831055,-0.000695338195,0.001015308151,2.5136427e-05,-0.002634194831,-0.24219321823,0.057138487025,695963800.0,101.771998596191,-0.364090893592,1.738571166992,14.195598778503,14.206589658048,0.395003356934
2023-09-11,101.34,0.395003356934,0.00069492398,0.002148589065,0.000328369089,0.005357142857,-0.237723115159,0.062400201355,699485100.0,101.337998962402,0.0711933003,1.681428636823,15.142052255321,19.190362096154,1.109996948242
2023-09-12,102.4,1.109996948242,-0.000780812143,0.001910281875,-0.000410173486,0.000293054606,-0.100110449095,0.061261230539,704376200.0,101.257998657227,0.332358457664,1.790713718959,42.271271730776,23.869640921533,1.525879e-06
2023-09-13,102.52,1.525879e-06,-0.003222674083,0.001807583031,-0.000692477614,0.004408739101,0.001011120832,0.057075528513,700844800.0,101.561999511719,0.017808487508,1.755713871547,41.482700893701,32.965341626599,0.170002441406
2023-09-14,103.49,0.170002441406,0.00516115266,0.001523175956,0.000108563336,0.002615772137,0.0956552863,0.055286144272,704037300.0,101.788000488281,0.231357157038,1.760714394706,48.026396685362,43.926789769946,-0.839998474121
2023-09-15,102.87,-0.839998474121,0.001948338483,0.001569553441,0.000263547615,0.000194457948,0.160000172937,0.0540755452,699950700.0,102.184001159668,-0.253731290228,1.680714743478,52.844081894935,47.451059824666,-1.13000213623
2023-09-18,101.75,-1.13000213623,0.003243580086,0.001211619477,-0.000182364771,-0.00313510336,0.146094777753,0.052568514212,691649800.0,102.386000061035,-0.386688936347,1.675000326974,36.146781021529,45.672419867275,-0.75
2023-09-19,101.26,-0.75,0.003762349044,0.001893316674,6.5854623e-05,-0.001183665417,0.094388959012,0.054642280708,687997199.9999999,102.096000671387,-0.398768356148,1.531428745815,23.163882391007,37.38491510249,-0.590001831055
2023-09-20,100.91,-0.590001831055,0.005165434409,0.002080245084,-0.000136191934,-0.002767071845,0.047650929011,0.056724760595,683906400.0,101.75,-0.186015291707,1.579285757882,16.949164715419,25.419942709318,-0.630001220703
2023-09-21,99.285,-0.630001220703,-0.002792169752,0.002334888889,-0.000901126102,-0.00715,0.002539187385,0.055383467533,679940400.0000001,101.267999267578,-0.415912345638,1.570000239781,10.602943576818,16.905330227748,-0.354999694824
2023-09-22,98.79,-0.354999694824,-0.000303232378,0.00157392446,-2.0305287e-05,-0.002322763078,-0.100459082316,0.057296882979,675996700.0,100.523999023438,-0.389473632468,1.549285888672,1.619469463576,9.723859251938,-0.639998474121
2023-09-25,97.79,-0.639998474121,-0.001833930743,0.001343676636,-0.000247642922,-0.001837297132,-0.1977351514,0.064764414596,671638900.0,99.805999755859,-0.407450473105,1.526428767613,2.321513233846,4.847975424747,-0.319998779297
2023-09-26,97.29,-0.319998779297,-0.00430899932,0.001136012365,0.000206538692,0.002472952087,-0.279492936302,0.071315261442,667542600.0,99.1,-0.232710026736,1.460000174386,4.798724496585,2.913235731336,-1.059996643066
2023-09-27,96.56,-1.059996643066,0.003740964028,0.001165648618,-0.000218407135,-0.000310591159,-0.382338998131,0.083919590634,663574900.0,98.212001037598,-0.265539404409,1.403571537563,2.635105047012,3.251780925814,-1.030001220703
2023-09-28,96.73,-1.030001220703,0.007850936979,0.001320004155,-0.000100331088,0.004673867885,-0.457678884968,0.093743050542,658183900.0,97.262001037598,-0.231708641948,1.432857513428,8.690706432682,5.374845325427,1.390002746582
2023-09-29,97.6101,1.390002746582,0.003363169511,0.001796952768,-0.000788220766,-0.008531234129,-0.300825190809,0.089965354118,664276700.0,97.100001525879,0.43693453615,1.559285845075,37.923254836424,16.416355438706,-0.760101525879
2023-10-02,94.86,-0.760101525879,-0.01125447966,0.002494662582,0.000318971624,-0.009398496241,-0.252310654971,0.092291948725,659126200.0,96.840000915527,-0.383608413136,1.520000457764,23.58912182481,23.401027697972,0.870003356934
2023-10-03,95.81,0.870003356934,-0.002193739752,0.002054020101,-0.000725253815,0.0030360134,-0.264095915964,0.096599969088,654777000.0,96.492001342773,-0.003925643684,1.591429029192,13.201364727931,24.904580463055,-0.019999084473
2023-10-04,95.72,-0.019999084473,0.001043934369,0.001450620503,-0.000381039459,-0.001772864741,-0.237151814652,0.102387173319,659374500.0,96.404000854492,0.093206585178,1.606428418841,13.861403588234,16.883963380325,-0.069998474121
2023-10-05,96.43,-0.069998474121,0.0011500325,0.002270258981,0.000428162089,0.006996658312,-0.199568174723,0.106223905938,655038400.0,96.428001403809,-0.07157644799,1.635713304792,13.397161060745,13.486643125637,-0.230003051758
2023-10-06,95.6,-0.230003051758,-0.004054047838,0.001549420729,-0.000328291771,-0.002191838013,-0.112797361433,0.108748891115,660746700.0,96.044000244141,0.146626857255,1.648571014404,22.148514137243,16.469026262074,1.279997253418
2023-10-09,96.58,1.279997253418,-0.004851296497,0.001763302562,-0.000221953211,0.001763302562,0.0088080457,0.109149015371,665537200.0000001,96.05,0.270339746015,1.70142854963,31.628511134351,22.391395444113,0.18000213623
2023-10-10,96.74,0.18000213623,0.000620065701,0.001724850238,0.000354208529,-0.000826275563,0.094798430773,0.104963819956,661578900.0,96.255999755859,0.149746118075,1.658571515765,32.697997894325,28.825007721973,0.819997558594
2023-10-11,95.44,0.819997558594,-0.004099978541,0.003333127477,0.000356885494,-0.017652205239,0.212453834087,0.098528095221,665931100.0,96.609999084473,0.204473728885,1.717142922538,53.439149158069,39.255219395582,-2.800000610352
2023-10-12,92.4212,-2.800000610352,-0.004209837999,0.002477831978,-7.0227871e-05,0.001855826558,-0.021732286589,0.101924248223,656661800.0,96.007998657227,-0.414690541267,2.008571079799,8.575531589228,31.570892880541,-2.231197558594
2023-10-13,90.93,-2.231197558594,-0.003437245588,0.002270360481,0.000786915901,0.011682242991,-0.306490194969,0.113001798051,649274800.0000001,94.805999755859,-0.283147548813,2.187142508371,5.882398631568,22.632359792955,-0.059997253418
2023-10-16,91.435,-0.059997253418,0.002531041274,0.002141602634,-0.000424711543,0.003677277717,-0.407570374427,0.118224080276,654898400.0,93.604000854492,0.27774757971,2.244286128453,13.574706323005,9.344212181267,0.745000305176
2023-10-17,91.76,0.745000305176,-0.002495154656,0.002463295269,0.000555364929,-0.002066340402,-0.34709223354,0.117161983641,661350700.0,92.688000488281,0.282151622025,2.279285975865,28.393676577923,15.950260510832,0.379999389648
2023-10-18,92.91,0.379999389648,0.041892778771,0.009583333333,0.000433402696,-0.0321875,-0.273885486813,0.114411783218,653062100.0,91.604000854492,0.063782830356,2.248571668352,27.941177736623,23.303186879184,2.649997558594
2023-10-19,95.48,2.649997558594,0.010255372352,0.002198570541,-0.000160971152,-0.010979904703,0.024894983637,0.105462358944,669544700.0,92.188000488281,-0.019984371367,2.398571559361,66.628922461796,40.987925592114,-0.039997558594
2023-10-20,96.28,-0.039997558594,-0.001990805077,0.003398950131,-0.000189515386,0.010813648294,0.223427285901,0.099987834281,661006900.0,93.238000488281,-0.183277421692,2.452142987932,65.419551830514,53.329884009645,0.499998779297
2023-10-23,97.7945,0.499998779297,0.001033255584,0.001878612717,0.000219252618,0.009439512799,0.441382595009,0.097219425135,672523500.0,94.419999694824,0.278775196552,2.493571690151,80.612254598124,70.886909630145,-2.014501220703
2023-10-24,95.1,-2.014501220703,-0.003967396724,0.002819077568,0.000944287262,-0.003144654088,0.509747191221,0.094952776293,666344700.0,95.139999389648,-0.207884889817,2.557857513428,69.274385726388,71.768730718342,-0.290002441406
2023-10-25,94.18,-0.290002441406,-0.002636852721,0.001664287099,0.000462009914,-0.003965945746,0.481520076594,0.094449047141,659667700.0,95.673999023438,-0.190129328359,2.556429726737,58.276639080633,69.387759801715,-0.610000305176
2023-10-26,93.83,-0.610000305176,-0.005450487741,0.002595099936,0.001116100948,0.008274231678,0.375902824243,0.095459451142,651510000.0000001,95.275999450684,-0.257681571765,2.587143489293,44.217705899983,57.256243569001,0.150003356934
2023-10-27,94.59,0.150003356934,0.00819319659,0.003419525066,-0.001330862031,-0.001688654354,0.331758047859,0.090760095902,658348100.0,94.983999633789,0.279634887269,2.561428615025,48.86627365791,50.453539546175,-1.740001525879
2023-10-30,92.89,-1.740001525879,0.007323643687,0.002430667095,-0.000991684334,-0.00535389228,0.229421279319,0.090195202951,652414000.0000001,94.197999572754,-0.307297242281,2.684285845075,36.054426472161,43.046135343351,0.11
2023-10-31,93.72,0.11,0.009677435762,0.00275115371,-0.000177742623,-0.001916932907,0.177139681145,0.090709363312,659582900.0,93.641999816895,-0.108027560197,2.706428527832,39.268873967358,41.396524699143,0.830003051758
2023-11-01,94.745,0.830003051758,0.003172875861,0.002218239325,-0.000460508716,-0.00110701107,0.247913471351,0.089769432219,667035200.0,93.590000915527,0.191997825623,2.448571886335,57.547204603957,44.290168347826,0.26500213623
2023-11-02,95.25,0.26500213623,-0.000315743381,0.002719309328,-0.000348613334,0.002842703727,0.321979364291,0.089138921797,674020200.0,93.878001403809,0.063470849489,2.307856968471,62.350145124762,53.055407898693,0.709999084473
2023-11-03,96.51,0.709999084473,0.010837858748,0.001711340206,-0.000180062898,-0.005051546392,0.424762689791,0.088703632501,678703300.0,94.274000549316,0.292250609126,2.299284798758,69.917543827982,63.271631185567,-0.670003662109
2023-11-06,95.05,-0.670003662109,-0.003025806524,0.002019187162,-0.001999696516,-0.005232862376,0.470904473005,0.086434521573,673050700.0,94.87200012207,-0.376230885464,2.264998844692,66.47307121502,66.246920055921,-0.05
2023-11-07,95.03,-0.05,-0.000736838893,0.002017275887,0.000434472595,0.001053407774,0.432104010814,0.083266912286,666913300.0,95.27200012207,-0.189062128642,2.242141178676,51.612895656913,62.667836899972,-0.229996948242
2023-11-08,95.31,-0.229996948242,0.004430360289,0.00172757824,-8.802776e-06,0.000945179584,0.381955792596,0.07661121468,662446799.9999999,95.32200012207,-0.064189476932,1.962855747768,48.540746922915,55.542237931616,-0.57000213623
2023-11-09,94.77,-0.57000213623,0.001477722111,0.002051854975,-0.000583061761,-0.001159359191,0.335387265787,0.075449399772,658030799.9999999,95.267999267578,-0.113473488926,1.902856009347,47.619008546746,49.257550375524,-1.219996948242
2023-11-10,93.04,-1.219996948242,0.001603355335,0.002593810032,-0.000200024471,-0.00704375667,0.220625905966,0.064552524936,653022900.0,94.786000061035,-0.359821667448,1.824284689767,29.33952434802,41.83309327256,0.930001220703
2023-11-13,96.62,0.930001220703,0.018090847357,0.003584195673,-0.000152357243,0.009929967597,0.171381719383,0.054738785267,658502000.0000001,94.412001037598,0.08494447024,1.77428490775,42.133857955925,39.697463616897,-0.829999084473
2023-11-14,96.54,-0.829999084473,0.005532923836,0.002419954319,-0.000924729334,0.002284053156,0.254738102458,0.050900170282,665396800.0,94.570001220703,0.038411717859,1.866427285331,75.045252101414,48.839544801787,0.540001831055
2023-11-15,97.21,0.540001831055,0.002987236404,0.002145196444,-5.750404e-06,-0.001643216596,0.382432390769,0.049201425211,670923900.0,95.026000976562,0.240154693097,1.86857005528,87.742018035528,68.307042697622,0.79
2023-11-16,98.835,0.79,-0.002857130401,0.003730045027,8.0312009e-05,0.011410151453,0.506738521846,0.056930105143,676294400.0,95.678001403809,0.2305965972,1.847856249128,95.067238989886,85.951503042276,1.42500213623
2023-11-17,100.3,1.42500213623,0.001695573163,0.001901722593,-0.000860933131,-0.001294433934,0.706765651916,0.075124996347,683897600.0,97.020001220703,0.482149869918,1.831427437919,98.966746861768,93.925334629061,-0.749996948242
2023-11-20,99.57,-0.749996948242,-0.006027183176,0.001769580596,0.000846724169,0.006265790803,0.752618083181,0.084129595294,677828500.0,98.136001586914,-0.28579851528,1.780713217599,85.576959217385,93.203648356346,1.629996948242
2023-11-21,101.24,1.629996948242,0.002668026488,0.001850300581,3.3732864e-05,-0.002266679807,0.848327009703,0.09989778308,684697600.0,99.218000793457,0.488354874186,1.813570295061,98.761253993667,94.43498669094,0.670003662109
2023-11-22,102.435,0.670003662109,0.003630606456,0.001984747751,0.000241264814,0.00151544779,0.908346506623,0.11470277032,691809200.0000001,100.184001159668,0.146166222351,1.824285234724,93.399033801413,92.579082337488,0.264996948242
2023-11-24,102.71,0.264996948242,-0.000194709286,0.001976042072,0.000997615801,0.000292169848,0.945884490033,0.127009886567,698279800.0,101.124000549316,0.189759964935,1.794285365513,95.180683695175,95.780323830085,0.160002746582
2023-11-27,102.8,0.160002746582,-0.002624713379,0.001993177388,0.000517105782,0.001949317739,0.925641678041,0.136813942373,700446600.0,101.646000671387,0.100772923963,1.757142748152,96.756270200265,95.111995898951,-0.090000915527
2023-11-28,101.77,-0.090000915527,-0.002434037603,0.001482041772,0.000446804635,-0.00673433535,0.847073987121,0.139936937999,695874100.0,102.27799987793,0.051021229906,1.742143358503,93.115923241522,95.017625712321,0.289997558594
2023-11-29,102.74,0.289997558594,0.002547542058,0.001740183303,0.00031989985,0.004104769351,0.702866868311,0.13859571489,692266500.0,102.45,-0.169854412339,1.772143227713,87.228228749524,92.366807397103,0.889997253418
2023-11-30,103.31,0.889997253418,0.001157992374,0.001506024096,0.001086553434,-0.004240963855,0.665151119014,0.143493807899,697725199.9999999,102.793998718262,0.414601300519,1.760714394706,98.159516577814,92.83455618962,0.980000915527
2023-12-01,104.17,0.980000915527,-0.000671202361,0.001654193053,-0.001084863839,-0.000479754366,0.636569384111,0.14878616031,714491400.0,103.111999511719,0.175420947726,1.747142791748,96.501218274138,93.962987867158,0.709997253418
2023-12-04,104.67,0.709997253418,-0.004481250988,0.001597548128,-0.000234787701,0.002490182933,0.609292399974,0.155166343423,719173700.0,103.513998413086,0.310701950808,1.696428571429,99.045743583279,97.90215947841,0.520002441406
2023-12-05,104.305,0.520002441406,-0.001806278515,0.002031809524,0.000789213518,-0.006619047619,0.565006031218,0.159681725594,723891400.0,104.009999084473,0.328065281577,1.584285736084,96.562840843497,97.369934233638,0.044998474121
2023-12-06,104.3,0.044998474121,0.002683265773,0.001781515818,-0.000359084818,-0.003153971136,0.437701413648,0.157609223052,719575900.0,104.467999267578,-0.243770948199,1.530714852469,86.495889089316,94.034824505364,0.640002441406
2023-12-07,104.34,0.640002441406,0.002382313648,0.001796834149,-0.001068753037,-0.008033464848,0.35529824003,0.153778104378,723871900.0,104.730000305176,0.118895531717,1.52857208252,92.757312619753,91.938680850855,-0.289996948242
2023-12-08,104.3635,-0.289996948242,0.000672750531,0.00169035728,-0.000645441123,0.002338647714,0.210097978882,0.145255326432,718672900.0,104.682000732422,-0.449993028136,1.424286433629,77.743933984634,85.665711897901,0.14650213623
2023-12-11,105.03,0.14650213623,-0.002870567846,0.001684099415,0.000188667408,0.00786872661,0.118824250456,0.128846039927,722098700.0,104.608001708984,0.267054182245,1.375000544957,84.756109603715,85.085785402701,1.190001220703
2023-12-12,105.58,1.190001220703,0.001412177783,0.001485381217,-0.000629713081,-0.007426906083,0.145636602947,0.112435945973,727306900.0,104.814001464844,0.502250076627,1.352143423898,99.42968121468,87.309908267676,1.100000305176
2023-12-13,106.47,1.100000305176,-0.00628044776,0.001629825279,-0.000419482081,0.004339213282,0.164953460377,0.100863491323,732661400.0,105.280001831055,0.101152847175,1.3571434021,90.800670123199,91.662153647198,0.78
2023-12-14,107.83,0.78,0.005407942481,0.00206807011,0.001305755449,0.0,0.185203684796,0.092527628685,739196200.0,105.742001342773,0.455709035808,1.362143380301,99.494118402226,96.574823246702,0.769998474121
2023-12-15,107.25,0.769998474121,-0.006813976742,0.003070647135,-6.5291774e-05,-0.005655479325,0.254332958551,0.089064863328,745807800.0,106.652000427246,0.202628753727,1.43357195173,99.043719962664,96.44616949603,0.040000915527
2023-12-18,108.33,0.040000915527,0.003262172347,0.00223894463,0.001062273725,0.00641025641,0.180140393893,0.086946154127,732491500.0,107.208000183105,-0.188401512351,1.4957144601,81.147577708163,93.228472024351,-0.270002441406
2023-12-19,107.665,-0.270002441406,0.00083290736,0.001511789182,7.637234e-05,-0.004484512252,0.152335568668,0.081520887432,737634300.0,107.575999450684,0.150590581578,1.502857208252,90.527933188407,90.239743619745,0.754998168945
2023-12-20,107.51,0.754998168945,-0.005257329869,0.002304126101,-0.000131244981,-0.003152526657,0.128551062165,0.080968852505,742309400.0,107.923999023438,0.110598878508,1.46785736084,94.652352583514,88.775954493361,-0.109998474121
2023-12-21,107.635,-0.109998474121,0.00018618848,0.00138242413,0.000396682588,0.002001489481,0.020172042022,0.078065890941,736643200.0,107.953999328613,-0.140949304376,1.461428506034,71.255111986268,85.478465919396,0.845003356934
2023-12-22,108.99,0.845003356934,0.003502924425,0.001208672087,-0.000732896728,0.001240181893,-0.001576752603,0.078636096467,740198799.9999999,107.930000305176,0.360248779027,1.491428375244,93.117486421221,86.341650330334,0.039998779297
2023-12-26,109.015,0.039998779297,-0.004769298807,0.001122385034,0.000115658011,0.004653948945,-0.001707469501,0.079590085645,742764500.0,108.27799987793,0.105041961342,1.466427939279,94.322388067453,86.231662158314,0.215003356934
2023-12-27,109.455,0.215003356934,-0.001739471167,0.001604915627,3.0680216e-05,0.003805942773,-0.010613248096,0.078761132632,745277900.0,108.512001037598,0.300666723793,1.460713522775,91.453000354751,92.964291614475,0.335000915527
2023-12-28,110.28,0.335000915527,0.000546475618,0.000880473373,0.000587849898,0.003914428766,-0.001554108955,0.074766521537,747749700.0,108.786001586914,0.496880827874,1.416427612305,99.828730643253,95.201373021819,0.120001525879
2023-12-29,110.622,0.120001525879,0.0,0.000880706522,0.000105659225,0.002010869565,0.021484817615,0.076060559594,750955800.0,109.386001586914,0.2822636041,1.397856031145,95.295937301751,95.525889433252,-0.552000305176
2024-01-02,110.35,-0.552000305176,-0.00463343452,0.001916940489,-0.000402465958,0.007210660825,-0.007959462526,0.076314487919,747405600.0,109.704000854492,-0.17924572517,1.404284885951,89.87725106568,95.000639670228,-0.500001525879
2024-01-03,110.04,-0.500001525879,0.002639971958,0.002070092609,-0.00033811719,-0.000907935355,-0.06171755885,0.076132101382,742347000.0,109.868000793457,0.107248995103,1.361427852086,78.860275541159,88.011154636197,-0.520003356934
2024-01-04,110.025,-0.520003356934,0.001460953862,0.00166757841,9.8469136e-05,0.003145514223,-0.13477631105,0.074963922134,738107400.0,109.925999450684,-0.318535647707,1.311427525112,70.980317638263,79.905948081701,0.955003356934
2024-01-05,110.36,0.955003356934,-0.002432909212,0.00190443501,-0.000246985015,-0.0031614127,-0.101561133898,0.073392187066,743403500.0,110.163999938965,0.43448159237,1.321427481515,98.893905741525,82.911499640316,0.440003051758
2024-01-08,111.63,0.440003051758,0.002978286937,0.001606226941,0.000190101526,0.00449923513,-0.107906649399,0.071361120183,739275800.0,110.244000244141,0.048722314201,1.252142224993,94.493393160122,88.122538846637,0.770001525879
2024-01-09,113.08,0.770001525879,-0.002224199258,0.001384217566,0.000763980816,0.008292465448,-0.024874093456,0.068399635489,744306200.0,110.710000610352,0.403994144225,1.22571345738,97.761282177207,97.049527026285,-0.349996643066
2024-01-10,113.46,-0.349996643066,0.002838638209,0.002049535604,0.000601410305,0.003626713843,0.028834676615,0.065228197999,748108300.0,111.286001586914,0.202510491976,1.227142333984,87.264190538786,93.172955292039,0.940001525879
2024-01-11,113.38,0.940001525879,-0.009965029497,0.00170588495,0.00019466657,0.001103704031,0.146798079067,0.072856222083,752780400.0000001,112.262002563477,0.428865947158,1.254999433245,99.861657917219,94.962376877738,0.12
2024-01-12,114.555,0.12,0.005903067568,0.001287115705,0.00076714561,0.003372164316,0.134505244744,0.074889328828,747616500.0,112.76600189209,0.110283630111,1.275714329311,87.413509813784,91.513119423263,-0.635001831055
2024-01-16,113.295,-0.635001831055,-0.003598982087,0.001753412594,-0.000232753969,-0.002245706737,0.125147467483,0.077745148822,751501300.0,113.390000915527,-0.077352606928,1.275000435965,84.161430332007,90.478866021004,0.46500213623
2024-01-17,113.91,0.46500213623,-0.001230655652,0.001870269319,0.000753354404,0.002552367541,0.080820765905,0.081183934993,745625300.0,113.662001037598,0.112857424491,1.296429225377,81.648518662706,84.407819602833,0.020000305176
2024-01-18,113.825,0.020000305176,0.002369846769,0.001654991243,-1.3494217e-05,-0.003283712785,0.037775151116,0.080616735914,750297300.0,113.902000427246,0.150877568697,1.285000392369,82.881324138152,82.897091044289,0.194996643066
2024-01-19,113.715,0.194996643066,-0.0034204473,0.002443456834,-0.000132577065,0.00074804189,-0.007402608203,0.080690654632,755395300.0,113.825999450684,-0.072499794098,1.313571384975,83.71671591657,82.748852905809,0.975002441406
2024-01-22,114.97,0.975002441406,0.002092578766,0.000947436604,0.00033714938,0.000348037936,-0.014516740813,0.081860880703,762238400.0,114.063999938965,0.384676284255,1.34285736084,95.575222417009,87.391087490577,-0.779997558594
2024-01-23,113.75,-0.779997558594,0.002276858755,0.002931498471,-0.002225357618,-0.006116207951,-0.072034345143,0.076878797378,757175900.0,114.118000793457,-0.240097953865,1.385714394706,77.165396890673,85.485778408084,0.25
2024-01-24,112.52,0.25,-0.02850877193,0.006853273138,-0.001284909273,0.015981941309,-0.138181200385,0.073321152686,752138600.0,114.166000366211,-0.074015764254,1.470714024135,74.173231740545,82.304617016076,-1.750003356934
2024-01-25,111.21,-1.750003356934,0.005777801196,0.002516044341,-0.000380234829,-0.00179517099,-0.399959988995,0.069671437433,743427800.0,113.533999633789,0.019064646662,1.706428527832,20.554568860987,57.297732497402,1.239996948242
2024-01-26,112.07,1.239996948242,0.006936473365,0.001847478583,-6.509793e-05,-0.010244634814,-0.45637765398,0.06514153825,749076400.0000001,113.219999694824,0.300047769231,1.726428985596,45.932175985491,46.886658862341,-0.05999786377
2024-01-29,112.12,-0.05999786377,0.00124988293,0.001893535444,0.000114435142,-0.000267498885,-0.515374396654,0.061659757432,743899800.0,112.683999633789,-0.317855574582,1.787143162319,38.47463872881,34.987127858429,1.329996948242
2024-01-30,113.04,1.329996948242,0.003966545524,0.002137313433,-0.001035744945,-0.00755048288,-0.451743760213,0.059668043781,750380400.0000001,112.535998535156,0.457732952868,1.768572126116,62.881324141542,49.096046285281,0.440003356934
2024-01-31,114.24,0.440003356934,0.004582275535,0.001953157895,0.001782653993,0.002105263158,-0.40354083184,0.056132771261,755148800.0,112.431999206543,-0.129577620253,1.772857666016,63.389907208084,54.915290026145,-1.089998474121
2024-02-01,112.42,-1.089998474121,-0.003535143796,0.001863513181,-0.000128563793,-0.002926829268,-0.389589702787,0.050636091129,746823600.0000001,112.908000183105,-0.212869675633,1.790000370571,57.79665728177,61.355962877132,2.06999786377
2024-02-02,112.365,2.06999786377,-0.01336360213,0.003983622521,-0.001066782266,-0.005267351275,-0.290374943759,0.043376793726,751343900.0,113.316000366211,0.353611816982,1.842142922538,80.508453741244,67.231672743699,-0.254999389648
2024-02-05,111.9254,-0.254999389648,-0.000802818364,0.002295750759,0.001098937505,-0.000844492055,-0.379659072087,0.040450754371,743768500.0,113.336000061035,-0.195050548351,1.914999280657,40.169527682068,59.491546235027,-0.275398474121
2024-02-06,111.86,-0.275398474121,0.001522598895,0.001342281879,9.5950561e-05,0.000984340045,-0.459015112138,0.037561164483,738098500.0,112.976000976562,-0.135353237224,1.925713675363,32.372935047693,51.016972157001,2.14
2024-02-07,114.4505,2.14,0.00526314451,0.001570593368,-4.5851782e-05,-0.001304537522,-0.347614776235,0.037268216342,742833100.0,113.080000305176,0.402917776056,2.054285321917,72.203407352066,48.248623360609,-1.140502441406
2024-02-08,113.1006,-1.140502441406,0.000353021943,0.001642787825,0.000226964533,-0.002200264667,-0.315705301179,0.036921054047,738075599.9999999,113.111999511719,-0.369647784591,2.093571254185,60.508453744634,55.028265381464,-0.670599694824
2024-02-09,111.84,-0.670599694824,-0.001600998885,0.002195100223,0.000161891369,-0.003652561247,-0.346697373917,0.036600668592,731095100.0,112.7,-0.243226962937,2.124285561698,45.593249919534,59.435037005411,-0.030002441406
2024-02-12,111.7321,-0.030002441406,-0.002772538819,0.00213472845,0.000287206755,0.00208161435,-0.398107827065,0.038312833398,725147599.9999999,112.639999389648,-0.146339703297,2.119999476842,35.937481367316,47.346395010495,0.797898779297
2024-02-13,112.74,0.797898779297,-0.000533169459,0.001756468392,-0.000262996275,0.002400640171,-0.373197813614,0.038147979724,729379700.0,112.815998840332,0.368985514449,2.033570970808,57.407419023996,46.312716770282,-1.400003662109
2024-02-14,111.38,-1.400003662109,0.002694476932,0.001298718102,0.0003035757,-0.002328914368,-0.422798812629,0.040228479192,725116300.0,112.28399810791,-0.211959640742,1.909999302455,18.905351773308,37.41675072154,0.679997558594
2024-02-15,113.46,0.679997558594,0.001873987944,0.002335639282,-4.1872035e-05,0.01059944776,-0.393646088794,0.04010421965,729107400.0,112.03399810791,0.172288630368,1.871427263532,36.815844852099,37.709538549801,0.179999389648
2024-02-16,113.79,0.179999389648,-0.001231955213,0.001421830641,0.000212805625,0.002555066079,-0.260879862249,0.039516436531,734558100.0,112.275997924805,0.351300404931,1.895712716239,76.119405798768,43.946867474725,0.22000213623
2024-02-20,114.175,0.22000213623,0.002806768607,0.001539403481,-0.001482816602,-0.001355724657,-0.146755241328,0.037796432589,741719200.0,112.715998840332,0.133947054906,1.937141418457,69.85749645465,60.930915701839,2.464999389648
2024-02-21,116.96,2.464999389648,-0.005829906625,0.003143325285,0.000606960174,0.008623663332,0.094264635671,0.04729675115,751320300.0,113.537998962402,0.371430426055,2.057855878557,91.679228413182,79.2187102222,0.910002746582
2024-02-22,117.475,0.910002746582,0.001951265989,0.001865838743,-0.000887732193,-0.005292125318,0.312626152587,0.060754210288,757464900.0,114.844000244141,0.481340963625,2.064999171666,98.513505558722,86.683410142185,1.544996643066
2024-02-23,119.15,1.544996643066,0.003024706944,0.0016288323,-0.000282035415,-0.001926620875,0.499520421737,0.072877334079,762381000.0,116.236000061035,0.198047337454,2.05857031686,97.347134873328,95.846622948411,0.309999084473
2024-02-26,119.77,0.309999084473,0.00033484778,0.001845188285,-0.000244483922,0.002259414226,0.610445819116,0.085360291256,766642300.0,117.4,0.036407740327,1.97142791748,92.789942901385,96.216861111145,-1.079997558594
2024-02-27,118.19,-1.079997558594,-0.004465403727,0.001715893703,0.000218560323,0.000253893026,0.589329862509,0.091267267836,763159200.0,118.336000061035,-0.253043277154,1.989285060338,84.744000711832,91.627026162181,1.210001525879
2024-02-28,119.3066,1.210001525879,0.000753738164,0.000960656866,-0.00071555864,-0.001534856473,0.579666544453,0.099138729611,766362500.0,118.888000488281,0.378250544354,1.904284885951,92.163009144846,89.898984252687,0.743403051758
2024-02-29,119.9,0.743403051758,0.00224903487,0.001134474734,-0.000388822903,-0.003490691489,0.572538004133,0.107181784367,769746300.0,119.324000549316,0.336833405407,1.842142377581,98.955083821322,91.954031226,-1.260000610352
2024-03-01,118.19,-1.260000610352,-0.00059001766,0.001531922071,0.000950627854,-0.00320485789,0.434602254781,0.109741270815,763611100.0,119.248001098633,-0.429408798152,1.84857068743,81.661616465661,90.92656981061,0.430002746582
2024-03-04,118.355,0.430002746582,-0.002697687468,0.001728655959,-0.00094115218,0.000464919696,0.309626355069,0.112589980609,759712500.0,119.080001831055,0.022209053015,1.862142290388,81.459016131751,87.358572139578,1.685000915527
2024-03-05,119.8,1.685000915527,0.003332235278,0.002080242813,-0.000279938307,-0.00531384922,0.290516284932,0.114458963217,762876500.0,119.350001525879,0.421110388763,1.91142817906,95.84603610432,86.322222900577,-1.319996643066
2024-03-06,118.53,-1.319996643066,0.001012787929,0.001370151771,-0.000227907213,-0.000590219224,0.147924136367,0.110836221633,759374200.0,119.16600189209,-0.378254533317,1.910713740758,77.637172221446,84.980741485839,0.809996337891
2024-03-07,120.295,0.809996337891,0.006368377405,0.001153253674,-0.000182509599,0.001665348266,0.089511723006,0.111879086185,762762900.0,119.024000549316,0.323823668388,1.903571537563,84.873927249549,86.119045191772,0.624998168945
2024-03-08,121.05,0.624998168945,0.000413521771,0.001390840704,0.000608316954,0.000661320989,0.132668879486,0.113833430897,766963700.0,119.480000305176,0.270924718498,1.900000435965,92.795011029766,85.102036833587,-0.090000915527
2024-03-11,120.525,-0.090000915527,-0.000248005783,0.001744259765,-0.00106158083,-0.003349044902,0.138643865238,0.112177257203,770320800.0,119.947999572754,-0.00059781088,1.827857426235,91.145829699656,89.604922659657,-0.334997558594
2024-03-12,119.53,-0.334997558594,-0.001996884003,0.001527488305,0.000284637174,-0.003501458941,0.06899241879,0.105262328703,766434800.0000001,119.97799987793,-0.198067360222,1.725714002337,74.471886072513,86.137575600645,1.23000213623
2024-03-13,120.32,1.23000213623,-0.001987458504,0.001460338533,0.00017251147,-0.001659475606,0.040949221811,0.099260358977,769514500.0,120.433999633789,0.208859623627,1.725714002337,81.818224791887,82.478646854685,-0.159996337891
2024-03-14,119.04,-0.159996337891,-0.001248348213,0.003540445704,1.0215158e-05,-0.008082659778,-0.034304541133,0.084597540704,766092800.0,120.598001098633,-0.131951102175,1.644285474505,61.154942873589,72.48168457933,-0.190001525879
2024-03-15,112.8,-0.190001525879,-0.049053444728,0.007224385065,0.00151841023,-0.001946558131,-0.180436828385,0.06747616811,761140600.0,120.184001159668,-0.222457281723,1.729999542236,26.771582582724,56.581583416067,2.68999786377
2024-03-18,115.22,2.68999786377,-0.001212220904,0.003125270915,0.000192659919,-0.001127004768,-0.49374857222,0.060040984072,738727400.0,119.090000915527,0.396337512248,2.089285169329,34.434932547744,40.787152668019,-2.779997558594
2024-03-19,112.645,-2.779997558594,0.0,0.001903681964,-0.000843169685,0.001823194593,-0.874511681561,0.06827669526,725736399.9999999,117.540000915527,-0.403877181176,2.217856815883,1.918980361012,21.041831830493,0.515003662109
2024-03-20,113.13,0.515003662109,-0.001413959499,0.001925073746,0.000628858044,0.001150442478,-1.0350062013,0.079144788416,734035599.9999999,116.020001220703,0.161777006093,2.327856336321,11.666697130052,16.006870012936,-1.63
2024-03-21,111.7,-1.63,0.004035847069,0.001875926753,-0.00027481255,-0.002233139795,-1.198554611462,0.095901474221,725718300.0,114.288000488281,-0.287549853948,2.369998931885,7.057716984378,6.881131491814,-0.18999786377
2024-03-22,111.57,-0.18999786377,8.9628792e-05,0.000945121951,0.000318098824,0.000448350072,-1.246136046051,0.108870728222,735441000.0,112.820001220703,-0.189621645216,2.33428464617,7.149395626602,8.624603247011,-1.000000305176
2024-03-25,110.16,-1.000000305176,-0.001085310183,0.002399175092,0.000389866897,-0.002625622454,-1.276324206224,0.121929317535,730053900.0,111.836001586914,-0.323347768898,2.286427634103,0.270259310072,4.825790640351,-0.14999786377
2024-03-26,110.385,-0.14999786377,0.004363200784,0.001420540823,0.000682959207,-0.000950312245,-1.266868060816,0.134514936089,723431500.0,111.350001525879,-0.122494660908,2.227142333984,7.1827742497,4.867476395458,1.115
2024-03-27,112.56,1.115,0.004484304933,0.00171375,0.000452069947,0.005,-1.099345972212,0.139973427901,731202100.0,111.018000793457,0.265179647073,2.284999302455,19.074218853131,8.842417470968,0.920003356934
2024-03-28,113.145,0.920003356934,-0.001762465384,0.001531514831,-0.000438139295,-0.001191737288,-0.807756359683,0.139580817202,738735500.0,111.414001464844,0.428211457178,2.287855965751,34.876322202471,20.377771768434,0.515003662109
2024-04-01,112.7,0.515003662109,0.0,0.001779341897,-0.000280728623,-0.008446243181,-0.566720185556,0.140005871643,744013500.0,111.84400177002,0.179109738294,2.29214150565,36.961851777231,30.304130944278,-0.610003662109
2024-04-02,111.6688,-0.610003662109,-0.001784253321,0.001621230795,-0.000114665257,-0.001979617536,-0.480395170409,0.142039053711,740049500.0,112.148001098633,-0.418423796739,2.294999258859,24.895534029988,32.244569336563,0.351196643066
2024-04-03,111.66,0.351196643066,0.00107126183,0.001473257634,0.000158255383,-0.004280363831,-0.398743512013,0.140831249184,735488800.0,112.55,0.057953054181,2.239284515381,24.619256409481,28.825547405567,-0.380001220703
2024-04-04,111.56,-0.380001220703,0.005032328943,0.00156970275,0.000368789595,-0.002503576538,-0.36615023873,0.142224734853,731078900.0,112.505999755859,-0.279927114281,2.252856118338,19.323232362686,22.946007600718,-1.449999389648
2024-04-05,110.565,-1.449999389648,-0.003723582416,0.001682406563,-3.5742403e-05,0.007885141294,-0.392621488519,0.142958522791,726279200.0,111.831999206543,-0.390652904812,2.229285103934,15.037590532244,19.660026434804,0.634996948242
2024-04-08,110.78,0.634996948242,0.000899335488,0.001685534591,-2.0842678e-05,-0.004672057502,-0.309603136985,0.135587376685,731869500.0,111.33999786377,0.443780020558,1.881428309849,31.428509143088,21.929777346006,-0.260003356934
2024-04-09,111.28,-0.260003356934,0.000633366784,0.00165611719,-0.000240479539,0.006239262139,-0.274562186226,0.126045723181,726059000.0,111.025997924805,-0.284984036207,1.729285648891,26.553609806606,24.339903160646,1.160002441406
2024-04-10,110.89,1.160002441406,-0.010850241855,0.00266588743,-0.000179668318,-0.00296709225,-0.10487734714,0.113815296988,730294700.0,111.109999084473,0.473675307206,1.705714634487,67.820866008628,41.934328319441,0.279998168945
2024-04-11,111.4,0.279998168945,0.00431774188,0.00183609494,0.000205167758,-0.00223914017,-0.063035440575,0.095713384316,726329200.0000001,111.087998962402,-0.01300370208,1.675715310233,41.95517765083,45.443217822021,0.049996948242
2024-04-12,110.33,0.049996948242,-0.01058771052,0.001907499773,0.000302593121,0.000544118981,-0.004455185076,0.07289031736,730650700.0,111.35599822998,-0.052389226959,1.714287349156,47.657805053667,52.477949571042,-1.219999389648
2024-04-15,110.235,-1.219999389648,0.008981722317,0.001261513307,-0.000197774639,0.001317104187,-0.105646343857,0.05225165386,726609200.0000001,110.937998962402,-0.27934502239,1.822858537946,11.211625376683,33.608202693727,-1.345000610352
2024-04-16,108.55,-1.345000610352,-0.000459207017,0.001783719221,-0.000317586808,-0.002664461595,-0.166140596998,0.046814470158,722013600.0,110.611999511719,-0.281802664257,1.849286760603,7.23330224419,22.034244224847,0.659999084473
2024-04-17,104.62,0.659999084473,-0.015383209589,0.008969496885,0.000786232281,-0.027062215196,-0.163115344485,0.049169568926,729297500.0,109.965998840332,0.094501984313,1.86500113351,18.197282218461,12.214069946445,1.280001525879
2024-04-18,106.36,1.280001525879,0.005665707889,0.002985915493,-7.9732266e-05,-0.001314553991,-0.351722056655,0.062909617509,717294600.0,108.911999511719,-0.161221443545,2.062144143241,16.888455400658,14.106346621103,-1.090003356934
2024-04-19,105.91,-1.090003356934,0.006744625596,0.00250990753,-0.000732302543,-0.000660501982,-0.47872037892,0.077385217718,709988200.0,107.675999450684,-0.22807606122,2.167144230434,10.839492518639,15.308410045919,1.369998779297
2024-04-22,107.19,1.369998779297,0.001864323079,0.002234731009,0.00012240513,-0.002698176405,-0.390876113041,0.081465500636,720510000.0000001,107.309999084473,0.283104711471,2.214286804199,36.418255890293,21.38206793653,-0.120000305176
2024-04-23,107.7,-0.120000305176,0.005603796356,0.001086537568,-0.000373119783,0.000278629145,-0.313762022529,0.085802204093,715561700.0,106.945999145508,-0.118155752143,2.242144448417,33.894228340412,27.050658916448,-0.110003662109
2024-04-24,106.53,-0.110003662109,-0.00817917356,0.002120349545,0.000739606033,-0.001686814732,-0.200114097064,0.088448784642,719411300.0,106.621998596191,-0.046283121658,2.209287370954,40.144188221148,36.818890817284,0.359999389648
2024-04-25,106.7682,0.359999389648,-0.002245278933,0.002419241408,7.151517e-05,0.001155234657,-0.146926124039,0.091323135621,714358600.0,106.819998168945,0.065314958912,2.200001307896,31.730763054877,35.256393205479,0.091800610352
2024-04-26,106.93,0.091800610352,-0.003275299196,0.00138745449,0.00026540288,0.00394329171,-0.091328887073,0.089004236169,711246300.0,107.137998962402,0.085721430068,2.171429770333,31.37020079053,34.415050688852,0.599998779297
2024-04-29,108.04,0.599998779297,-0.001301956582,0.001976347891,-0.000123439037,0.006052705094,0.007744257748,0.082981199425,714821900.0,107.187998962402,0.35377265289,2.180715288435,39.423063692455,34.174675845954,-0.770003356934
2024-04-30,106.42,-0.770003356934,-0.006991703398,0.002561557856,0.001601800527,-0.000938790837,0.069505583825,0.080632613116,711516800.0,107.227998352051,-0.030325394486,2.147858210972,39.068503637413,36.620589373466,-0.449998779297
2024-05-01,106.45,-0.449998779297,-0.000377473956,0.001742849051,0.000660454701,0.004908902105,0.038114594804,0.079818965492,706442800.0000001,106.903999328613,-0.278925665248,2.096429007394,22.25097637167,33.580847900513,-0.159999084473
2024-05-02,105.79,-0.159999084473,0.003481068242,0.0015104069,-0.000107210359,-0.008156759797,0.053280539758,0.078835343959,710539599.9999999,106.783999633789,0.149880383216,2.066428593227,30.722908173763,30.680796060949,0.129998168945
2024-05-03,106.31,0.129998168945,0.001793829727,0.001694363292,-0.000183439206,0.00188483649,0.052676664109,0.080054114648,706831100.0,106.595999145508,-0.237906553338,1.962857382638,25.150577141578,26.041487229004,-0.409998474121
2024-05-06,106.07,-0.409998474121,0.001982994159,0.001071948397,2.8755423e-05,-0.000376967298,0.064436737652,0.077871067572,703220800.0,106.269999694824,-0.085040310096,1.898571559361,27.138174814025,27.670553376455,-0.430000610352
2024-05-07,106.12,-0.430000610352,0.008330152012,0.001402201465,0.001173161351,-0.00375516335,0.067866358296,0.076786330201,699431300.0,105.944000244141,-0.223281160977,1.815714154925,31.096174714664,27.794975556756,0.049998168945
2024-05-08,105.65,0.049998168945,0.001601188395,0.002411604288,-0.000397201373,-0.006488621403,0.116156157753,0.065580388139,705987700.0,105.983999633789,-0.212234466267,1.52999986921,45.69882768651,34.644392405066,-0.709997558594
2024-05-09,104.81,-0.709997558594,-0.00200113474,0.000812279194,-0.000250810087,0.000763868996,0.077448535983,0.059625859163,699753000.0,105.713999938965,-0.329989625765,1.494285583496,16.879873242485,31.224958547886,-0.140001831055
2024-05-10,104.88,-0.140001831055,-0.001624134632,0.001558441558,0.000371314406,0.003636363636,0.047329624571,0.049018052944,693851000.0,105.463999938965,-0.056392130753,1.352142878941,9.974399597833,24.184366842276,-0.14000213623
2024-05-13,104.625,-0.14000213623,0.002386862756,0.001890846747,0.000201742006,-0.003476521573,0.045763218619,0.046986681461,701200600.0,105.231999206543,0.101966302322,1.324999673026,11.764671445521,12.872981428613,0.144996643066
2024-05-14,104.97,0.144996643066,0.000763594861,0.0015527897,-0.000235735594,0.001144492132,0.059518014912,0.044163179587,706659800.0,105.057998657227,-0.094751106256,1.329285212926,12.531902933816,11.42365799239,-0.95999786377
2024-05-15,104.5,-0.95999786377,0.000865266186,0.001548991354,-3.42572e-05,0.003842459174,0.031603615253,0.040156575053,699624700.0,104.625999450684,-0.228778770079,1.310713631766,13.457583422953,12.58471926743,0.089996337891
2024-05-16,104.37,0.089996337891,-0.001338554303,0.000799638317,-3.2402898e-05,-0.000765916707,0.06447800768,0.041989662776,705067900.0,104.55599822998,0.339103264946,1.274999346052,25.465740393225,17.151742249998,0.500002746582
2024-05-17,104.23,0.500002746582,-0.004386374296,0.001604635571,-0.000484289959,-0.0017239728,0.114438828795,0.04262770017,713776200.0,104.595999145508,0.208797387358,1.243570600237,31.26297232869,23.395432048289,-0.140003662109
2024-05-20,103.13,-0.140003662109,-0.002978168599,0.001477355945,0.000129629911,-0.006263249181,0.104581692733,0.043712908901,706771599.9999999,104.465998840332,-0.181919594113,1.196427481515,19.210398449793,25.313037057236,0.079999084473
2024-05-21,103.545,0.079999084473,0.003003561296,0.000991112828,0.000367956096,0.000241499227,0.051129002393,0.047327920653,699605700.0,104.153999328613,-0.361602682524,1.174999237061,4.589423169729,18.354264649404,-0.585000915527
2024-05-22,103.65,-0.585000915527,-9.7145846e-05,0.001534822729,0.000660242676,0.006799417193,0.013241961157,0.04892806686,695214100.0,103.943998718262,-0.186061457911,1.189284733364,12.941068758444,12.246963459322,1.169999694824
2024-05-23,103.65,1.169999694824,-0.008204546965,0.002058484032,-0.001784768385,-0.002981916122,0.121722397028,0.047202174307,701147500.0,103.989999389648,0.435495379549,1.238570077079,56.973959015018,24.834816981063,0.580003356934
2024-05-24,104.23,0.580003356934,-0.000767550882,0.000777724436,-0.000237715712,0.0007681229,0.159625896676,0.045754233506,695285300.0,103.861999511719,0.098889829774,1.260713304792,43.436800665536,37.783942812999,-0.280003051758
2024-05-28,102.65,-0.280003051758,-0.003655577341,0.002312445689,-0.000514455122,-0.008882881143,0.170725189297,0.041441678489,690829700.0,103.833999633789,-0.122785120545,1.243570600237,36.754061874981,45.721607185178,-0.700003051758
2024-05-29,101.51,-0.700003051758,-0.008435513841,0.001827678306,0.000126880445,0.004154713622,0.05428719096,0.043540861164,686058600.0,103.581999206543,-0.38905983954,1.345713479178,8.158985128951,29.449949223156,-0.779996643066
2024-05-30,101.5,-0.779996643066,0.005460095344,0.00214050158,0.00058193451,0.002172195893,-0.08633038299,0.053659936923,681097700.0,103.136000061035,-0.153680276569,1.292142050607,1.789343719877,15.567463574603,0.23999786377
2024-05-31,101.92,0.23999786377,0.001179504119,0.001782137948,0.000300178385,0.000589043786,-0.09222244574,0.055671542623,686224399.9999999,102.519999694824,0.140028663798,1.389998844692,21.86876224364,10.605697030823,0.270002441406
2024-06-03,102.94,0.270002441406,-0.000195755671,0.001947734169,0.000680713687,0.007536458843,-0.048889351906,0.056014227635,694140100.0,102.111999511719,0.185771465783,1.365713391985,31.893062896689,18.517056286735,-0.069997253418
2024-06-04,102.81,-0.069997253418,-0.000680467512,0.001152723735,-0.000727405522,9.7276265e-05,0.037814742784,0.054155207099,699055200.0,101.896000671387,0.16911385003,1.444999149867,49.011029906496,34.257618348941,0.620000305176
2024-06-05,102.745,0.620000305176,-0.004834187359,0.0015135529,0.000864389524,-0.001797337997,0.139413286272,0.051821516472,702935600.0000001,102.192001342773,0.336171029843,1.386427743094,61.318660299278,47.407584367487,0.485003356934
2024-06-06,103.11,0.485003356934,0.000581202719,0.00190628328,0.000404304605,-0.001742666279,0.19620259316,0.047109364049,699633300.0,102.692001342773,0.111142792823,1.43142754691,56.923125924395,55.750938710056,1.159996643066
2024-06-07,103.67,1.159996643066,-0.003932061436,0.00172764619,0.000544938448,-0.001829385712,0.300615443856,0.045969352126,709468800.0,103.198001098633,0.234244661735,1.514284951346,80.666605613585,66.302797279086,3.910001831055
2024-06-10,107.55,3.910001831055,0.000464727845,0.002609588405,6.9358599e-05,-0.000743287188,0.573586008032,0.056922126008,718135400.0,104.276000976562,0.412879926903,1.787855965751,92.656934844397,76.748888794126,-0.06000213623
2024-06-11,106.82,-0.06000213623,-0.001581525466,0.001796289394,-0.000134497916,-0.004658963846,0.71960775369,0.065071029455,709578900.0,105.2,-0.027058164693,1.849999019078,82.134235189454,85.152591882478,-1.010002441406
2024-06-12,105.07,-1.010002441406,0.000945147962,0.002793315079,0.000638696433,-0.007931262393,0.675295754717,0.066780147562,702042900.0,105.675999450684,-0.413329527929,1.886427743094,61.990356222916,78.927175418922,-0.690002746582
2024-06-13,103.43,-0.690002746582,-0.007089460464,0.00251845419,0.001501623047,-0.001978096203,0.528424440525,0.066891190611,697473900.0,105.90599822998,-0.464463278643,1.844999585833,44.844077748545,62.989556386972,0.019996948242
2024-06-14,103.31,0.019996948242,-0.001546602585,0.001537539936,0.000530355661,0.000193629587,0.355674617161,0.066756155849,692754400.0,105.741998291016,-0.081048294978,1.86714226859,33.693000258506,46.842478076656,0.370000305176
2024-06-17,102.83,0.370000305176,-0.007426665131,0.00210000108,8.1315568e-05,-0.000777378292,0.248978546132,0.066175777951,696437500.0,104.96199798584,0.15738351594,1.902856554304,36.450832962282,38.329303656445,0.619996948242
2024-06-18,103.54,0.619996948242,-0.001836585961,0.001900380915,0.000839394353,0.002711601782,0.159352845454,0.066209038724,692501300.0,104.153997802734,0.19962109618,1.832142421177,33.693000258506,34.612277826432,0.44999786377
2024-06-20,103.81,0.44999786377,-0.004423493547,0.002320319837,0.001921873586,0.002752958223,0.133901525963,0.066008493193,697002300.0,103.78999786377,0.43856199261,1.798570905413,38.546751161507,36.230194794099,2.759999694824
2024-06-21,106.27,2.759999694824,0.000844552571,0.001528220514,0.000431304792,-0.00365647853,0.27989056951,0.069485247385,706157199.9999999,104.227998352051,0.466850545922,1.904999324254,68.247662673438,46.82913803115,-0.549998779297
2024-06-24,106.135,-0.549998779297,0.005391597505,0.002083827265,9.5538405e-05,-0.001458274532,0.306149590766,0.070711130515,695828100.0,104.681999206543,-0.270114006609,1.960713522775,53.824366272206,53.53959336905,-0.834996948242
2024-06-25,105.68,-0.834996948242,0.000949653098,0.002908496732,0.000373786523,0.00265654649,0.282731450393,0.071496953469,690626800.0000001,105.005999755859,-0.360256040655,1.89928490775,47.428567062142,56.500198669262,-0.19000213623
2024-06-26,104.86,-0.19000213623,-0.003791843151,0.001901703302,-0.000239852813,-0.002188600247,0.267688169955,0.072428508029,695349400.0,105.413999938965,0.044289571408,1.914285387312,50.142778661922,50.46523733209,0.019997253418
2024-06-27,104.79,0.019997253418,0.003527867623,0.001707458432,0.00010584191,-0.004370546318,0.207018728689,0.069694716517,689942799.9999999,105.591999816895,-0.072606326884,1.905714307513,37.404516127831,44.991953950631,-0.139998474121
2024-06-28,104.28,-0.139998474121,0.000477739337,0.0022086915,3.0294358e-05,-0.004011461318,0.144711272406,0.061637262149,685805199.9999999,105.208000183105,-0.20759596522,1.849285670689,33.893132611113,40.480142466955,-0.369996337891
2024-07-01,104.23,-0.369996337891,0.002405928122,0.002581498549,0.000364826516,0.000672043011,0.051766428722,0.05666562383,677521600.0,104.846000671387,-0.234485153635,1.625714983259,22.595460567159,31.297703102034,-1.030003051758
2024-07-02,103.185,-1.030003051758,-0.004844961384,0.002091407011,0.001006526444,0.004722492697,-0.05371303459,0.053903087308,672932700.0,104.425999450684,-0.15146791639,1.694286346436,15.746354581126,24.078315919799,0.014996948242
2024-07-03,103.3,0.014996948242,0.001550423128,0.001806114551,-0.000156567932,-0.000580495356,-0.116086154241,0.05311699622,672932700.0,103.967999267578,0.36566059326,1.603572300502,17.111036508784,18.48428388569,-0.969998168945
2024-07-05,101.94,-0.969998168945,-0.002931721356,0.001845290601,0.000640266457,-0.000882093502,-0.203427822879,0.055901913436,670914900.0,103.458000183105,-0.340740248884,1.593572344099,3.157926859944,12.005105983285,2.079996643066
2024-07-08,103.405,2.079996643066,-0.002307228144,0.001773944883,0.001339890676,-0.003613412989,-0.138004469871,0.054757046915,677497600.0,103.331999206543,0.44183954594,1.631429399763,43.713642298249,21.327535222326,-1.284997253418
2024-07-09,102.2099,-1.284997253418,0.002643915353,0.001676726243,-0.000274653314,-0.001758960836,-0.209050713522,0.058946821134,672955599.9999999,102.973999023438,-0.425203114286,1.687857491629,6.963263786907,17.944944315033,-0.569900610352
2024-07-10,101.765,-0.569900610352,-0.002164514188,0.001861565766,-6.2561801e-05,0.003401695918,-0.270812147273,0.057556907088,666687100.0,102.661999511719,-0.194753216798,1.719285692487,14.40128390866,21.692729997939,1.285003051758
2024-07-11,103.54,1.285003051758,0.003202272604,0.002283807313,0.000157519497,0.001547688141,-0.202283337425,0.050550068122,673286000.0000001,102.632000732422,0.459058470567,1.788572038923,37.216876016323,19.527141237297,0.640000305176
2024-07-12,104.615,0.640000305176,0.004703377446,0.001614789338,4.4861736e-05,-0.000525460973,-0.073091830694,0.048030174101,678311300.0,103.002000427246,0.260748267294,1.661429268973,55.50162031138,35.706593412121,-0.394998779297
2024-07-15,103.87,-0.394998779297,-0.002782584073,0.002171557779,0.000394003257,-0.000577311652,0.017955018163,0.047944624488,682588900.0,103.042001342773,-0.270454500569,1.599286215646,62.635390733441,51.784629020381,-0.910000915527
2024-07-16,102.62,-0.910000915527,-0.000388509284,0.001423504834,-2.2461004e-05,-0.002866443181,-0.002683372653,0.048538111952,677618100.0,103.210000610352,-0.299289164051,1.620000566755,42.256169513165,53.464393519329,0.100001220703
2024-07-17,103.39,0.100001220703,-0.000681461195,0.002660009742,-0.000223849677,0.007208962494,-0.027141603741,0.049634739234,669961200.0000001,103.426000976562,-0.066908316155,1.634286063058,40.204094017047,48.365218087884,1.290000305176
2024-07-18,101.04,1.290000305176,-0.021876202798,0.007934270925,0.00047732591,-0.013184881336,0.087748631027,0.049902598237,683399500.0,103.752000427246,0.337267733547,1.76428604126,80.204062868507,54.221442132907,-0.970000305176
2024-07-19,100.97,-0.970000305176,0.005396231809,0.00337034092,-0.000755910291,0.003578173144,-0.135524980075,0.060100658728,670320700.0,102.930000305176,-0.239076600041,2.019286019461,6.060613843885,42.156256909813,1.059998779297
2024-07-22,102.71,1.059998779297,0.004606500307,0.002174341463,9.6202419e-05,0.002048780488,-0.139457846159,0.056136495528,682284300.0,102.491999816895,0.317403332035,2.069285801479,39.057217860072,41.773964857488,1.010001220703
2024-07-23,103.72,1.010001220703,0.002795997996,0.002549634651,-0.00039183445,-0.002788193443,-0.022618717622,0.052566659748,690164600.0,102.644000244141,0.408642503215,1.990714481899,67.508425713812,37.542085805923,0.199998168945
2024-07-24,104.27,0.199998168945,0.002886865445,0.002452077869,0.000691481941,0.000479754366,0.068755940199,0.050001661035,696059100.0,102.883999633789,-0.04225817763,2.009999956403,70.875376320001,59.147006631295,2.99000213623
2024-07-25,107.1,2.99000213623,-0.002237604777,0.00157820968,-0.000407294361,0.000747523827,0.339611154182,0.057676009735,704740000.0,103.4,0.420757607161,2.173570905413,99.342165350073,79.241989127962,-1.140000915527
2024-07-26,106.25,-1.140000915527,0.004718761838,0.003073663556,-0.001597218928,-0.001972571858,0.411874175199,0.060457120845,698383400.0,104.57799987793,-0.176798307927,2.20785685948,69.444444436728,79.887328702267,-1.01000213623
2024-07-29,101.06,-1.01000213623,-0.044184736034,0.006685455811,0.000888548564,0.004672432647,0.391950927372,0.061533231416,689771800.0,105.219999694824,-0.234185839581,2.236428397042,61.444430874249,76.74368022035,3.709996643066
2024-07-30,102.9,3.709996643066,-9.5394742e-05,0.003873138603,-0.001137916499,-0.01775486827,0.33035260226,0.062376467797,670319100.0,105.429998779297,0.422440887312,2.485000065395,56.222195089239,62.370356800072,2.419999694824
2024-07-31,104.27,2.419999694824,0.001709080001,0.003345876777,0.000207792282,-0.011658767773,0.310203581422,0.064002504015,679445400.0,105.709999084473,0.110318825169,2.562856946673,62.333340108091,59.999988690527,1.670002441406
2024-08-01,106.72,1.670002441406,0.006701897943,0.001602229515,0.001367205905,0.000656352555,0.320850626745,0.066643718982,687683800.0,105.445999145508,0.082554022359,2.683571406773,69.222259513793,62.592598237041,3.430001525879
2024-08-02,110.72,3.430001525879,0.000272344792,0.004558197697,-0.001375687968,0.004901070975,0.57861580993,0.084390281832,696753000.0,106.283999633789,0.42204478558,2.963571275984,95.168653406817,75.574751009567,0.589997558594
2024-08-05,111.0,0.589997558594,0.000269506603,0.003936890007,0.000952293387,-0.003053709359,0.781794525739,0.103731688008,706638700.0,107.497999572754,0.171570158733,3.106428418841,94.079454586651,86.156789169087,-2.370002746582
2024-08-06,109.905,-2.370002746582,0.002945776516,0.002189077559,-6.8236097e-05,0.008765488756,0.693267074076,0.106492372304,699517300.0,108.269999694824,-0.356570313673,3.268571036203,72.343851123815,87.197319705761,-0.405
2024-08-07,110.75,-0.405,0.001004571784,0.003286196515,-0.000848471359,0.010400510902,0.651517408643,0.108790417134,705152100.0,109.105999755859,0.145994626011,3.187142508371,79.399833421565,81.941046377344,-0.809997558594
2024-08-08,110.135,-0.809997558594,9.0908738e-05,0.00194372442,0.000414472347,0.001682582992,0.612349184954,0.113319383646,711517199.9999999,109.905999755859,0.069348966354,3.042856488909,80.611456360806,77.451713635395,-0.37499786377
2024-08-09,108.71,-0.37499786377,-0.004373208342,0.001878385798,-0.000645622825,-0.005215959004,0.53588942744,0.117400925933,706040600.0,109.82799987793,-0.038387915984,3.019284929548,79.16334452861,79.72487810366,-9.15527e-07
2024-08-12,107.64,-9.15527e-07,-0.002851601152,0.001841420664,-0.000477781649,-0.007011070111,0.38332126261,0.118428626702,700605600.0,109.308000183105,-0.171932581882,3.038570404053,70.716015277651,76.830272055689,0.160003051758
2024-08-13,108.08,0.160003051758,0.0,0.00167903525,0.000734680736,0.002597402597,0.199108952023,0.115474943104,695809700.0,109.142001342773,-0.226574076391,3.08428464617,63.395049788513,71.091469864925,0.15999786377
2024-08-14,108.325,0.15999786377,-0.001570567002,0.001471268622,0.000294672544,0.002359581753,0.090418869952,0.111463094886,700730100.0,108.890000915527,0.233598768558,2.883570534842,66.934830972534,67.015298679566,1.564999389648
2024-08-15,110.1,1.564999389648,0.00527802197,0.002743278718,4.7540861e-05,-0.003349325609,0.111776090096,0.112929112021,706553000.0,108.880000305176,0.379659325483,2.860713413783,80.209179204522,70.17968665519,0.840002441406
2024-08-16,110.96,0.840002441406,0.00378581359,0.002110272989,0.000135788083,-0.003591954023,0.174979597833,0.099843737009,714011500.0,109.116000366211,0.156757841771,2.795713697161,88.65650845548,78.600172877512,0.04
2024-08-19,111.33,0.04,0.0,0.001620720721,0.000155247308,0.002972972973,0.197519663981,0.091541593265,718654799.9999999,109.574000549316,-0.170118150644,2.489285060338,85.893432413481,84.919706691161,0.570001525879
2024-08-20,111.83,0.570001525879,-0.000714940393,0.001438323496,-0.000367270946,8.942944e-05,0.246547988732,0.089279512389,722150600.0,110.394000244141,0.325448932504,2.382856641497,94.886395644622,89.812112171194,-1.060003356934
2024-08-21,111.38,-1.060003356934,0.001805584397,0.002012255565,0.001047765725,0.003694692259,0.179496295738,0.082530040286,716328200.0,110.9,-0.290352887652,2.27428490775,73.754107759977,84.844645272693,0.009999389648
2024-08-22,111.37,0.009999389648,0.003591000342,0.001690570614,-0.001415654928,-0.003757044458,0.154475147214,0.084380793575,720409600.0,111.2,0.276183581949,1.990713391985,81.679399300387,83.439967568329,0.729998474121
2024-08-23,112.385,0.729998474121,0.00267620924,0.001410142349,0.001030263536,-0.000133451957,0.162500855577,0.08423882751,724100000.0,111.431999206543,0.145814503405,1.809284755162,95.229005670387,83.55417091025,0.305002441406
2024-08-26,112.38,0.305002441406,0.000443654462,0.001463343239,-0.000347752313,-0.003148977691,0.182790792349,0.08151121752,728611599.9999999,111.769999694824,0.166870857734,1.613570622035,98.41276247023,91.773722480335,0.319996948242
2024-08-27,112.93,0.319996948242,0.003194326709,0.001765866171,9.9806294e-05,-0.001105656539,0.17227261193,0.074096532128,731824300.0,111.929998779297,-0.011343095412,1.555713653564,90.894226830014,94.845331656877,0.169998474121
2024-08-28,113.17,0.169998474121,0.0,0.001193240986,-9.2613142e-05,0.000618921309,0.167492573602,0.066804286658,734529600.0,112.395999145508,0.023971430303,1.418570927211,97.398315066914,95.568434789053,-0.269998474121
2024-08-29,113.0,-0.269998474121,0.003542971838,0.001738823426,-1.4238735e-05,-0.002603821881,0.127887418712,0.05834416837,730692900.0,112.697999572754,-0.090586944605,1.35071345738,91.759162517016,93.350568137981,-0.23999786377
2024-08-30,113.135,-0.23999786377,0.002128395346,0.000986725664,0.000196529534,0.001194690265,0.072068145826,0.060443184791,727317100.0,112.830000305176,-0.271164199767,1.272856576102,88.419437631677,92.525638405202,0.134996643066
2024-09-03,113.6104,0.134996643066,0.000794596715,0.001499059045,0.000485085172,0.002208892025,0.05032915051,0.063508228008,731637199.9999999,112.945999145508,0.092416370613,1.271428244455,96.101639009994,92.093413052895,1.049603662109
2024-09-04,114.7,1.049603662109,0.000261632464,0.001774261052,0.00027598722,8.719156e-05,0.10713623933,0.067081416725,736074100.0,113.338000488281,0.4485878028,1.314285823277,97.612386174949,94.04448760554,-0.299998474121
2024-09-05,113.7259,-0.299998474121,-0.001223770872,0.00227551199,-7.6238912e-05,-0.004674426746,0.104652655803,0.069974514899,732414900.0,113.598001098633,-0.062953867551,1.28214263916,79.588404865502,91.100810016815,-0.625901525879
2024-09-06,113.99,-0.625901525879,0.004686107749,0.001952609346,0.000253656746,0.003168177418,-0.001471932316,0.069860162275,729486900.0,113.638000488281,-0.287253359638,1.310000283378,52.661588124092,76.620793054847,-0.129999389648
2024-09-09,114.855,-0.129999389648,0.00526961594,0.002242607801,0.000252974171,0.003450987244,-0.0355253946,0.070140807095,733289100.0,113.858000183105,0.092308284714,1.331428527832,67.110313024817,66.453435338137,1.575000305176
2024-09-10,116.15,1.575000305176,-0.002404867977,0.001778411537,-0.000739942824,0.0,0.092969852567,0.073977275164,738390100.0,114.490000915527,0.419062906938,1.435714176723,95.31245341899,71.694784855966,0.960000610352
2024-09-11,115.565,0.960000610352,-0.006148076312,0.001817166423,0.001255838988,-0.007088237821,0.195784305779,0.07389974693,743353800.0,114.980000305176,0.271506527158,1.440000261579,97.869111154793,86.763959199533,1.034998474121
2024-09-12,116.285,1.034998474121,-0.000857619858,0.001360573415,0.00012995626,-0.001802652474,0.200723423545,0.070184811475,736818200.0,115.419999694824,0.061076100535,1.555714743478,89.516099246495,94.232554606759,0.545001831055
2024-09-13,116.21,0.545001831055,-0.006933195029,0.001577228064,0.000678525656,0.001637648681,0.190825193001,0.070667779923,741167500.0,116.166000366211,0.103291824811,1.600000653948,91.143987258138,92.843065886475,0.190001525879
2024-09-16,116.71,0.190001525879,0.005154625999,0.001976495726,9.0943066e-05,-0.002478632479,0.129591260542,0.071040894116,737817400.0,116.674000549316,0.175941320156,1.615715026855,83.210399613031,87.956828705888,0.919997253418
2024-09-17,117.89,0.919997253418,0.001445258882,0.001371345029,-6.0892042e-05,0.000764006791,0.145032792643,0.07351593331,741454500.0,116.913999938965,0.255354271828,1.621428898403,99.136389553669,91.163592141612,0.239997253418
2024-09-18,117.26,0.239997253418,-0.005333084467,0.002081617021,-0.000208365239,-0.002042553191,0.16080636885,0.077721978503,746437000.0,117.117999267578,0.134321862909,1.63928604126,93.834532797441,92.060440654714,-2.380002746582
2024-09-19,115.25,-2.380002746582,0.005309894019,0.001591046844,-0.00027928857,-0.002078102,-0.063721562617,0.071866543551,740446799.9999999,116.773999023438,-0.426627210293,1.822143554688,44.962363567649,79.311095306253,-1.099998474121
2024-09-20,113.99,-1.099998474121,-0.003504174512,0.002232967033,0.000511393946,0.00210989011,-0.266129678688,0.067081761612,732302700.0,116.237998962402,-0.267450814932,1.924286433629,33.98498672663,57.593961030573,-0.290003051758
2024-09-23,113.22,-0.290003051758,0.000791591642,0.001844626066,0.00049322142,-0.005009227524,-0.425588010647,0.064189588438,723899300.0,115.697998046875,-0.02182140844,1.880001068115,19.601320058489,32.849556784256,1.589997558594
2024-09-24,113.53,1.589997558594,-0.005226012428,0.001720295946,-0.0007592487,-0.005953944488,-0.449241292942,0.061836182074,728904500.0,115.13399810791,0.271334153995,1.907143729074,38.039855314103,30.542054033074,-0.190003662109
2024-09-25,112.7854,-0.190003662109,0.004235074752,0.002173256018,0.00012479236,-0.009089790898,-0.550160434669,0.060573577067,723874700.0,114.175997924805,-0.348232521197,1.879286629813,13.621247719693,23.754141030762,-0.175399389648
2024-09-26,112.65,-0.175399389648,-0.002664088892,0.001435312973,0.000286855454,0.003027335055,-0.645738623327,0.061628127498,718715599.9999999,113.721998596191,-0.248156515863,1.906429290771,11.360266947184,21.007123326993,0.080003356934
2024-09-27,113.05,0.080003356934,0.001774123501,0.001228318584,-0.000509779797,0.000442477876,-0.677242153679,0.061994116915,722224300.0,113.437998962402,0.256696353249,1.870715550014,13.154029320443,12.711847995773,-0.619999694824
2024-09-30,112.38,-0.619999694824,0.001245213815,0.001593142045,-7.6466834e-05,-0.001687838678,-0.692193679399,0.062768465015,718657900.0,113.183999633789,-0.231135566169,1.741429465158,8.66968040816,11.061325558596,1.63000213623
2024-10-01,113.365,1.63000213623,0.001754205285,0.001915769197,0.000666089744,-0.007398651607,-0.574431776598,0.061814381159,723693500.0,113.024000549316,0.37053734195,1.753572191511,32.287038468292,18.036916065632,0.194997558594
2024-10-02,112.2,0.194997558594,-0.001585067885,0.001839029768,-0.001443208257,-0.010363836825,-0.507901961746,0.062693429127,719429500.0,113.068000793457,-0.222621878132,1.684286390032,25.560515099866,22.172411325439,1.439999389648
2024-10-03,112.99,1.439999389648,-0.00114393923,0.00137659134,0.000548437622,-0.004537245055,-0.441989647801,0.063327966162,722883500.0,113.274000549316,0.081607915192,1.687143598284,26.756356682039,28.201303416732,-0.759996643066
2024-10-04,112.1,-0.759996643066,-0.000891081712,0.001572103808,3.9305738e-05,-0.000267546598,-0.474000402819,0.06517925316,719411400.0,113.174000549316,-0.364429563648,1.740000588553,6.518554686534,19.611808822813,0.539999389648
2024-10-07,112.01,0.539999389648,-0.003018433414,0.001840308697,0.000996161424,-0.002582368655,-0.448481399124,0.066955334669,723777700.0,113.216000366211,0.243068466554,1.725000653948,13.994154503195,15.756355290589,1.350000610352
2024-10-08,114.68,1.350000610352,0.00344036157,0.003602637363,5.3316411e-05,0.008175824176,-0.36743561885,0.066220695718,730690600.0,113.086000061035,0.300800804795,1.762857709612,28.865986133662,16.459565107797,-0.050002746582
2024-10-09,114.92,-0.050002746582,0.003053355246,0.001621238476,0.000329616094,-0.000521829883,-0.219898401408,0.062852153463,735032100.0,113.3,0.290630418974,1.643572126116,74.120463802167,38.993534813008,1.029996948242
2024-10-10,116.16,1.029996948242,0.002328626818,0.001888654649,-0.000531853689,-0.000473260767,-0.034727513149,0.061609155365,739289000.0,113.761999511719,0.290997873086,1.593571799142,93.028323506211,65.338257814013,-0.539997253418
2024-10-11,116.575,-0.539997253418,0.005102891575,0.002022392412,0.000505913121,0.003140865674,0.05910486219,0.059226463196,735220700.0,114.439999389648,-0.208230613307,1.625,76.20897168418,81.119252997519,-0.454997253418
2024-10-14,116.4156,-0.454997253418,0.001205644044,0.001802760097,0.000748655682,0.001338379494,0.143602757982,0.05863833846,738692000.0,115.136000061035,-0.02810632107,1.604999542236,79.285779471757,82.841024887383,0.8344
2024-10-15,116.85,0.8344,-0.004264392324,0.002946381156,0.001361139871,0.000856531049,0.257698116699,0.057321029538,742366100.0,115.913999938965,0.316197648489,1.602856772287,94.406750056737,83.300500404224,-0.799996948242
2024-10-16,117.0,-0.799996948242,0.016889263532,0.006749428015,-0.000497777735,-0.008558596729,0.23508139175,0.050252127989,735821199.9999999,116.198001098633,-0.126267482714,1.617856706892,65.419199794675,79.703909774389,0.819999694824
2024-10-17,118.055,0.819999694824,0.007553890612,0.001604751074,-0.000175268924,-0.00551764805,0.316964041912,0.057539964088,743177400.0,116.572001647949,-0.020764544427,1.80642754691,78.316355317549,79.380768389654,-0.165000610352
2024-10-18,118.085,-0.165000610352,8.4842958e-05,0.001693299406,0.000181520855,0.001569126378,0.350840193178,0.063762335946,748224300.0,117.026000976562,-0.254487701799,1.842856270926,79.209208984801,74.314921365675,1.304999389648
2024-10-21,118.075,1.304999389648,-0.004187955462,0.001781058121,-0.000107691133,-0.006855076121,0.443310600116,0.073585472738,754966100.0,117.680000305176,0.350872325492,1.856427873884,94.369654975385,83.965073092579,-1.08500213623
2024-10-22,116.895,-1.08500213623,-0.001025686976,0.001636075814,0.000148223344,0.000256706456,0.317759919021,0.075459506751,746662799.9999999,117.62799987793,-0.399567764902,1.954285212926,64.993864724811,79.524242894999,-0.774997253418
2024-10-23,116.3,-0.774997253418,0.000344479113,0.001396541169,0.000623148175,0.00120523416,0.159056613381,0.074773480171,741302799.9999999,117.641999816895,-0.269879156656,1.925713675363,54.34520729441,71.236242331535,0.71000213623
2024-10-24,117.1,0.71000213623,0.001709229507,0.001365156557,0.000151773672,-0.000938486477,0.099849590037,0.073303764836,744958400.0,117.480000305176,0.353572916291,1.880713871547,65.238715115775,61.525929044998,-0.559999084473
2024-10-25,115.925,-0.559999084473,-0.003346485212,0.001820384618,0.000242042612,-0.001894183994,0.019088999715,0.07073383508,741190400.0,117.210000610352,-0.274016372081,1.889999934605,58.881994516578,59.488638975588,-1.704998779297
2024-10-28,114.25,-1.704998779297,0.004815228651,0.001926575217,-0.000191341937,-0.004522127055,-0.189053433608,0.067102974064,735200800.0,116.176000976562,-0.288543363212,1.999286106655,15.338406590407,46.486372074253,-0.180000305176
2024-10-29,113.8,-0.180000305176,0.000613655606,0.002061612931,0.000921392999,-0.002978797967,-0.327210063385,0.067015833441,731096100.0,115.592001342773,-0.26782598381,1.952142987932,13.082745065028,29.101048724004,-0.399998474121
2024-10-30,113.14,-0.399998474121,-0.006701958783,0.002699129972,-0.000259142656,0.004438920455,-0.446697741556,0.067331590538,726552500.0,115.048001098633,-0.260057653601,1.929285866874,3.007586943075,10.476246199503,1.309996948242
2024-10-31,113.83,1.309996948242,-0.007688923345,0.00268671304,-0.000897445647,0.002289336973,-0.437436253715,0.066143276793,731740500.0,114.536000061035,0.413803620957,1.989285605294,26.53057622859,14.206969412231,-0.459997253418
2024-11-01,117.77,-0.459997253418,0.056275885145,0.005668810021,0.000190908478,-0.016534446764,-0.482896741455,0.062978889099,726417300.0,113.902000427246,-0.078039318354,1.956429072789,11.836774518075,13.79164589658,0.829998474121
2024-11-04,119.68,0.829998474121,0.008431703313,0.003310451505,-0.000314773881,0.000668896321,-0.156483354112,0.061777188223,736566600.0,114.77799987793,-0.191249482165,2.310000283378,82.210242299373,40.192531015346,-2.029998474121
2024-11-05,117.315,-2.029998474121,-0.000510031341,0.002057657964,0.002597892106,-0.002338634238,-0.00813379316,0.059250513151,730962600.0,115.494000244141,-0.302401704661,2.348571232387,63.816626022226,52.621214279891,0.415003356934
2024-11-06,117.26,0.415003356934,0.027775389024,0.00560677686,-0.000629562467,-0.030909090909,0.086582736349,0.058993554958,735021800.0,116.360000610352,0.044614439205,2.237857273647,64.80797464763,70.278280989743,-0.459996948242
2024-11-07,116.13,-0.459996948242,0.005907489675,0.002614879753,0.001672645823,-0.01157545323,0.078064607449,0.059009425144,729765700.0,116.830001831055,-0.358273384383,2.518571581159,50.588271191199,59.737623953685,-0.829996948242
2024-11-08,115.49,-0.829996948242,0.000260180213,0.001966357409,-0.00190169315,0.001387323333,-0.031266444892,0.05931585184,724246700.0,117.21600189209,-0.358393244137,2.573571341378,32.941212369746,49.445819402858,1.099996337891
2024-11-11,116.77,1.099996337891,0.003002025169,0.002080744161,0.000268865624,-0.001453736959,-0.019931654011,0.059306213382,729932400.0000001,116.814001464844,0.257071544696,2.557142530169,48.117603969523,43.882362510156,0.030003051758
2024-11-12,116.775,0.030003051758,-0.001027420749,0.001919694892,-7.8846277e-05,0.000814192664,-0.002436830476,0.058998581799,735233500.0,116.64400177002,-0.039893564991,2.567856379918,50.588271191199,43.882362510156,-0.334997558594
2024-11-13,116.35,-0.334997558594,-0.003091726235,0.001565213646,4.8983921e-05,0.002325982081,-0.018369107133,0.058945811331,730634600.0,116.386001586914,-0.132582874748,2.543570927211,46.352969893444,48.352948351389,-0.61000213623
2024-11-14,115.39,-0.61000213623,0.002073660771,0.001357906536,-0.000769171331,-0.00508708398,-0.076074038302,0.057950207258,725873800.0,116.174000549316,-0.129479586143,2.547855922154,38.117621922216,45.019621002286,-0.360001220703
2024-11-15,115.32,-0.360001220703,-0.001390907019,0.002084965613,0.000908403359,0.003917471925,-0.157400710157,0.057163940887,722061500.0,116.119999694824,-0.404443986137,2.392141069685,29.764691517638,38.078427777766,0.580001525879
2024-11-18,116.14,0.580001525879,-0.002760998193,0.001873242483,-0.001182954051,0.004888600476,-0.14807897918,0.050685643054,728960100.0,115.982000732422,0.276512099019,2.437855311802,40.000017946811,35.960777128888,1.220000610352
2024-11-19,116.12,1.220000610352,-0.006987045761,0.00303329329,0.000583443894,-0.00360391282,-0.044439556106,0.051236114895,735046600.0,116.094000244141,0.376607608694,2.512141091483,57.176477762115,42.313729075521,1.009997253418
2024-11-20,115.94,1.009997253418,-0.003756465656,0.002542720027,0.000912812802,-0.006427285971,0.005132698402,0.052002163565,730503800.0,116.231999206543,0.149439334993,2.502141680036,49.935303150805,49.037266286577,-0.009999694824
2024-11-21,115.625,-0.009999694824,-0.002156473728,0.002142375519,0.000167483181,-0.000475449516,-0.043696383759,0.051384679687,724879400.0,116.269999694824,-0.301104956353,2.530712672642,22.831051285335,43.314277399419,1.63500213623
2024-11-22,117.7,1.63500213623,-0.000341130094,0.002165597489,0.000344460158,0.004060601925,0.009916388233,0.052177852736,730441300.0,116.716000366211,0.326660437526,2.241427285331,43.074611294935,38.613655243692,0.06000213623
2024-11-25,118.22,0.06000213623,0.004415732283,0.002166469395,-9.059299e-06,-0.000507270883,0.071935880403,0.051728137324,735790799.9999999,117.088000488281,0.17354507484,2.136427743094,50.68496172338,38.86354143455,-0.090002746582
2024-11-26,118.16,-0.090002746582,0.00431729576,0.001450606878,-7.5637474e-05,-0.004045853001,0.127512813325,0.050814805124,742669800.0,117.241999816895,-0.065565283255,2.075713566371,56.316546720601,50.025373246305,-0.200000915527
2024-11-27,118.74,-0.200000915527,0.003306200345,0.001956822983,0.000174049153,0.00329531052,0.141386502771,0.046029384149,738613000.0,117.408000183105,-0.162419477614,1.824999128069,77.242866832625,61.414791758869,0.209996948242
2024-11-29,118.13,0.209996948242,-0.002017636569,0.002418246146,-0.000277396999,-0.004885856288,0.202100113812,0.045886280363,742123300.0,118.011999511719,0.133670837934,1.797856467111,74.09832414715,69.219245900125,0.639996643066
2024-12-02,117.85,0.639996643066,-0.000168364432,0.001886821053,-0.000350441424,-0.007578947368,0.213862195601,0.038830357223,739600100.0,118.313998413086,0.028154506953,1.709999629429,71.147498734489,74.162896571421,-1.040002441406
2024-12-03,116.285,-1.040002441406,0.002482672045,0.001897729462,-0.000800923128,-0.006951383018,0.080243020543,0.036947839178,734261199.9999999,118.123997497559,-0.427434629848,1.760714394706,39.016358170003,61.420727017214,0.005000915527
2024-12-04,115.625,0.005000915527,0.006191428455,0.002996894852,-0.000406312681,-0.011836595163,-0.045779070225,0.036964791101,729466300.0,117.75599822998,-0.289728495997,1.795714242118,30.491820906802,46.885225937098,0.345001220703
2024-12-05,116.045,0.345001220703,-0.006122265043,0.002148880791,0.0006249325,0.006810688877,-0.147565491731,0.037109818597,725909199.9999999,117.357998657227,-0.294909916653,1.828571864537,25.245922958969,31.584700678591,-0.455003662109
2024-12-06,115.95,-0.455003662109,-0.003979575215,0.002124554851,-6.660186e-05,0.007122383393,-0.232318712167,0.038357760687,722639400.0,116.685998535156,0.123910837465,1.845715114049,19.016333158867,24.918025674879,-0.350001525879
2024-12-09,115.41,-0.350001525879,0.0006055337,0.001101793416,-0.000103359907,-0.002247773839,-0.276534110131,0.037698818452,727939700.0,116.051998901367,0.218394993587,1.787143707275,12.588637609605,18.950297909147,-0.509998474121
2024-12-10,114.93,-0.509998474121,0.00156658227,0.002490813844,-0.00019520247,-0.001303441084,-0.337703547803,0.040434734494,723071700.0,115.669999694824,-0.1818025544,1.757858276367,15.718607838791,15.774526202421,0.57
2024-12-11,115.2,0.57,-0.001645042783,0.001699765849,-4.7662659e-05,-0.000953950221,-0.322560480585,0.041504598503,727143800.0,115.511999511719,0.108233544609,1.759286608015,24.700620512748,17.669288653715,-1.060000610352
2024-12-12,114.2063,-1.060000610352,0.002277923056,0.002023601399,-3.7711033e-05,-0.001693181818,-0.3847274204,0.045802162902,722396100.0,115.145999145508,-0.36333264432,1.75785773141,4.341330871785,14.920186407775,-0.346299389648
2024-12-13,113.65,-0.346299389648,-8.7845918e-05,0.002280583614,8.13909e-06,-0.001756697409,-0.422291815778,0.0499564921,718631400.0,114.8,-0.175934077498,1.685000283378,7.745475649222,12.262475677918,-0.270002746582
2024-12-16,113.08,-0.270002746582,-0.005997533266,0.00330079858,-0.002892177021,0.003371783496,-0.454267961685,0.054312639882,714080900.0,114.355999755859,-0.099821134867,1.722857339042,14.779475015834,8.955427178947,-0.459997253418
2024-12-17,112.61,-0.459997253418,-0.003640593608,0.002043044292,-0.001225545303,0.003564744675,-0.497898271181,0.061511556481,709033700.0,113.9,-0.026149634594,1.736428941999,5.721136970148,9.415362545068,0.680000915527
2024-12-18,113.48,0.680000915527,-0.002295013983,0.00178085464,0.000318192508,0.003981243918,-0.454152408998,0.064719614366,714839300.0,113.458000183105,0.336507032133,1.711429050991,13.706812984524,11.402474990169,-1.549999694824
2024-12-19,112.125,-1.549999694824,-0.003484315095,0.002793471438,0.000278954048,0.00551520043,-0.486448759989,0.071263085186,708384700.0,113.016000366211,-0.228855493505,1.692143576486,1.089942613115,6.839297522596,0.294998168945
2024-12-20,113.1,0.294998168945,0.001956958053,0.002855705492,0.000165668467,0.004083806818,-0.44554257312,0.075791226051,716123400.0,112.72799987793,0.226804827182,1.741429465158,15.139436577751,9.97873072513,1.130003356934
2024-12-23,113.72,1.130003356934,-0.002013510901,0.001842105263,0.000450000158,-0.002456140351,-0.275643558299,0.075220663836,728435300.0,112.898001098633,0.31828689625,1.775000980922,47.889656223802,21.373011804889,0.589997558594
2024-12-24,114.3,0.589997558594,-0.001487167987,0.001803925004,0.000376729798,0.001401787279,-0.143577737124,0.073223480424,732463500.0,113.236000061035,0.106778838283,1.787858145578,52.879528859292,38.636207220282,0.46000213623
2024-12-26,114.72,0.46000213623,-0.004879794158,0.001832486865,6.520266e-06,0.004553415061,-0.018207696862,0.069436911611,733943500.0,113.530000305176,0.255402602927,1.753572736468,68.101818798279,56.290334627124,0.549996643066
2024-12-27,115.649,0.549996643066,-0.002255526281,0.001706808104,-0.000142834268,0.005556038605,0.100263369125,0.065404338299,736904000.0,114.197999572754,0.277476331573,1.795715332031,78.082140634308,66.354496097293,-0.65900213623
2024-12-30,113.01,-0.65900213623,-0.007478916656,0.0028817041,-0.000432632852,-0.009813370718,0.157555796199,0.056643474335,734074500.0,114.711999511719,-0.000684561364,1.820000784738,72.602713123578,72.928890852055,-0.209996948242
2024-12-31,113.72,-0.209996948242,0.002304915778,0.00183309747,-5.3206807e-05,0.00583760835,0.05124868769,0.047976353768,730598700.0,114.425999450684,-0.304280296174,1.852143423898,29.745676919966,60.143510225951,-0.609999389648
2025-01-02,113.72,-0.609999389648,0.005127767907,0.001612572199,-0.000966353334,0.000263875451,0.007400220549,0.044871255876,734118600.0,114.186000061035,0.025763680518,1.788571493966,39.18635006823,47.178246703925,-0.279997558594
2025-01-03,113.58,-0.279997558594,0.004407616266,0.001371950149,0.000176118352,-0.003159557662,0.006257988231,0.042008686318,737687700.0,113.92200012207,-0.098877805422,1.761428833008,46.252773202579,38.394933396925,0.250001831055
2025-01-06,113.24,0.250001831055,-0.002811206972,0.001506651396,0.000143035292,-0.002378645053,0.035757715052,0.039151752733,742104399.9999999,113.634001159668,-0.053721869612,1.723572322301,54.603941135756,46.681021468855,-0.199999084473
2025-01-07,114.0,-0.199999084473,0.002919336769,0.001641429734,0.000252783181,0.005557025668,0.007530441956,0.037554632983,736067200.0,113.24400177002,-0.153362099433,1.675000871931,37.687426679464,46.181380339266,-0.599998474121
2025-01-08,112.74,-0.599998474121,0.001234562502,0.002499363905,-0.00054792562,-0.007045974987,0.017973971336,0.034889045268,741367300.0,113.364001464844,0.016569950545,1.702857971191,45.396222213227,45.895863342816,1.51
2025-01-10,113.37,1.51,-0.004201342293,0.002271358882,0.000872021999,-0.003515865342,0.083337696088,0.033877270571,745823100.0,113.592001342773,0.18214242859,1.7321434021,63.597481468347,48.893710120346,-1.060002441406
2025-01-13,112.37,-1.060002441406,0.002582146931,0.001438721137,0.000592350315,-0.002042628774,0.001456576914,0.032313386001,740714400.0,113.366000366211,-0.346971628051,1.743571690151,22.055657022001,43.683120234525,0.820002441406
2025-01-14,113.33,0.820002441406,0.003268796795,0.001656172948,0.000241327086,-0.002025361043,0.011540545289,0.032096126254,745124100.0,113.238000488281,0.215450301282,1.699999673026,33.653914920412,39.769017803587,-0.310003356934
2025-01-15,112.585,-0.310003356934,-0.007697709636,0.003487828801,0.000564318809,0.003878733839,0.011702298703,0.032211345471,741151700.0,113.233999633789,-0.1709078134,1.616427830287,29.567233179323,28.425601707245,-1.485001525879
2025-01-16,111.425,-1.485001525879,-0.000720088498,0.001941592106,-0.000714544031,0.003647991353,-0.106070576072,0.037322660647,734608000.0,112.773999023438,-0.267765508444,1.659998757499,4.715089123656,22.645412407797,2.485003662109
2025-01-17,114.27,2.485003662109,-0.002545877502,0.002729449041,-0.00084329805,0.005720823799,0.01051077807,0.036999748557,740206700.0,112.705999755859,0.506036239251,1.780712672642,59.921517594305,31.401279965761,-0.789996643066
2025-01-21,114.79,-0.789996643066,0.006785306841,0.002083150985,-0.000485103005,0.004726477024,0.061075897957,0.036979927119,733746900.0,112.940000915527,-0.043831233106,1.738570077079,51.473568390681,38.703391702881,2.000000915527
2025-01-22,117.72,2.000000915527,-0.022775953774,0.007181423877,0.002622831347,0.031500547645,0.306151336044,0.043217169851,742233200.0000001,113.660000610352,0.471960826272,1.879998888288,98.17879810166,69.857961362215,0.059998779297
2025-01-23,119.9,0.059998779297,0.00297162912,0.003823753492,0.000657988962,0.014983492762,0.51154007245,0.052452602528,755433900.0,114.612001037598,0.310724221618,2.163570404053,76.211418201657,75.287928231333,3.320001220703
2025-01-24,123.0,3.320001220703,-0.005112845939,0.002740843462,9.7326545e-05,0.003344481605,0.964110128975,0.089405835379,768523300.0,117.036001586914,0.48908738349,2.464999607631,99.919141996695,91.436452766671,2.029998779297
2025-01-27,127.67,2.029998779297,0.013596773528,0.005770141245,-0.00160892126,0.00741734396,1.314028344781,0.121471584528,778483500.0,119.260000610352,0.363527406214,2.628571101597,95.678598945927,90.603053048093,1.759992675781
2025-01-28,128.315,1.759992675781,0.00247243562,0.003048863198,-0.000367359055,-0.01105973025,1.743555663618,0.164656666889,790328600.0,122.449998474121,0.331257201967,2.898570469448,98.253957996787,97.950566313137,-0.925000610352
2025-01-29,128.32,-0.925000610352,0.006044464056,0.001811971147,0.000449656589,0.001248439451,1.785505041085,0.186865632396,778380100.0,124.569998168945,-0.358586964703,3.020713806152,87.04578197398,93.659446305565,-0.459999389648
2025-01-30,128.55,-0.459999389648,0.00101671557,0.002390117283,0.000372624211,0.004375341824,1.73844147631,0.205403325058,785989900.0,126.585998535156,-0.083290358098,3.039285387312,89.520774521231,91.606838164,0.259997558594
2025-01-31,128.35,0.259997558594,-0.003415902878,0.00171753525,-5.5813013e-05,-0.000155799642,1.664723419838,0.220002583847,792330300.0,127.703997802734,0.21276329616,3.035714285714,94.523389968257,90.363315487823,-0.419999694824
2025-02-03,126.66,-0.419999694824,-0.010005462177,0.005063736457,-0.000485813137,7.8957758e-05,1.457583070526,0.228297389272,785200900.0,128.28399810791,-0.199481359594,2.940714154925,89.889387868108,91.311184119199,1.789996948242
2025-02-04,127.935,1.789996948242,-0.015648069713,0.003353341242,-0.000719987751,0.011743772242,1.26369706545,0.234984255235,790921500.0,128.087998962402,0.317566332322,3.049999782017,92.627652705505,92.346810180624,1.165006103516
2025-02-05,129.69,1.165006103516,0.002556053886,0.001768952759,0.001037825135,0.00200880785,1.093699324895,0.240545724797,797878900.0,128.430000305176,0.428019449457,3.169999803816,96.050554059974,92.855864877862,2.369997558594
2025-02-06,131.235,2.369997558594,-0.0019687605,0.002462063733,-0.000587234486,-0.004286798179,1.092510760056,0.248104957647,806559000.0,129.269999694824,0.383863776411,3.269286019461,97.951571817405,95.543259527628,-3.014998779297
2025-02-07,129.175,-3.014998779297,-0.001169816683,0.002489107519,0.000354660285,0.008628094011,0.760741434761,0.24492666395,800089800.0,129.152000427246,-0.461402491045,3.340000152588,77.603356130954,90.535160669444,-0.104992675781
2025-02-10,128.975,-0.104992675781,0.0,0.002337831149,-5.0867736e-05,-0.000774743366,0.536733504979,0.242150709486,806545000.0,129.380001831055,0.357614013433,3.341428484235,81.947406965259,85.834111637873,2.334997558594
2025-02-11,130.719,2.334997558594,-0.000837716948,0.002007113821,7.8334458e-05,-0.003666158537,0.4794934118,0.235546020389,812048600.0,129.952001953125,0.406535844862,3.299284798758,93.736829250823,84.429197449012,0.721002441406
2025-02-12,130.535,0.721002441406,-0.007227609028,0.001145255916,-0.000406116842,0.000344854012,0.394033589741,0.227347996589,817362700.0,130.420001220703,0.081961371144,2.952141898019,92.798930219986,89.494388812023,-0.044994506836
2025-02-13,131.045,-0.044994506836,0.003371807526,0.001580658028,0.000338181404,0.000878331933,0.225544857383,0.213125385313,812659000.0,130.106002807617,0.005977459932,2.719998495919,80.523308458534,89.019689309781,0.744993286133
2025-02-14,132.16,0.744993286133,0.004021656158,0.002645002834,0.00052042809,-0.001246929907,0.156922377806,0.188291209626,816827400.0,130.820001220703,0.294245596052,2.581426348005,89.900329472928,87.740856050482,-1.549999389648
2025-02-18,129.41,-1.549999389648,-0.006507971055,0.003316122072,0.000212300684,-0.0026972873,-0.004132783155,0.165620392806,813093500.0,131.12799987793,-0.393257975321,2.395711626325,69.323381064988,79.915672998817,0.769992675781
2025-02-19,130.755,0.769992675781,0.000614547823,0.002009664061,0.000199190753,0.003761562968,-0.166808486888,0.132044556939,807977300.0,130.901998901367,0.091582449725,2.352140154157,62.857090400677,74.026933646198,1.375004882813
2025-02-20,131.775,1.375004882813,-0.003027390755,0.001058035375,0.00034585283,0.000341607834,-0.169704670678,0.106479692597,811784100.0,131.039999389648,0.422272277489,2.377139500209,92.180609145091,74.787026870252,1.394998168945
2025-02-21,133.4317,1.394998168945,-0.005706949893,0.002427524896,-0.000398015268,0.007716184578,-0.129990814361,0.075801704402,816831000.0,131.575997924805,0.380305392259,2.372138977051,98.48900233817,84.508900627979,1.488298168945
2025-02-24,134.815,1.488298168945,-0.003187019579,0.002348278682,0.000235288816,0.002416536545,-0.020044431236,0.070613033528,823991100.0,132.201998901367,0.429450117195,2.505710601807,94.7927172857,95.154109589654,0.134996948242
2025-02-25,135.395,0.134996948242,0.003186424189,0.002365046536,-2.4631027e-05,0.000110799232,0.018437993625,0.068739023625,829938300.0,133.069998168945,0.108919709184,2.459281921387,84.513692562615,92.598470728828,0.425007324219
2025-02-26,135.01,0.425007324219,-0.004933098156,0.003813163639,0.000342521547,-0.000998927078,0.063676435396,0.077202460008,836324000.0,134.198001098633,0.112957919234,2.379996163504,90.962558597835,90.089656148717,0.950006713867
2025-02-27,136.07,0.950006713867,-0.001765265382,0.001846121099,-0.000281217286,0.002578838786,0.064045216623,0.080547290753,841712000.0,134.964001464844,0.206035388048,2.272138323103,92.605746041004,89.360665733818,-0.200004882812
2025-02-28,136.4,-0.200004882812,0.003900778673,0.002923680352,0.000558559615,0.0,0.021446495968,0.082461332643,836821300.0,135.504000854492,0.048884650012,2.118567330497,87.44382727846,90.337377305766,1.609994506836
2025-03-03,138.387,1.609994506836,0.001159362861,0.002098863719,7.3971957e-05,0.001570529058,0.096414883411,0.090242055467,845577400.0,136.12200012207,0.235491049299,2.275709969657,96.442679989988,92.164084436484,1.833001220703
2025-03-04,140.56,1.833001220703,0.005562678452,0.003544184397,0.000231121988,-0.003120567376,0.245390044668,0.100297802802,853167200.0,137.176000976562,0.372282408994,2.27571105957,95.075494054972,92.987333774473,-2.979998168945
2025-03-05,138.43,-2.979998168945,-0.00494263647,0.00265480843,0.000824785757,0.011212973447,0.122866341302,0.100379317914,844810900.0,137.52799987793,-0.448715585151,2.427139282227,71.879852861129,87.799342302029,-0.719993286133
2025-03-06,135.33,-0.719993286133,-0.004720130155,0.004076681745,-0.001673541273,-0.012622209251,0.013090468577,0.100237411809,852967600.0000001,137.87799987793,0.173568139278,2.445711408343,72.881431640748,79.945592852283,-0.249998168945
2025-03-07,135.07,-0.249998168945,-0.004219775811,0.003454369726,-0.00159283899,0.004200587339,-0.259107889407,0.100009109556,843783400.0,137.720001220703,-0.216625751372,2.639283316476,52.619445906578,65.793576802818,2.069999389648
2025-03-10,138.37,2.069999389648,-0.005177240171,0.002990691197,0.000787466475,0.01421974639,-0.31894486839,0.094212641523,852038200.0,137.546002197266,0.386414965623,2.738568987165,68.490002428137,64.663626658487,-1.009999389648
2025-03-11,135.17,-1.009999389648,-0.002184064141,0.003157887057,-0.000148117438,-0.013789581205,-0.359238423671,0.089014838341,859066200.0,136.974002075195,0.180858258626,2.749282836914,65.538765893271,62.216071409328,-2.509996337891
2025-03-12,130.82,-2.509996337891,-0.002789163016,0.00365106962,-0.000941346635,-0.011111951017,-0.698334296941,0.087092949547,849752700.0,135.990002441406,-0.445254342964,2.948569161551,13.259098524515,49.095955615308,-0.540001220703
2025-03-13,129.76,-0.540001220703,0.0,0.003442585201,-0.000944544723,-0.003991403132,-1.057289589545,0.089430418511,842981700.0,134.504000854492,-0.304867920048,3.040712629046,7.124654929256,28.640839782347,0.129999389648
2025-03-14,126.71,0.129999389648,-0.03764723545,0.005899233472,0.002204739695,0.011737464069,-1.280468073461,0.090809892547,833968800.0,133.466000366211,-0.098283458684,2.958570207868,7.277184795507,9.220312749759,-9.15527e-07
2025-03-17,126.675,-9.15527e-07,7.8937229e-05,0.002693813131,-3.4843862e-05,-0.000355113636,-1.581977793942,0.10362860644,824430900.0,131.380000305176,0.230029939965,3.179999215262,13.209800649875,9.203880124879,0.964999389648
2025-03-18,128.465,0.964999389648,0.002428686619,0.002175328905,0.000551387814,0.004025009769,-1.650882093568,0.110379443791,831093700.0,129.436000061035,0.281989456201,3.149999891009,18.768680163451,13.085221869611,-2.164996948242
2025-03-19,126.54,-2.164996948242,0.00023752002,0.002656138684,0.000186339442,0.00166231299,-1.711484932878,0.119751832273,823134100.0,128.163999938965,-0.20704694006,3.269999912807,10.759136349851,14.245872387726,0.879998168945
2025-03-20,127.245,0.879998168945,-0.000706296807,0.001441698175,-0.000397107362,-0.000667556742,-1.602815948674,0.127277127916,828232600.0,127.591999816895,0.280347145978,3.28642817906,17.45366954257,15.660495351957,-0.465001220703
2025-03-21,126.2,-0.465001220703,-0.003549431713,0.003130689464,-0.002450075887,-0.001029050898,-1.502412868547,0.135844240056,823074100.0,126.969999694824,-0.193833244666,3.126428876604,13.62820897442,13.947004955614,0.139996337891
2025-03-24,126.99,0.139996337891,0.006886202088,0.001823906293,-0.000150666327,-0.001690185134,-1.396266351483,0.143781957414,814217000.0,126.895999145508,0.009009796594,3.018571581159,10.998187732659,14.026688749883,0.219999084473
2025-03-25,127.765,0.219999084473,0.003694687714,0.00233787594,-0.000820349446,0.000665726817,-1.205300491104,0.14853875453,819500000.0,126.809999084473,0.004873822312,2.861428941999,18.498294971563,14.374897226214,-2.165001525879
2025-03-26,125.61,-2.165001525879,0.001114644836,0.002775170988,0.000396917293,-0.001033879434,-1.126703152388,0.154422598056,812773199.9999999,126.669998168945,-0.225346836215,2.99214226859,7.508525135358,12.335002613194,1.000000610352
2025-03-27,128.4,1.000000610352,0.004423012052,0.003346308092,0.000592531571,0.009672092475,-0.952885989606,0.156631669894,818826900.0,126.507998657227,0.205560867037,2.845714024135,14.402740541168,13.469853549363,2.950006103516
2025-03-28,132.53,2.950006103516,-0.000685280491,0.003130547408,1.6879482e-05,0.00971391566,-0.488286748516,0.153918393212,827268300.0,127.42200012207,0.416646882941,2.974285670689,46.757740320232,22.889668665586,-1.709992675781
2025-03-31,131.7888,-1.709992675781,-7.6515556e-05,0.003258237138,0.001051117042,0.007482608363,-0.200992450767,0.146846967976,820560000.0,128.318002319336,-0.070820477288,2.973571777344,50.318539428308,37.159673429903,0.861193896484
2025-04-01,131.845,0.861193896484,-0.001281554291,0.002894810342,-0.000262815358,-0.004755614267,0.111176955878,0.132343676449,830229600.0,129.406001281738,0.369024072021,2.795714242118,90.959685141321,62.678654963287,-0.154997558594
2025-04-02,130.42,-0.154997558594,-0.007973293586,0.002611077091,0.00011708931,-0.001684017146,0.244269888156,0.123230523626,826000800.0,130.624002075195,-0.248950997499,2.677856445312,80.245502823966,73.841242464531,1.509992675781
2025-04-03,133.08,1.509992675781,-0.000151512278,0.002687017242,-5.7420808e-05,0.008869683875,0.334167491712,0.112272679336,830237000.0,131.688000488281,0.281131366459,2.714999607631,82.923963253876,84.709717073054,-1.449995117188
2025-04-04,129.55,-1.449995117188,-0.003038890378,0.005003852439,0.000990196037,-0.012801950773,0.357056747605,0.10713922812,823997800.0,131.744000244141,-0.056609592189,2.484285627093,78.008811358429,80.392759145423,-5.109997558594
2025-04-07,120.82,-5.109997558594,-0.017277414687,0.006235542108,-0.00085155862,-0.012020606754,-0.103771866353,0.100233819232,813220900.0,130.467999267578,-0.370415380441,2.964999062674,4.564340967003,55.165705193103,4.040000610352
2025-04-08,126.58,4.040000610352,0.017699816384,0.006252695365,0.002082396569,-0.003856142284,-0.357739094857,0.086026582208,823592200.0,128.910000610352,0.237248218346,3.129999433245,33.333333330802,38.635495218745,-2.630003051758
2025-04-09,122.76,-2.630003051758,-0.018717222686,0.006156903049,-0.00085931308,0.009331963001,-0.55279848272,0.08692541189,813712100.0,127.361999511719,-0.240607017932,3.408570970808,26.423661435889,21.440445244565,4.280000915527
2025-04-10,124.77,4.280000915527,-0.008186405132,0.004596560847,-0.003095844029,-0.009761904762,-0.444179160149,0.086004414957,823891300.0,126.384001159668,0.418657880156,3.803570883615,49.886109398385,36.547701388359,-0.27
2025-04-11,124.82,-0.27,0.012530100872,0.004839157511,-0.000325466862,-0.009797310698,-0.509195294236,0.088456702517,812801900.0,124.958000183105,-0.136972779937,4.067856924874,30.599843122937,35.636537985737,2.059997253418
2025-04-14,127.34,2.059997253418,0.000945797203,0.003437007874,-0.000420978663,0.002677165354,-0.364491167291,0.088353352598,820158900.0,125.445999145508,0.109172244769,4.280714307513,48.67119911484,43.05238387872,0.619999084473
2025-04-15,127.47,0.619999084473,-0.002657051737,0.004764143551,0.000429139915,-0.001175364363,-0.178055994863,0.088344158494,827147400.0,126.065998840332,0.295642129024,4.092857905797,56.871669738437,45.380903992071,-1.249998779297
2025-04-16,131.575,-1.249998779297,0.027570873823,0.008735803231,-0.003455394868,0.014495547245,-0.154797818262,0.088418615377,818508000.0,126.519999694824,-0.230765915879,4.141429901123,43.659839020493,49.734235957923,-1.875003051758
2025-04-17,130.54,-1.875003051758,0.005242929457,0.00329050815,0.001010711022,0.001265580058,0.098445558251,0.089276719144,831991200.0,127.051998901367,0.019853543857,4.328573499407,67.421432292431,55.984313683787,0.439995727539
2025-04-21,130.9,0.439995727539,-7.6305598e-05,0.002564709475,-0.000483891023,-0.000534473544,0.341940723269,0.091202283176,842451200.0,128.347998046875,0.110002067386,4.352858952114,76.771312138558,62.617527817161,-1.010000610352
2025-04-22,130.8931,-1.010000610352,0.000307901196,0.003630339414,-0.000378196184,0.007412452859,0.414534575556,0.090892947098,836404500.0,128.949998474121,-0.1432409355,4.416431427002,68.809324239168,71.000689556719,0.836895727539
2025-04-23,129.55,0.836895727539,0.003643900417,0.005419408517,-0.000300750896,-0.020119506845,0.562245785661,0.093390126592,842241600.0,129.703997802734,0.436541782253,4.457146235875,82.249762585556,75.943466321094,0.289996337891
2025-04-24,128.75,0.289996337891,0.001386382776,0.003334563913,0.00176867609,-0.009767728042,0.509974749408,0.091115138818,833464500.0,130.427996826172,-0.183548836146,4.699288504464,68.444071917496,73.16771958074,0.630004882812
2025-04-25,129.0738,0.630004882812,-0.000850213373,0.002384621335,0.000179394681,-0.001517753539,0.425196279546,0.089762093444,826869000.0,130.363998413086,-0.139079279583,4.70000239781,65.084018060579,71.925950854544,-0.223793896484
2025-04-28,129.32,-0.223793896484,0.003725228598,0.002227093482,-0.000915268846,-7.732158e-05,0.319050195341,0.088006115777,822019900.0,129.938000488281,-0.08281631524,4.263574327741,61.212588661449,64.913559546508,0.209998779297
2025-04-29,130.05,0.209998779297,-0.004940935657,0.002623339454,0.000347094674,0.008999922414,0.281567305526,0.086955449561,825863200.0,129.866000366211,0.068675544032,3.947145189558,65.214101586955,63.836902769661,0.45
2025-04-30,129.8186,0.45,0.003218376774,0.003391384051,-4.1448429e-05,-0.008412771158,0.30695200973,0.083237956745,830178500.0,129.620001220703,0.335374499736,3.702145167759,72.501861485844,66.309517244749,0.9314
2025-05-01,129.005,0.9314,-0.009560229446,0.004153204633,-0.000970283557,-0.003822393822,0.323761794206,0.081718335867,838689000.0,129.802001953125,-0.022913590326,3.393574305943,71.91102396004,69.875662344279,1.875004882813
2025-05-02,132.81,1.875004882813,0.00786979478,0.002433704799,-6.0767333e-05,0.00682283375,0.325920061772,0.079826683479,845458100.0,130.102001953125,0.203950744627,3.294288635254,67.588953658332,70.667279701405,0.010007324219
2025-05-05,132.24,0.010007324219,0.000526969294,0.003154381608,0.001140136907,-0.004853820973,0.433548880391,0.082569060564,855259500.0,130.896002197266,0.103773085176,3.39714540754,64.464338379552,67.988105332641,0.360006103516
2025-05-06,131.96,0.360006103516,-0.004902029603,0.00271146478,-0.001139470057,7.5786283e-05,0.462807983438,0.08120069558,849507500.0,131.510003662109,-0.083989100635,3.393573760986,62.500042569149,64.851111535677,1.099997558594
2025-05-07,133.51,1.099997558594,0.003306797306,0.001815505618,-0.000538239092,7.4906367e-05,0.483753367477,0.079979044165,855798000.0000001,132.022003173828,0.20227618548,3.394288199289,61.323647867725,62.762676272142,0.439996948242
2025-05-08,133.74,0.439996948242,-0.005151194155,0.002475293588,-0.000176527827,0.003564326717,0.524729411894,0.075466821381,860722900.0,132.662002563477,0.119964709365,2.970002310617,70.527358890414,64.783683109096,0.26
2025-05-09,134.005,0.26,-0.000149285615,0.002440231386,0.000142776249,0.000223922374,0.521309685847,0.077496678096,866717400.0,133.286001586914,0.180883601292,2.905002049037,71.044453221021,67.631819993053,-0.764994506836
2025-05-12,132.26,-0.764994506836,-0.010882709001,0.004869337583,0.000327333787,0.003566279687,0.437362496542,0.068037858753,861741300.0,133.370001220703,-0.201182896902,2.785715375628,63.185155898906,68.252322670113,-0.269994506836
2025-05-13,131.09,-0.269994506836,-0.001818361112,0.002681846932,4.6351984e-05,-0.005009487666,0.275075060292,0.062790380304,855783000.0,133.248001098633,0.0415774817,2.887143816267,50.258586608892,61.49606524294,-2.039996948242
2025-05-14,129.86,-2.039996948242,0.001937233585,0.002204176334,-0.000139630893,0.004331013148,-0.036286108826,0.060668944645,849438300.0,132.446002197266,-0.466066204942,2.695001329694,18.933098384435,44.125613630744,-1.300002441406
2025-05-15,130.575,-1.300002441406,0.002255822576,0.003419577028,0.000693162508,0.01338766007,-0.268325953703,0.053333305866,844171400.0,131.368002319336,-0.18216129936,2.679286956787,13.807520694075,27.666401895801,2.775006103516
2025-05-16,133.05,2.775006103516,-0.001499903996,0.002203913027,-5.5524914e-05,-0.00071350783,-0.1009150872,0.054480565262,852577800.0,131.238003540039,0.508440618007,2.863572256906,60.795502813365,31.178707297292,1.750003051758
2025-05-19,134.68,1.750003051758,0.001483656852,0.002278703704,5.3871331e-05,-0.00237037037,0.095166060969,0.059461092399,859706500.0,131.550003051758,0.336731336102,2.92928641183,77.272735145549,50.62525288433,0.870003051758
2025-05-20,135.095,0.870003051758,-0.004057565764,0.001752314815,0.000164415051,0.000703703704,0.254049215834,0.064395474243,867719300.0,132.262002563477,0.241348409599,2.835715157645,85.795459461707,74.621232473541,0.104996948242
2025-05-21,135.87,0.104996948242,-0.000739577271,0.002435233161,-0.000321696728,0.005699481865,0.310509622358,0.068501467575,861264000.0,133.492001342773,0.082288425226,2.742857796805,81.818118756059,81.628771121105,-2.819996948242
2025-05-22,132.75,-2.819996948242,-0.004434395523,0.002113845689,0.00045083216,0.002189340178,0.184234956588,0.067206122189,854054900.0,134.390002441406,-0.31356030839,2.708571297782,56.445996112289,74.686524776685,-1.25
2025-05-23,131.18,-1.25,0.001368765595,0.002367861482,-0.0004670405,-0.00379708384,-0.012084880402,0.064562740987,847777800.0,134.020001220703,-0.274200688567,2.420000348772,41.478688350122,59.91426773949,0.120003051758
