Date,Price_0939,Prev_Delta_Close,Gap,atr10m_pct,vwap_gap,ret939_pct,MACD_Hist,Bollinger_Width,OBV,MA5,Composite_HL,ATR_14,Stoch_K,Stoch_D,Delta_Close
2016-02-02,53.55,0.229999389648,-0.013789299658,0.003187919463,-0.000506932432,-0.001677852349,-0.141354270151,0.138837677989,-41549700.0,56.101999664307,0.070310172632,2.922143936157,40.439553617401,47.655673489177,0.400000762939
2016-02-03,54.72,0.400000762939,0.010750658168,0.00255822483,-0.000516235556,0.003484320557,-0.244877748968,0.142103400805,-49468000.0,55.240000152588,0.119695958957,2.926429476057,35.604405090007,40.695976664678,2.120000152588
2016-02-04,56.22,2.120000152588,-0.00175929757,0.006016919281,0.000637759733,-0.009164610504,-0.110565056477,0.14114244003,-33032300.0,55.186000061035,0.396543114483,2.881429399763,67.362632149817,47.802196952408,0.539998321533
2016-02-05,54.7,0.539998321533,-0.00898517154,0.005840888889,0.001490463147,-0.027555555556,-0.023508692055,0.140014966302,-43383500.0,55.368000030518,0.022304939448,2.583572115217,58.219153735757,53.728730325193,-1.580001068115
2016-02-08,52.53,-1.580001068115,-0.010165608277,0.003239634842,0.000263899817,-0.000950931913,-0.19777246336,0.146440222376,-56646700.0,55.011999511719,-0.385683857696,2.565000534058,8.356169250109,44.645985045227,0.359999389648
2016-02-09,52.75,0.359999389648,-0.010966118795,0.003549990442,-0.000121369154,0.008411393615,-0.308622450945,0.154228547335,-66016100.0,54.711999511719,0.092178437029,2.469286237444,12.071161769687,26.215494918518,0.729999542236
2016-02-10,53.45,0.729999542236,0.011780124785,0.004121049714,-0.000836455976,-0.012197375716,-0.320881090057,0.15568814517,-58360300.0,54.617999267578,0.328746818867,2.3014289311,19.567984471168,13.331771830321,-0.729998779297
2016-02-11,52.59,-0.729998779297,-0.007966653527,0.004502868069,-0.000904657181,0.005544933078,-0.356124359722,0.162660845008,-67663100.0,53.793999481201,-0.304470408385,2.322143009731,9.911084138233,13.85007679303,-0.409999694824
2016-02-12,52.45,-0.409999694824,0.006707521504,0.003885153003,-0.00028641937,-0.009255761239,-0.38907504015,0.15582435689,-76214200.0,52.87799987793,-0.033696589744,2.300000054496,4.505638731926,11.328235780442,0.130001831055
2016-02-16,53.5,0.130001831055,0.016355967396,0.004102919162,0.001658390566,0.001122754491,-0.35798590043,0.162875812295,-66238000.0,52.770000457764,0.03127704524,2.281428745815,12.777093915958,9.064605595372,0.009998321533
2016-02-17,53.72,0.009998321533,0.015511154122,0.003551711446,-0.00095013882,-0.011409642989,-0.253748623419,0.163418627842,-57925000.0,52.894000244141,0.041353846118,2.226428440639,26.057290177739,14.446674275208,1.289998321533
2016-02-18,55.21,1.289998321533,0.009452835369,0.003136322708,0.000836090603,-0.005762650819,-0.072173164589,0.163404683239,-47919400.0,53.2,0.202470976781,2.177857262748,55.628046536447,31.487476876715,-0.660000762939
2016-02-19,54.51,-0.660000762939,-0.000916576311,0.003621284404,-0.000550934609,0.000183486239,0.023439817311,0.161189002994,-54474400.0,53.565999603271,-0.347828153758,2.064285823277,51.663734931757,44.449690548648,-0.219999084473
2016-02-22,53.83,-0.219999084473,0.0,0.003969270166,-0.001903373789,-0.015364916773,0.072871150905,0.152928839487,-63006900.0,53.987999725342,-0.093546682115,1.963571548462,47.110351578389,51.467377682198,1.449998779297
2016-02-23,55.55,1.449998779297,0.007597720567,0.003708258528,-0.00078708478,-0.002692998205,0.170371198073,0.138781691147,-53625100.0,54.52799911499,0.3275817215,1.905714035034,64.44830886279,54.407465124312,-0.480000305176
2016-02-24,54.49,-0.480000305176,-0.007445067181,0.004075192097,-8.0889034e-05,-0.003110135382,0.215919357831,0.12279065101,-62254800.0,54.839999389648,-0.228564205001,1.894999912807,60.770568445768,57.443076295649,0.399999389648
2016-02-25,54.85,0.399999389648,0.005101089131,0.004042784627,-0.000860462249,-0.005620014503,0.227939699357,0.106311947323,-68888600.0,54.815999603271,0.118145897057,1.740000043597,57.6182004291,60.94569257922,1.350000762939
2016-02-26,56.74,1.350000762939,0.001067572202,0.002312300036,0.000841578296,0.008531816566,0.312884233313,0.100885816661,-61812300.0,55.145999908447,0.302126180646,1.729285648891,97.046427404132,71.811732093,-0.74
2016-02-29,55.6445,-0.74,-0.002321447645,0.001807410059,-0.001096353501,-0.004036155361,0.342005370321,0.101503213394,-67110300.0,55.487999725342,-0.12247276014,1.504285812378,84.778409542307,79.814345791846,-1.034499389648
2016-03-01,54.46,-1.034499389648,0.003112949406,0.002409273457,-0.001094797168,-0.00584154801,0.257888473758,0.101260420132,-75505400.0,55.354000091553,-0.397756073586,1.459285736084,57.996160303056,79.940332416498,1.880000152588
2016-03-02,56.13,1.880000152588,-0.003017429591,0.001840662275,9.9938724e-05,-0.00071212391,0.3057289812,0.105886460275,-68399400.0,55.608000183105,0.390066002228,1.475000108991,91.329469129675,78.034679658346,-0.429999237061
2016-03-03,55.2701,-0.429999237061,-0.000179571564,0.002486170977,-0.001404066343,-0.00736170977,0.281825341307,0.106961406478,-75454200.0,55.770000457764,-0.218908401342,1.395714351109,78.998080141894,76.107903191542,0.659900305176
2016-03-04,55.72,0.659900305176,0.001251558992,0.002325,0.000889501925,-0.005,0.269085890478,0.102613143862,-66170300.0,55.716000366211,0.136064002661,1.370000021798,83.429668465573,84.585739245714,0.430001525879
2016-03-07,55.091,0.430001525879,-0.008014260921,0.003109318996,-9.6848545e-05,-0.01270609319,0.262760389434,0.099396003364,-59730600.0,55.746000671387,0.066038535652,1.372142791748,84.23647354651,82.221407384659,1.309001525879
2016-03-08,56.12,1.309001525879,-0.003900730758,0.001440192239,-0.000444812745,-0.001067995728,0.262102189006,0.100513654834,-51988800.0,56.104000854492,0.224386244322,1.399285725185,88.662816460804,85.442986157629,-0.800000305176
2016-03-09,55.2947,-0.800000305176,0.00343453774,0.003077823816,-0.000267675511,-0.003878580436,0.179555653129,0.095811818821,-57292500.0,55.900000762939,-0.335566434868,1.359285627093,51.803226592349,74.900838866554,1.095299389648
2016-03-10,56.99,1.095299389648,0.003014754132,0.002165841584,0.000778039513,0.007602545969,0.186809151776,0.095996550533,-48890000.0,56.038000488281,0.287567739747,1.37714276995,86.885192563744,75.783745205632,-0.760000457764
2016-03-11,57.015,-0.760000457764,0.003023332474,0.002304255319,-0.000241229175,0.010904255319,0.171045858835,0.089725042172,-54517900.0,56.098000335693,-0.062259584489,1.450714111328,68.59503435544,69.094484503844,0.714999542236
2016-03-14,57.65,0.714999542236,-0.001039344773,0.003084445986,0.002100186448,-0.000346800763,0.247229888789,0.083727773511,-47980500.0,56.413999938965,0.450663951885,1.454999923706,96.373073355566,83.951100091583,-0.440000915527
2016-03-15,56.26,-0.440000915527,-0.009788455996,0.003289673433,-0.000340747698,-0.006884377758,0.247575829627,0.073252361151,-52631300.0,56.575999450684,-0.295989463736,1.415713991438,82.901561039364,82.62322291679,-0.640001068115
2016-03-16,55.44,-0.640001068115,-0.000719113657,0.001601115509,0.000267387494,-0.002518891688,0.131520634442,0.063682152497,-58410900.0,56.635999298096,-0.26993072955,1.488570894514,38.016482016299,72.430372137076,0.870001373291
2016-03-17,55.75,0.870001373291,0.002663784541,0.002572440666,-0.000900318741,-0.012575274531,0.093795944282,0.0629498259,-52165500.0,56.619999694824,0.294399814416,1.452142442976,57.024828112608,59.314290389424,-0.430000305176
2016-03-18,55.4,-0.430000305176,0.004880702445,0.002487137974,-0.000255277777,-0.003417880914,-0.000282830311,0.05987490703,-60474300.0,56.437999725342,-0.259520180661,1.527856554304,29.752033973111,41.597781367339,1.169999694824
2016-03-21,56.41,1.169999694824,-0.000883847222,0.001316348195,9.0470868e-05,-0.00194621373,0.01820083025,0.054645984868,-49444500.0,56.205999755859,0.288131696304,1.547142301287,64.187321726529,50.321394604082,-0.400001678467
2016-03-22,56.2,-0.400001678467,-0.004641998381,0.002564843049,-0.00108677138,0.008071748879,-0.009284042084,0.053387904787,-56077400.0,55.965999603271,-0.23348501668,1.472142355783,46.242742688544,46.727366129394,1.3
2016-03-23,57.42,1.3,-0.005913046132,0.002291637509,-0.00018653782,0.004548635409,0.066707267938,0.055940428121,-48415800.0,56.341999816895,0.504391790703,1.526428222656,89.306386396509,66.578816937194,-1.059999389648
2016-03-24,55.965,-1.059999389648,-0.00390349926,0.002924652654,0.000477722973,-0.003117206983,0.035579290991,0.051991155596,-53532200.0,56.351999664307,-0.301144439381,1.550713947841,56.358418449497,63.969182511517,0.154998931885
2016-03-28,56.27,0.154998931885,0.004098352577,0.002744454303,-0.000217954973,-0.001419698314,-0.003702540828,0.052008397134,-58811100.0,56.511999511719,-0.012074204842,1.499999727522,49.421951920518,65.028918922175,-0.159999389648
2016-03-29,55.66,-0.159999389648,-0.000178259421,0.00176114082,0.000271327641,-0.007843137255,-0.031349116629,0.05192498727,-62614200.0,56.419999694824,-0.125311946035,1.444999967303,49.1329830137,51.637784461238,1.389999237061
2016-03-30,57.28,1.389999237061,0.00666084265,0.002288803627,0.000262254514,-0.001046389955,0.010444376664,0.046158966343,-58046300.0,56.62799987793,0.269136897274,1.490713936942,76.300580561795,58.285171832004,-0.28
2016-03-31,57.29,-0.28,0.000350885224,0.001955103472,-0.000199296981,0.004735180638,0.030367520312,0.047385884161,-61696600.0,56.52799987793,-0.258327845113,1.433570861816,74.855515524915,66.763026366803,-0.170001068115
2016-04-01,56.55,-0.170001068115,-0.009453730934,0.002506185931,6.1949019e-05,-0.000530222694,0.046318020664,0.047508451725,-56766300.0,56.679999542236,0.083726117948,1.332856587001,78.323693663707,76.493263250139,0.869998168945
2016-04-04,57.65,0.869998168945,0.003831439006,0.001786780014,-0.000775114257,0.000173490632,0.070324024399,0.049196877848,-52240600.0,56.939999389648,0.357642577925,1.302142279489,90.662608352617,81.28060584708,1.559999084473
2016-04-05,59.025,1.559999084473,-0.011315625389,0.003703792279,0.000843251771,0.008284933379,0.193048770739,0.064685412846,-44132500.0,57.559999084473,0.427123748347,1.389285496303,96.192337105054,88.392879707126,-0.484999084473
2016-04-06,58.965,-0.484999084473,-0.000341654552,0.00275786056,0.000328047884,0.007604237867,0.213783686683,0.070894570315,-50911900.0,57.857999420166,0.012555527825,1.345714296613,80.194171721308,89.016372392993,0.924999389648
2016-04-07,59.83,0.924999389648,-0.007847741284,0.002433355772,0.000523774112,0.006900033659,0.297930604665,0.0820057538,-44589100.0,58.435999298096,0.507897171135,1.352142878941,99.81781176374,92.068106863367,-0.530000762939
2016-04-08,58.96,-0.530000762939,0.003204088429,0.00274163725,0.000619837828,-0.008909060346,0.292926592263,0.088724819082,-52416700.0,58.871999359131,-0.043018793699,1.287143162319,88.23525450143,89.415745995493,-0.489998779297
2016-04-11,58.38,-0.489998779297,0.00205231622,0.002355350742,-0.001525043079,-0.003584229391,0.216323080492,0.089604613448,-58166700.0,59.081999969482,-0.298944589919,1.275000435965,69.444439901238,85.832502055469,0.12
2016-04-12,59.01,0.12,0.00820512038,0.003416821797,-0.001042599363,-0.001353866983,0.153248014629,0.091406983735,-53272700.0,58.940000152588,-0.036453067702,1.27142906189,70.085439416928,75.921711273199,0.879999389648
2016-04-13,59.215,0.879999389648,-0.000333953214,0.002964589945,0.000616067898,-0.010940370803,0.18840159427,0.099806804606,-46029000.0,59.209999847412,0.345912771524,1.254286084856,96.687372379096,78.739083899087,-0.154998626709
2016-04-14,59.2,-0.154998626709,0.001523876575,0.002061538462,0.000898898509,0.000845308538,0.141175723699,0.098080777543,-53052000.0,59.044000244141,-0.300531954988,1.255714688982,79.503141384079,82.091984393368,0.079998779297
2016-04-15,59.54,0.079998779297,0.004554663686,0.001851217464,-0.000339656177,-0.000167926113,0.111478154705,0.098845181447,-47866400.0,59.040000152588,0.136782746652,1.241428920201,84.05795497231,86.749489578495,-0.030001678467
2016-04-18,59.34,-0.030001678467,-0.000168010785,0.001663865546,0.000217556589,-0.00268907563,0.094708012903,0.093835219432,-43205600.0,59.247999572754,-0.012767851363,1.245714732579,88.819852211393,84.126982855927,0.540001068115
2016-04-19,60.21,0.540001068115,0.003506998676,0.002534485624,-8.2388163e-05,0.000664783115,0.095638469274,0.095287839842,-37116200.0,59.523999786377,0.194791987348,1.184286390032,88.888920976696,87.255576053466,-0.040001831055
2016-04-20,60.5,-0.040001831055,0.0,0.001841615423,0.001223130584,0.005484460695,0.102290788779,0.093582134656,-30966900.0,59.579999542236,0.038603649809,1.237858091082,78.234053253414,85.314275480501,-0.020000457764
2016-04-21,61.4,-0.020000457764,0.001488097772,0.002811716172,0.000207551212,0.013201320132,0.113224220202,0.097922418403,-26523300.0,59.863999176025,0.144290314643,1.274286815098,84.599585927307,83.907520052472,-0.030001068115
2016-04-22,61.66,-0.030001068115,-0.001140617501,0.00264274062,-0.000724223741,0.005872756933,0.163023878615,0.100857374685,-20820900.0,60.281999206543,0.456689176383,1.255715506417,98.477121949509,87.10358704341,-0.240001831055
2016-04-25,61.14,-0.240001831055,-0.004721541997,0.001531981024,-0.000774554981,0.000163585801,0.180595143018,0.099363904737,-15717900.0,60.663999176025,0.066636674204,1.187858309065,85.384531093308,89.487079656708,-0.169998779297
2016-04-26,60.9599,-0.169998779297,-0.000164050124,0.002624590164,-0.000145353124,-0.000657377049,0.144724958383,0.092053963381,-20038400.0,60.881999206543,-0.140944199632,1.130715233939,73.298441848174,85.720031630331,-0.029899694824
2016-04-27,60.87,-0.029899694824,0.0,0.003270491803,0.00063236941,-0.002131147541,0.103074214701,0.08832584,-24320100.0,61.033999633789,-0.013499300986,1.086429595947,72.251298424951,76.978090455478,-0.169999237061
2016-04-28,57.9162,-0.169999237061,-0.035255343703,0.004374829235,0.000494441139,-0.010993852459,0.047623533936,0.081180120581,-30999300.0,61.07799987793,-0.083363991778,1.092857905797,66.230373533054,70.593371268726,3.283800762939
2016-04-29,60.8701,3.283800762939,-0.002777810156,0.003752416844,0.001829261187,-0.00262002294,0.032908457977,0.074118903165,-14763900.0,61.044000244141,0.326176813377,1.302857807704,80.306394483921,72.929355480642,0.1299
2016-05-02,61.0124,0.1299,-0.003442607942,0.001367001152,-8.8269345e-05,0.003658496463,-0.000250359867,0.06562360355,-27816600.0,60.960000610352,-0.007512439144,1.300715037755,75.930009883235,74.155592633403,0.427598626709
2016-05-03,61.0925,0.427598626709,-0.007324169243,0.002438924414,-0.000634078191,0.001680603378,-0.002387281274,0.067693556499,-18304600.0,61.054000091553,0.260578687323,1.282857894897,85.557989226669,80.598131197942,0.677500457764
2016-05-04,61.18,0.677500457764,-0.007608891326,0.002171288744,-0.000643488892,-0.001957585644,0.008017444536,0.067225858641,-8988000.0,61.22200012207,0.295760826001,1.287857873099,92.77903633869,84.755678482865,0.279999084473
2016-05-05,61.32,0.279999084473,-0.000813524859,0.002515714053,0.000761963055,-0.001465559355,-0.015124183787,0.069132936972,-17679400.0,61.373999786377,0.130205919361,1.307143620082,85.995636033997,88.110887199786,1.020000152588
2016-05-06,62.25,1.020000152588,-0.005453964577,0.003302903226,0.00071030337,0.004032258065,0.017898752239,0.072942744959,-9033200.0,61.601999664307,0.365468484805,1.332143511091,98.767939621373,92.51420399802,0.259998321533
2016-05-09,62.38,0.259998321533,-0.002399579511,0.002174470815,0.000336823896,0.000320718409,0.039041911031,0.071379532752,1847500.0,61.903999328613,0.240616320493,1.337857655116,95.402267752947,93.388614469439,1.320000762939
2016-05-10,63.48,1.320000762939,-0.002982769845,0.001803149606,2.5709546e-05,-0.00031496063,0.11663600162,0.075513255378,11764900.0,62.355999755859,0.433864032893,1.340000425066,97.318640917554,97.162949430625,0.260001678467
2016-05-11,63.41,0.260001678467,0.000470642901,0.00214050494,-0.000157820854,-0.005645287753,0.151888584368,0.083622253977,23868300.0,62.75,0.264819777171,1.289285932268,97.949570169263,96.890159613255,-0.709999237061
2016-05-12,62.8,-0.709999237061,0.002551831666,0.002338530067,0.001051869598,-0.000954502068,0.089484953068,0.079803109433,14493100.0,62.998000335693,-0.440089128446,1.306428909302,81.545770637195,92.271327241337,-0.309998321533
2016-05-13,62.47,-0.309998321533,-0.005440872835,0.002319214044,0.000291504832,0.006120148172,0.021908423701,0.074742365688,4903600.0,63.028000640869,-0.266617042819,1.281428745815,78.233482318813,85.909607708424,-0.47
2016-05-16,61.765,-0.47,-0.001451615364,0.003032143434,0.000108179758,-0.002342109514,-0.063286949764,0.068441576624,-2436000.0,62.926000976562,-0.063728950499,1.307857513428,70.504749407198,76.761334121069,0.685000762939
2016-05-17,62.52,0.685000762939,-0.000160162308,0.001969410634,-0.0016162415,0.001281229981,-0.094926387568,0.063894996421,4271400.0,62.676000976562,0.250039232056,1.33357157026,77.602553067105,75.446928264372,-2.27
2016-05-18,59.84,-2.27,-0.00630707167,0.003538461538,-0.000165914981,0.000668896321,-0.260239960895,0.063465175629,-27257500.0,61.978000640869,-0.219642873308,1.552143096924,42.902226416569,63.669842963624,0.619999084473
2016-05-19,59.98,0.619999084473,-0.00661590667,0.002063727121,-0.000570364728,-0.001996672213,-0.346278182413,0.063554926769,-16635500.0,61.530000305176,0.248158393344,1.314285823277,36.499059105394,52.334612863023,-0.700001220703
2016-05-20,59.37,-0.700001220703,0.005904222268,0.002683213148,0.00074522397,-0.004360221365,-0.466035159225,0.072938708011,-26553400.0,60.887999725342,-0.256736908642,1.356428418841,14.525119819304,31.308801780423,0.319998626709
2016-05-23,59.755,0.319998626709,0.00100521653,0.00313790795,0.000786812211,8.3682008e-05,-0.498116256395,0.078335916376,-15294000.0,60.425999450684,0.037954703489,1.336428506034,22.160127806016,24.394768910238,-0.455000762939
2016-05-24,59.7,-0.455000762939,0.007251269995,0.003270550812,0.000173296358,-0.000502260171,-0.523480841305,0.084725207253,-21762900.0,59.795999145508,-0.310915852291,1.28928565979,14.897567896364,17.194271840562,1.000000762939
2016-05-25,60.97,1.000000762939,0.006260314058,0.002124201213,0.000898871867,-0.000983123054,-0.427879197607,0.085133317463,-12874800.0,59.885999298096,0.360371203084,1.349999836513,40.968364992907,26.008686898429,0.250001220703
2016-05-26,61.425,0.250001220703,-0.003593616732,0.002672131148,-0.000390144838,0.006967213115,-0.316654250544,0.084397516545,-7017200.0,60.037999725342,0.108494424322,1.311428342547,50.651801884846,35.505911591372,0.475001525879
2016-05-27,62.06,0.475001525879,0.001453960426,0.001686562349,0.000473362864,0.001129214389,-0.190534979557,0.084437166286,-480100.0,60.562000274658,0.364590699766,1.3235710689,63.314752356057,51.644973077937,0.649999084473
2016-05-31,63.25,0.649999084473,0.0,0.002742784245,0.000656778901,0.008611066815,-0.052961226697,0.085624944069,5287900.0,61.166000366211,0.287287408626,1.302856717791,78.98682246512,64.317792235341,-0.319999694824
2016-06-01,62.815,-0.319999694824,0.0,0.001482829889,-0.000144244096,-0.001351351351,0.047048651438,0.087587726171,12435800.0,61.892000579834,0.13616568797,1.332142693656,83.114423686193,75.138666169123,0.015001831055
2016-06-02,63.68,0.015001831055,0.000636592387,0.001980276762,0.000431373189,0.012883728328,0.09774267122,0.089086875118,7151400.0,62.318000793457,-0.088294389674,1.285713740758,86.7735545836,82.958266911638,1.409996337891
2016-06-03,64.3017,1.409996337891,-0.005069814414,0.002687132694,-2.5597424e-05,-0.005541292917,0.26525546546,0.101017427607,18779400.0,63.091999816895,0.496269256153,1.402856554304,99.097666538184,89.661881602659,0.6983
2016-06-06,62.6899,0.6983,-0.044153829721,0.004955094157,0.000126479748,0.009011749557,0.346631210333,0.110119285986,8157800.0,63.711999511719,0.086534848702,1.444285256522,94.614227080007,93.495149400597,0.130099694824
2016-06-07,62.63,0.130099694824,-0.003661247108,0.00258188209,-8.8655719e-05,0.000639079725,0.235582857196,0.110466517133,-8245600.0,63.733999633789,0.316948725929,1.587856837681,62.882066478717,85.531320032303,0.469998474121
2016-06-08,61.92,0.469998474121,-0.014104586548,0.003038096769,5.7464542e-05,-0.004661629963,0.166202599049,0.108901858554,2734500.0,63.767999267578,0.207895505141,1.373571123396,64.914932846591,74.137075468438,-0.190000457764
2016-06-09,62.06,-0.190000457764,-0.003725895739,0.002383902439,0.000835518649,0.009105691057,0.020898314801,0.105991566853,-10438500.0,63.547998809814,-0.250531378385,1.408571243286,43.740301112532,57.179100145946,-1.31
2016-06-10,59.995,-1.31,-0.012510260437,0.002852376981,0.001103357902,0.000750625521,-0.13953536898,0.106798988944,-21942200.0,62.679999542236,-0.213692814324,1.414999825614,27.129339812832,45.261524590652,1.005
2016-06-13,61.06,1.005,-0.008852474025,0.002285147205,0.000612543339,0.009923916639,-0.222227941862,0.107089971018,-10889900.0,61.879999542236,0.402046843877,1.434285300119,29.967923534991,33.612521486785,-1.129999694824
2016-06-14,60.15,-1.129999694824,-0.007842503226,0.00299983182,8.744881e-06,0.01160443996,-0.335591805546,0.110403197044,-22563500.0,61.301999664307,-0.159229092718,1.493571145194,7.00854165691,21.368601668244,-0.249998474121
2016-06-15,60.75,-0.249998474121,0.006510841064,0.002859512357,0.000486211595,0.007629789351,-0.395101808639,0.112755923309,-34123700.0,60.662000274658,0.190512338177,1.465714045933,11.916285553531,16.297583581811,-0.349998474121
2016-06-16,60.12,-0.349998474121,-0.007781476967,0.002353137517,-0.000732646468,0.003337783712,-0.383013841675,0.112384125794,-26384400.0,60.396000671387,0.054081442809,1.508571079799,19.967811583999,12.96421293148,0.780001525879
2016-06-17,60.6,0.780001525879,-0.000328414733,0.0029032523,-0.000335168153,-0.004599211564,-0.325810359344,0.111585950156,-19373200.0,60.426000976562,0.47933141239,1.491428375244,28.019337614467,19.967811583999,-0.590001678467
2016-06-20,60.95,-0.590001678467,0.010498268384,0.002316952507,0.00045517017,0.005112137203,-0.331292216568,0.108676183287,-31947900.0,60.228000640869,-0.299050192176,1.498571395874,13.687569680488,20.558239626318,-0.839999389648
2016-06-21,60.1,-0.839999389648,0.001497257556,0.002408637874,0.000185275585,-0.001661129568,-0.31184174248,0.107166253711,-24871400.0,60.264000701904,-0.227290578779,1.521428516933,15.297911743543,19.001606346166,-0.120000457764
2016-06-22,60.305,-0.120000457764,0.000333452116,0.001538833333,0.00029488836,0.005083333333,-0.291751318636,0.104265307692,-31237900.0,60.280000305176,-0.163812825116,1.529285975865,13.204497775706,14.063326399912,0.084999389648
2016-06-23,60.99,0.084999389648,0.00778276578,0.001675977654,0.000695597473,0.002136049951,-0.23718640274,0.105012356004,-24519300.0,60.27799987793,0.165193608603,1.453571864537,19.806746663559,16.103052060936,0.320001373291
2016-06-24,60.178,0.320001373291,-0.033436682529,0.003921363483,-0.000301746802,0.015491056362,-0.130786185497,0.104933950003,-19191100.0,60.359999847412,0.327137465215,1.404285975865,48.532762466893,27.181335635386,-0.317999389648
2016-06-27,59.3,-0.317999389648,-0.008018702595,0.00251936679,-0.00013419784,-0.001347254968,-0.148424231149,0.108122532277,-29069600.0,60.330000305176,0.223129677438,1.332857404436,15.801370531817,28.046959887423,-0.619999694824
2016-06-28,59.21,-0.619999694824,0.010224922819,0.00258097166,-0.000346729931,-0.001180836707,-0.225313354174,0.114479870769,-37015100.0,60.044000244141,-0.247756780251,1.350000108991,8.816088229767,24.383407076159,0.780001678467
2016-06-29,60.41,0.780001678467,0.009834974764,0.003459227468,0.0010221495,-0.002806206669,-0.175889624998,0.113611137683,-27117500.0,60.046000671387,0.370414569926,1.330000196184,43.229203908348,22.61555422331,1.400001373291
2016-06-30,61.56,1.400001373291,-0.000323579636,0.002233371096,-0.000472518661,-0.003722285159,-0.016938531236,0.111344118979,-17809500.0,60.330001068115,0.35622742833,1.357857295445,94.054119232425,48.69980379018,0.349999847412
2016-07-01,62.14,0.349999847412,0.001130668632,0.00211987738,-0.000779131779,0.002581477896,0.092601860432,0.094581620643,-9888900.0,60.450000762939,0.075288228047,1.328571864537,96.756782923582,78.013368688118,0.569999084473
2016-07-05,62.58,0.569999084473,-0.003348733656,0.002307409773,-0.000137772643,-0.000638773555,0.209891647924,0.076977177905,-3355200.0,61.020000457764,0.273672635724,1.317857469831,89.570507141457,93.460469765821,-0.660001831055
2016-07-06,62.2,-0.660001831055,-0.001291957667,0.002048835705,-0.000251881877,0.005821474774,0.223941601384,0.07285677559,-9648800.0,61.668000030518,-0.300921634243,1.297857284546,73.415067182955,86.580785749331,1.169998931885
2016-07-07,63.44,1.169998931885,0.003629470508,0.001786949686,-0.000758487942,-0.00251572327,0.314987571044,0.074844785427,-446600.0,62.343999481201,0.405770717142,1.340000152588,92.8176861392,85.26775348787,-0.009999694824
2016-07-08,62.86,-0.009999694824,0.000788258503,0.003245116572,0.000100837402,-0.009766855703,0.360095937676,0.083073445138,6635300.0,62.667999267578,-0.153148776744,1.305000305176,93.922684519681,86.718479280612,1.300003662109
2016-07-11,64.735,1.300003662109,0.001402685984,0.001950972763,0.000100048628,0.007548638132,0.41598407944,0.095377885885,14557000.0,63.118000030518,0.208963156797,1.329286030361,94.796754205253,93.845708288044,-0.385001525879
2016-07-12,64.5,-0.385001525879,0.004972800348,0.002257770218,0.000154907714,-0.002628730478,0.440288831035,0.10633368154,24198500.0,63.445999908447,0.061495498002,1.311428615025,90.390393816925,93.036610847286,1.0
2016-07-13,64.64,1.0,-0.010534388418,0.002046289153,0.001241793852,-0.002623051998,0.503785508724,0.120309683339,36069000.0,64.162000274658,0.289898533012,1.371428353446,95.855645232376,93.680931084851,0.129996643066
2016-07-14,64.09,0.129996643066,-0.016519931073,0.00457833595,0.001811091254,0.00612244898,0.467392576982,0.125774573427,28384800.0,64.441999816895,-0.019218495995,1.370713915144,86.096236491696,90.780758513666,-0.470001068115
2016-07-15,63.96,-0.470001068115,0.003143677559,0.002005640865,0.000207391345,0.002193669696,0.342430210119,0.126298339589,16294700.0,64.479999542236,-0.023903072355,1.434999465942,70.721926760556,84.224602828209,-0.640000305176
2016-07-18,63.66,-0.640000305176,-0.00142135428,0.001951447098,-3.7887349e-05,0.00680056935,0.221969420109,0.126515087348,7467200.0,64.311998748779,-0.232173052909,1.357142039708,66.711239482808,74.509800911686,-0.099998626709
2016-07-19,63.93,-0.099998626709,-0.002359998783,0.001418439716,-0.00010349312,0.00756501182,0.144600568606,0.123908970358,13852000.0,64.153999328613,0.284303780815,1.289999280657,66.216253359422,67.883139867595,-0.610000305176
2016-07-20,63.77,-0.610000305176,0.00394819964,0.001486707566,-0.000105069718,0.003146138115,0.067334445561,0.120156586059,8057500.0,63.717999267578,-0.044187548408,1.249285016741,55.376366496475,62.767953112902,-0.360000152588
2016-07-21,63.34,-0.360000152588,-0.002838673799,0.001676419421,-8.2626579e-05,0.001739680531,0.015089605661,0.114868174424,15560300.0,63.445999908447,-0.135856261419,1.144999640329,48.608165895497,56.733595250465,0.549999389648
2016-07-22,63.93,0.549999389648,0.001721718757,0.00130484375,-5.3242903e-05,-0.00109375,0.006120839807,0.111117438691,21705800.0,63.5,0.404084945528,1.141428266253,52.47525873037,52.153263707447,-0.119998626709
2016-07-25,64.106,-0.119998626709,0.001567128537,0.001823345329,4.1027484e-05,0.003066812705,-0.011004850272,0.109703772663,16732900.0,63.598000335693,-0.182278973723,1.078570774623,50.495108390133,50.526177672,0.213999694824
2016-07-26,64.59,0.213999694824,0.001399315418,0.001720074523,-6.351973e-05,0.002794597112,0.005331884769,0.101334407832,23974100.0,63.75,0.265634449558,1.067856652396,62.842930472144,55.271099197549,-0.140003051758
2016-07-27,64.615,-0.140003051758,-0.000465458196,0.00136091276,0.000460507567,0.003027010245,0.017522888094,0.078302360184,28859300.0,63.975999450684,0.031943178582,0.982857022967,55.700246384294,56.34609508219,0.285001525879
2016-07-28,64.95,0.285001525879,-0.001694924619,0.000975459176,-1.2778898e-05,0.002469516901,0.046858536188,0.062620648318,35079700.0,64.273999786377,0.309885534045,1.000714165824,70.35839561515,62.967190823863,-0.229998779297
2016-07-29,65.78,-0.229998779297,0.008498074969,0.003701348452,0.005418545668,0.00796812749,0.04509005243,0.058139075822,28523600.0,64.440000152588,-0.022243499461,0.957142421177,62.021019366895,62.693220455446,0.450003356934
2016-08-01,66.86,0.450003356934,0.0,0.002039559112,-0.000230443444,0.009512305602,0.131668046562,0.060786514582,39048600.0,64.924000549316,0.393439495874,1.011428288051,95.086762212339,75.822059064795,0.080002441406
2016-08-02,66.96,0.080002441406,-0.000149419418,0.001736142238,0.000783827764,0.000448229494,0.217726916041,0.070247238187,46647600.0,65.448001098633,0.423996227124,0.965714045933,96.618374824742,84.575385467992,-0.180001220703
2016-08-03,66.75,-0.180001220703,0.000449218027,0.002107468942,-0.000359211745,-0.000898069151,0.242931273617,0.070389524998,37884400.0,65.914001464844,-0.066696481566,0.948570796422,92.753555060768,94.819564032617,-0.180000305176
2016-08-04,66.73,-0.180000305176,0.000150249907,0.002361711712,0.000426931781,0.001951951952,0.224927667438,0.074216281296,31529300.0,66.248001098633,-0.147986539363,0.873570850917,87.217996928296,92.196642271269,-0.630001525879
2016-08-05,66.4,-0.630001525879,0.000756475838,0.002841087613,0.000980719905,0.003021148036,0.163680540867,0.074753628145,26627400.0,66.524000549316,-0.259860200651,0.863571166992,75.438522670884,85.136691553316,0.140000915527
2016-08-08,66.28,0.140000915527,-0.002404623684,0.002273275083,-0.000517701068,-0.001506477855,0.136241135779,0.078077199807,31673000.0,66.586000061035,0.409859800279,0.857142584664,86.466148139579,83.040889246253,0.059996337891
2016-08-09,66.67,0.059996337891,0.0,0.002412873078,-4.1201242e-05,0.004974374435,0.09027590062,0.080169275295,26363700.0,66.465998840332,-0.014805708181,0.859999520438,81.074046013154,80.992905607872,0.09000213623
2016-08-10,66.54,0.09000213623,-0.000898819444,0.002263868066,0.000164950559,-0.0023988006,0.074470464358,0.083599978874,32081000.0,66.461999511719,0.2174924134,0.889999389648,87.990253805284,85.176815986006,-0.109999694824
2016-08-11,66.88,-0.109999694824,0.00647298364,0.001788300419,0.000234534659,0.000598444045,0.030363684832,0.085603944578,27574900.0,66.433999633789,-0.169527710623,0.885713304792,77.656672895931,82.240324238123,0.069996948242
2016-08-12,66.83,0.069996948242,-0.001344232143,0.002367035597,0.000115230993,-0.000448698774,0.02500603379,0.086162620947,31821500.0,66.603999328613,0.112812665063,0.897856576102,91.525339686858,85.724088796024,0.360002441406
2016-08-15,67.4,0.360002441406,0.004167268479,0.001282051282,-0.000901960214,-0.001037498147,0.026291067821,0.084939725183,37036900.0,66.733999633789,0.202681420196,0.901427677699,94.219739823577,87.800584135455,-0.010000610352
2016-08-16,67.0,-0.010000610352,-0.003858170924,0.002837777447,0.000348628962,-0.00193654104,0.029059070027,0.083971021826,42252300.0,66.944000244141,-0.044065332158,0.912855965751,82.577495646653,89.440858385696,-0.26000213623
2016-08-17,66.77,-0.26000213623,-0.000749107341,0.002942642643,0.000801825575,0.002552552553,-0.02169968366,0.077935664022,35104700.0,66.939999389648,-0.167359446585,0.935713086809,67.06434178067,81.287192416966,0.060001831055
2016-08-18,66.92,0.060001831055,-0.003890500211,0.002458594918,-0.000768595895,0.000298953662,-0.056072233457,0.070708540553,43050100.0,67.019999694824,0.077481364458,0.926427568708,56.565643572779,68.735827000034,-0.150003356934
2016-08-19,66.53,-0.150003356934,-0.002995311641,0.001667417756,-0.000438887408,-0.000600871263,-0.08781779613,0.064512083125,34844300.0,66.983999633789,0.120224749818,0.869284493583,43.03778314633,55.55592283326,0.569998474121
2016-08-22,67.67,0.569998474121,0.003129643655,0.001919477047,0.001023375175,0.005348388055,-0.091163167966,0.056361419001,41553700.0,66.965998840332,0.400515092332,0.856427328927,56.961894896469,52.188440538526,-0.65999786377
2016-08-23,67.01,-0.65999786377,0.003730786331,0.001739518287,-3.0934724e-05,-0.003716919417,-0.103128003118,0.0494002603,33668900.0,66.889999389648,-0.165919029071,0.84642791748,53.164585463708,51.054754502169,-0.840001831055
2016-08-24,66.31,-0.840001831055,0.002115753265,0.001310511235,-0.000251316706,0.0,-0.167496819633,0.040843442413,23441100.0,66.775999450684,-0.352000213616,0.897856576102,17.7214211829,42.615967181025,-1.250002441406
2016-08-25,65.2105,-1.250002441406,-0.00030735696,0.002066420664,0.001113667088,0.002621463715,-0.278185912574,0.039668728003,14890000.0,66.421998596191,-0.35683392042,0.954285212926,6.707341182416,25.864449276341,-0.490498779297
2016-08-26,64.76,-0.490498779297,-0.000618061106,0.002136672851,-0.00025307059,0.00123685838,-0.362331236483,0.039668728003,8511000.0,66.011999511719,-0.128968758167,1.001428331648,11.688412054955,12.03905814009,-0.149999389648
2016-08-29,64.666,-0.149999389648,0.003559754301,0.001544108575,-0.001123855375,-0.002683528686,-0.40992478708,0.047317155824,1469400.0,65.513999938965,-0.036941457792,0.993571145194,10.23020846893,9.541987235434,-0.15599786377
2016-08-30,64.55,-0.15599786377,0.000465025241,0.001279826464,-0.000592104665,0.000154942671,-0.430540847247,0.053526097179,-3629800.0,65.013999938965,-0.176355739975,0.986427852086,8.142485239031,10.020368587639,-0.389996337891
2016-08-31,63.734,-0.389996337891,0.000779230354,0.004278801124,-0.000815977814,-0.005088979082,-0.448140337387,0.060621070325,-9161600.0,64.612001037598,-0.311989384326,0.974285125732,1.246958232106,6.539883980022,0.365998474121
2016-09-01,63.99,0.365998474121,0.0,0.001134165367,-0.000263799746,-0.001716068643,-0.443398408997,0.066720864484,-15911600.0,64.420001220703,-0.050484971217,0.993570600237,12.986972235787,7.458805235641,0.039998779297
2016-09-02,64.05,0.039998779297,0.005310072993,0.002052934766,-0.000853618878,-0.002802428772,-0.424529123433,0.072335829904,-21038300.0,64.282000732422,-0.061898924383,0.97142791748,11.471828227251,8.568586231715,0.070002746582
2016-09-06,64.63,0.070002746582,0.009045448796,0.003049821512,0.001659285881,0.003104144032,-0.38661559555,0.076137315371,-16937500.0,64.184001159668,-0.200159805472,0.9485710689,14.452275387482,12.97035861684,-0.019999389648
2016-09-07,64.67,-0.019999389648,-0.003714562165,0.002030293615,-0.0009594003,0.00466055616,-0.312345144149,0.077687325548,-10651200.0,64.204000854492,-0.046361200017,0.929999487741,25.874134573614,17.266079396116,0.300001220703
2016-09-08,63.6699,0.300001220703,-0.015545669036,0.002844200627,0.001108154725,-0.002039184953,-0.226764480477,0.077131084269,-4936900.0,64.366000366211,0.35948238088,0.919285093035,34.265755399723,24.864055120273,0.390097558594
2016-09-09,63.635,0.390097558594,-0.01311265017,0.002608351787,0.000826139632,0.006564378361,-0.219112938261,0.07945880104,-13175700.0,64.358000183105,0.075962875511,0.965714045933,14.25284150622,24.797577159852,-0.274999389648
2016-09-12,63.61,-0.274999389648,-0.005997491548,0.003398284898,-0.000340160937,0.010163569954,-0.246805425548,0.082385239896,-22024200.0,64.224000549316,0.08188578755,0.989285332816,6.342479197266,18.287025367736,0.470001831055
2016-09-13,64.12,0.470001831055,-0.006554337885,0.002097407698,0.001149307539,0.007384131972,-0.204015694601,0.080027764563,-15371200.0,64.216000366211,0.362568756092,1.039285387312,29.399639058641,16.664986587376,-0.779999847412
2016-09-14,63.6775,-0.779999847412,0.001105142006,0.00186295537,-0.000118222448,0.004218577511,-0.212001164291,0.077762814219,-23011600.0,63.962000274658,-0.131351270716,1.013571330479,17.571072162258,17.771063472721,-0.337499847412
2016-09-15,63.26,-0.337499847412,-0.002683959318,0.002390375178,0.000259109169,0.001424726927,-0.203684562668,0.077022194162,-23011600.0,63.636000061035,-0.031784320974,0.957142421177,24.54874341354,23.839818211479,0.089998474121
2016-09-16,63.4801,0.089998474121,0.002841362423,0.002266645679,-0.000723812949,-0.00078545569,-0.184483800726,0.074179936039,-15204800.0,63.494000244141,0.107103405947,0.938570840018,27.822530394847,23.314115323548,-0.210099542236
2016-09-19,63.4,-0.210099542236,0.00553182348,0.001964790946,-0.000436071588,-0.003458032065,-0.164790473764,0.070125566228,-26370100.0,63.476000213623,-0.204775478411,0.924999782017,24.596803334711,25.656025714366,-0.490000152588
2016-09-20,63.06,-0.490000152588,0.007153087967,0.002566130051,0.00034239439,-0.004734848485,-0.163314293919,0.062498377129,-34273600.0,63.241999816895,-0.396415732584,0.92357145037,10.080647017933,20.83332691583,0.219998779297
2016-09-21,63.67,0.219998779297,0.00331862995,0.002036856198,8.7238645e-05,0.00283509214,-0.126374561065,0.049775278475,-29447100.0,63.229999542236,-0.04439190558,0.937143053327,24.999961535303,19.892470629315,0.429998474121
2016-09-22,64.48,0.429998474121,0.000312079141,0.001520904836,0.000377344568,0.005928237129,-0.040137371469,0.039531132292,-21859700.0,63.381999206543,0.298665197239,0.944286073957,58.064471448645,31.048360000627,0.600001831055
2016-09-23,65.11,0.600001831055,-0.000460952343,0.002049469965,-0.000972927471,0.000307266861,0.08278035409,0.039641731865,-16443600.0,63.72799987793,0.437177644244,0.986428669521,95.27577735813,59.446736780693,-0.129996643066
2016-09-26,64.69,-0.129996643066,-0.007079204218,0.002005096525,0.000354554479,-0.000926640927,0.153133311736,0.040754997355,-21597800.0,64.070000457764,-0.055881448369,0.984285627093,86.891452623098,80.077233809958,-0.620000305176
2016-09-27,64.2001,-0.620000305176,-0.001872934797,0.00209015625,0.000224863286,0.0031265625,0.13481001234,0.039833833247,-27165500.0,64.302000427246,-0.254914532525,0.992143358503,52.80894379563,78.325391258953,0.369899694824
2016-09-28,64.51,0.369899694824,0.005730257834,0.00235328693,0.000145595525,-0.002165506574,0.151542571009,0.04000275491,-22807200.0,64.560000610352,0.300660104067,1.007143565587,71.535521636243,70.41197268499,-0.289998779297
2016-09-29,63.88,-0.289998779297,0.001245746333,0.001639657854,-8.1521218e-05,-0.006531881804,0.134780000954,0.040062368,-28452800.0,64.584001159668,-0.334681680365,0.972857883998,58.426974296794,60.923813242889,-1.060000305176
2016-09-30,62.87,-1.060000305176,-0.002387798895,0.001772596615,-0.001053160401,0.003992334717,0.030586122095,0.043266151758,-34884000.0,64.132000732422,-0.478049428996,1.009286608015,5.992499194098,45.318331709045,0.199999694824
2016-10-03,62.71,0.199999694824,-0.000792757845,0.002005395113,-0.000298842256,-0.00491907331,-0.017716461278,0.044889160925,-27558600.0,63.75,0.253336683241,0.955000468663,21.527732698906,28.649068729933,0.519999542236
2016-10-04,63.21,0.519999542236,0.001265251172,0.001855157163,-0.000802487912,-0.0015795293,-0.034158582279,0.045662569485,-23319000.0,63.581999969482,0.109184960959,0.947857448033,31.81814802956,19.779459974188,-0.21
2016-10-05,63.28,-0.21,0.001269870334,0.001557936508,7.6143598e-05,0.004444444444,-0.054580255173,0.045649037263,-28038400.0,63.268000030518,-0.150386265538,0.953571864537,24.350634866333,25.8988385316,0.109999389648
2016-10-06,62.885,0.109999389648,-0.003628325358,0.001990340459,0.000658443917,-0.004196357878,-0.036734413413,0.042239282001,-23595900.0,63.101999664307,0.212580798427,0.942857469831,37.012945180229,31.060576025374,-0.054998168945
2016-10-07,63.23,-0.054998168945,0.004297256648,0.00275562599,-0.000476271555,0.00206022187,-0.05638160406,0.043475477216,-28042000.0,63.104000091553,-0.248672851591,0.957857131958,18.831217079756,26.731599042106,-0.299999694824
2016-10-10,62.97,-0.299999694824,0.002224684395,0.001205010306,-0.000237897973,-0.001585539876,-0.056250852842,0.044424634906,-24229300.0,63.076000213623,-0.070121745005,0.972143173218,22.077918853774,25.97402703792,0.340001373291
2016-10-11,63.16,0.340001373291,-0.003632910081,0.001540900444,-0.000155438153,0.001268230818,-0.025733206536,0.044011478543,-21094000.0,63.092000579834,0.168007199765,0.968571799142,34.415608531761,25.108248155097,-0.770000610352
2016-10-12,61.89,-0.770000610352,-0.006250992041,0.002278387097,-0.000229095992,-0.001774193548,-0.060673935065,0.046947003821,-26402400.0,62.970000457764,-0.275428131692,0.983572006226,10.365850109594,22.286459165043,-0.680000915527
2016-10-13,61.3473,-0.680000915527,-0.004084300012,0.002641017227,0.001081378656,0.006518457752,-0.151265251381,0.057126392417,-30966200.0,62.534000396729,-0.316562907489,1.001429421561,4.408319399672,16.396592680342,-0.197298474121
2016-10-14,61.34,-0.197298474121,0.00490595633,0.002021643613,-6.3168491e-05,-0.00179007323,-0.200167608631,0.065483701956,-36954800.0,62.198000335693,0.109756070733,1.02642931257,11.032886969599,8.602352159621,-1.170001831055
2016-10-17,60.14,-1.170001831055,-0.001163365414,0.001695406125,1.6511746e-05,0.000998668442,-0.278632989894,0.079150213695,-42561300.0,61.645999908447,-0.455770192952,1.055714471,0.417466372447,5.286224247239,-6.10352e-07
2016-10-18,60.46,-6.10352e-07,0.007981369257,0.002370504784,-5.6566e-06,-0.00263939294,-0.310252483226,0.090022945458,-48700000.0,61.011999511719,0.030596823939,1.040714263916,5.511785006259,5.654046116102,1.089999237061
2016-10-19,61.65,1.089999237061,0.00796103468,0.002267353841,-0.000978360608,-0.007086487357,-0.218247859046,0.092320424152,-42044900.0,60.843999481201,0.391059096956,1.07142829895,37.977523265421,14.635591548042,-0.219999694824
2016-10-20,61.56,-0.219999694824,0.000325581274,0.002201790073,-0.001143557576,0.00179007323,-0.150724584157,0.093001118339,-47633800.0,60.887999725342,-0.300022627939,1.034285681588,40.359895649303,27.949734640328,0.199998321533
2016-10-21,61.03,0.199998321533,-0.006152805436,0.002207559466,7.8508539e-05,-0.005702183122,-0.07302414059,0.087519049596,-43242500.0,61.009999084473,0.243722787084,1.022857121059,48.843136473215,42.393518462646,-0.050000457764
2016-10-24,61.14,-0.050000457764,0.002459847934,0.002300834288,0.000329352795,0.000163585801,-0.063688996062,0.083051730242,-47584200.0,61.171999359131,-0.246688941572,1.027856826782,28.791750831048,39.331594317855,-0.020001068115
2016-10-25,61.04,-0.020001068115,-0.000981635465,0.001433016705,-0.000456541147,-0.000327546675,-0.038835966254,0.081240248577,-43649400.0,61.367999267578,-0.002178164167,1.007856913975,32.390707426902,36.675198243721,0.509999237061
2016-10-26,61.05,0.509999237061,-0.00064989303,0.002816615185,-0.001066494463,-0.007478458787,0.013036232483,0.074043686775,-37216600.0,61.367999267578,0.350837023816,1.004999705723,44.473656988719,35.218705082223,-0.029999542236
2016-10-27,61.04,-0.029999542236,0.007046874827,0.002216924329,-0.000277200334,-0.006672091131,0.017829685434,0.068453296451,-41777400.0,61.285999298096,-0.236804896959,1.017142704555,30.526317894847,35.796894103489,0.419999084473
2016-10-28,55.95,0.419999084473,-0.063618612197,0.009605039096,0.00099689988,-0.027801911381,0.054726142771,0.067555007181,-35164900.0,61.225999450684,0.013575165241,1.019999912807,42.105231445723,39.035068776429,1.649998474121
2016-10-31,56.69,1.649998474121,-0.009374949916,0.002216438836,-0.000452027013,-0.006484402383,-0.164730669621,0.089627075778,-60030200.0,60.549999237061,0.036413630968,1.424285343715,30.975585924636,34.535711755069,-0.910001220703
2016-11-01,56.3,-0.910001220703,0.003944087944,0.002740899358,-1.29128e-05,0.004639543183,-0.402796909217,0.120640751525,-74216000.0,59.481999206543,-0.390901855425,1.468570709229,10.041807388793,27.707541586384,0.150000762939
2016-11-02,56.79,0.150000762939,0.000177118182,0.002619199433,-0.000603368778,0.005844845909,-0.48022320594,0.136837118158,-64416600.0,58.461999511719,0.250173195206,1.437142235892,19.577460396916,20.198284570115,9.15527e-07
2016-11-03,56.96,9.15527e-07,0.005810847174,0.002849614846,0.000757367413,-0.002801120448,-0.472870104255,0.144623034398,-54670400.0,57.615999603271,0.215818108882,1.42714200701,24.366195968892,17.995154584867,-1.070000610352
2016-11-04,56.69,-1.070000610352,0.003220617412,0.003548956661,-0.001113558394,0.011057606563,-0.490820623469,0.156627371398,-64513000.0,56.501999664307,-0.41419998036,1.43214225769,11.690115417148,18.544590594318,-0.649999084473
2016-11-07,56.91,-0.649999084473,0.013740193526,0.002129730681,0.000246766203,0.001760253477,-0.455562544923,0.163343595555,-53326000.0,56.190000152588,-0.00607719135,1.442856652396,13.802813418486,16.619708268175,1.999999847412
2016-11-08,59.19,1.999999847412,-0.001867265501,0.002363945578,-0.000717410278,0.006632653061,-0.214180435629,0.155270746132,-35562900.0,56.816000366211,0.270664302071,1.7028566088,54.225342267492,26.572757034375,-0.379998626709
2016-11-09,62.26,-0.379998626709,0.089950637261,0.009523839202,-0.005818183212,-0.029915861639,-0.045307561642,0.150055212163,-44916100.0,57.288000488281,0.016598334179,1.744999476842,54.19076577631,40.739640487429,0.379999389648
2016-11-10,63.415,0.379999389648,0.006705012576,0.004662226451,-7.442979e-06,0.00562955915,0.320171793221,0.155212778724,-26222100.0,58.458000183105,-0.13639704244,2.118571145194,78.712327879875,62.376145307892,0.585
2016-11-11,63.5,0.585,-0.007187485695,0.003720491029,0.000650454312,-0.000629524709,0.631362049321,0.167144848419,-10273400.0,60.080000305176,0.225620367967,2.211428778512,89.48946069833,74.130851451505,-0.400001525879
2016-11-14,62.85,-0.400001525879,0.00475440664,0.003170347003,-0.000244554339,-0.008675078864,0.746544784249,0.174239303826,-20475000.0,61.491999816895,-0.199149452308,2.24785723005,80.480437929808,82.894075502671,0.120001220703
2016-11-15,62.3,0.120001220703,0.006669813575,0.003919230162,-0.001157967348,-0.017195141189,0.780274080132,0.179942265081,-28790700.0,62.304000091553,-0.143639439889,2.29642868042,79.179164340584,83.049687656241,0.569998931885
2016-11-16,62.27,0.569998931885,-0.003181179678,0.00322945588,-0.000986964556,-0.006382639221,0.761317599117,0.183451601513,-34401000.0,63.115999603271,-0.173183730899,2.325714383807,78.178140596775,79.279247622389,-0.729999084473
2016-11-17,61.51,-0.729999084473,0.003412399762,0.003836761134,-5.9417702e-05,-0.003886639676,0.63010177325,0.183633984681,-40972200.0,62.895999908447,-0.351921065347,2.356428691319,64.864849377905,74.074051438421,0.190000762939
2016-11-18,61.8,0.190000762939,-0.000810360396,0.003583441558,0.000856055829,0.003246753247,0.529054568633,0.183515936409,-36092700.0,62.436000061035,-0.022100092513,1.960714612688,64.2475847653,69.09685824666,-1.279999542236
2016-11-21,60.3601,-1.279999542236,0.002974228417,0.00224398682,-0.000708674513,-0.005599670511,0.365492031157,0.183175728495,-43115900.0,61.920000457764,-0.308399417555,1.951429094587,51.654202063461,60.255545402222,0.059898168945
2016-11-22,60.32,0.059898168945,0.00115861489,0.002510056759,-0.000648137338,-0.002810381881,0.239410232719,0.182611820557,-49444200.0,61.409999847412,-0.22837085719,1.927857535226,49.673885004755,55.191890611172,-1.389999694824
2016-11-23,59.07,-1.389999694824,-0.002036296135,0.002757014113,0.000466122027,0.004421016834,0.054178116943,0.181991189552,-57962800.0,60.62200012207,-0.383455135579,2.010714939662,33.478264110941,44.935450393053,1.110000305176
2016-11-25,59.93,1.110000305176,-0.002326344117,0.003139573618,7.1772212e-05,-0.001832111925,0.016318681427,0.181304415582,-52416200.0,60.35,0.399619587523,2.035000664847,46.94988495148,43.367344689059,0.579998321533
2016-11-28,59.52,0.579998321533,-0.022806102986,0.004362199428,0.000593211234,0.000840760047,0.014064670103,0.179988443363,-49474600.0,60.111999511719,0.243261800006,2.035000664847,46.016614105183,42.148254389201,-0.060000915527
2016-11-29,60.25,-0.060000915527,0.004036355233,0.003333333333,0.000601639761,0.009212730318,-0.053854649146,0.176522568151,-55749200.0,59.899999237061,0.185238616092,1.77642931257,20.370362317041,37.778953791235,1.340000152588
2016-11-30,61.63,1.340000152588,0.000649470944,0.003054185594,0.000117975948,-0.000162232317,0.043691667747,0.165073637088,-43890400.0,60.133999633789,0.387224175397,1.852143423898,46.356582263059,37.581186228428,-0.830000762939
2016-12-01,60.11,-0.830000762939,0.000493463723,0.003320729903,0.000171698083,-0.011836265001,0.053387813565,0.154072977451,-52915600.0,60.507999420166,-0.333025571979,1.518571853638,34.108514747821,33.611819775974,-0.950000152588
2016-12-02,59.76,-0.950000152588,0.000507078759,0.003214599527,0.002010845963,0.009800608314,-0.046853712386,0.144757146007,-61181800.0,60.303999328613,-0.383862969849,1.495000294277,10.666692822559,30.377263277813,-0.329999694824
2016-12-05,59.936,-0.329999694824,0.002860477336,0.00239261745,-0.000400000107,0.005637583893,-0.088748697481,0.126835523452,-53161100.0,60.087999725342,0.123120512286,1.483571733747,16.468287303935,20.414498291438,0.924000610352
2016-12-06,61.04,0.924000610352,-0.001643152938,0.002937788018,-0.00084913092,0.004608294931,-0.017646240257,0.104023936339,-42933400.0,60.368000030518,0.395374189843,1.51214327131,47.181663962372,24.772214696289,0.579998931885
2016-12-07,60.02,0.579998931885,-0.022070766536,0.003917358115,5.798101e-06,-0.003982741454,0.077835774391,0.099438836342,-35323000.0,60.373999786377,0.320631673977,1.510714667184,69.10751851208,44.252489926129,-0.029998321533
2016-12-08,59.17,-0.029998321533,0.000500062985,0.003132455848,-0.001385301533,-0.014161946018,0.030891760736,0.094722851686,-48418600.0,60.212000274658,-0.057552720189,1.601428713117,39.265617075299,51.851599849917,1.730001525879
2016-12-09,61.03,1.730001525879,0.004761857037,0.002407522486,-0.001394758469,-0.001962387572,0.059165027064,0.091913044025,-39226300.0,60.560000610352,0.248321826412,1.675000054496,64.971820798681,57.781652128687,0.510000915527
2016-12-12,61.77,0.510000915527,-0.000162530648,0.002624410856,0.001252789795,0.003900536324,0.115735248437,0.080418851397,-32123400.0,60.982000732422,0.181474155247,1.623571395874,84.000069730464,62.745835868148,0.270000915527
2016-12-13,62.12,0.270000915527,0.004674418299,0.001957323921,7.1415274e-05,-0.003369164126,0.177877730521,0.075250970567,-26138900.0,61.218000793457,0.278852804317,1.647857393537,89.350659621778,79.440850050308,-0.129998321533
2016-12-14,61.8461,-0.129998321533,-0.007097958211,0.002490495532,4.6084253e-05,0.004810722989,0.20475010033,0.070241338972,-34738500.0,61.292001342773,-0.148696700819,1.58571434021,88.051978912086,87.134236088109,-0.176101831055
2016-12-15,61.84,-0.176101831055,0.002108011545,0.002474526929,4.9582018e-05,0.000161733786,0.190409444247,0.064213110763,-39854200.0,61.628000640869,0.082353669753,1.514999934605,78.918853136569,85.440497223478,0.180000457764
2016-12-16,62.23,0.180000457764,0.001612358487,0.00208757244,-0.000395103353,0.001770766259,0.193313246006,0.065913441954,-33437300.0,61.852000427246,0.200943863011,1.483571461269,88.378372502876,85.116401517177,-0.009998779297
2016-12-19,62.52,-0.009998779297,0.002410763553,0.001635241302,0.000527469376,0.002405002405,0.196859970833,0.067975098607,-22881500.0,61.988000488281,0.08106308663,1.42357145037,92.78073963854,86.692655092662,-0.299998779297
2016-12-20,62.1392,-0.299998779297,0.001928623104,0.002317933911,-0.000271606566,-0.003221045877,0.18741147706,0.070859295905,-22881500.0,62.024000549316,-0.052258792057,1.321428843907,75.764188486065,85.64110020916,0.020799847412
2016-12-21,62.14,0.020799847412,0.001126121219,0.001783848935,0.000186967683,-0.001366010446,0.16605684155,0.072785083987,-28633300.0,62.058000183105,-0.086028247879,1.30357170105,74.454115357467,80.999681160691,-0.689999237061
2016-12-22,61.4766,-0.689999237061,0.002115558446,0.001614810003,-0.000320279452,-0.001679116596,0.096499299792,0.065752606385,-34132000.0,62.014000701904,-0.389984787601,1.225000108991,58.49889642022,69.572400087917,0.183399847412
2016-12-23,61.92,0.183399847412,0.001946139023,0.001746519909,0.000179651132,0.002266105536,0.058867623957,0.064611889491,-28506000.0,61.942000579834,0.074795854854,1.190714427403,63.134635143741,65.36254897381,0.420000152588
2016-12-27,62.732,0.420000152588,0.002887396611,0.001619161868,-0.000108816188,0.003390914907,0.07307938568,0.06586825454,-23710100.0,61.966000366211,0.308535005738,1.129285812378,78.14567080909,66.593067457684,-0.232
2016-12-28,62.48,-0.232,0.000159973145,0.001270011184,0.001616661874,-0.001757469244,0.085688828555,0.06196164682,-18313900.0,62.02200012207,-0.011513796526,1.078571592058,81.67767424743,74.31932673342,-0.209999542236
2016-12-29,62.76,-0.209999542236,0.00192707453,0.002190865385,-0.000177932006,0.005769230769,0.071548809076,0.063152200377,-23504300.0,62.044000244141,-0.235983088949,0.912857328142,74.999977490001,78.27444084884,-0.030000457764
2016-12-30,62.77,-0.030000457764,0.0,0.001339093561,-0.000149698791,0.000653605191,0.085255014188,0.064896306522,-18514300.0,62.3,0.259071068937,0.834286008562,75.103677268098,77.260443001843,-0.150001068115
2017-01-03,62.46,-0.150001068115,0.004790789559,0.00234726637,-0.001710118835,-0.007310870947,0.07912582916,0.055346843558,-24513500.0,62.491999816895,-0.1016176925,0.797857557024,64.141328481841,71.414994413314,-0.050000152588
2017-01-04,62.85,-0.050000152588,0.003685299516,0.001697986577,4.4504765e-05,0.004314477469,0.0543234951,0.043734760417,-33841700.0,62.505999755859,-0.225211575074,0.808571679252,53.535332101521,64.260112617154,0.440000915527
2017-01-05,63.24,0.440000915527,0.001422027987,0.002213632061,-0.000265157377,-0.002208898706,0.088554821386,0.045486568872,-25166900.0,62.663999938965,0.289337271729,0.830714634487,79.183748428178,65.62013633718,0.530000457764
2017-01-06,63.7117,0.530000457764,0.001724958594,0.001524710008,3.3731206e-05,-0.002650240291,0.132263842362,0.051779287866,-19807500.0,62.963999938965,0.219169171532,0.840000425066,93.076917398086,75.265332642595,0.078300915527
2017-01-09,63.9169,0.078300915527,0.000156738069,0.001250626959,0.000815660481,0.001832288401,0.149964476669,0.046677949027,-15085200.0,63.176000213623,-0.089987906604,0.834286008562,92.075510774517,88.112058866927,0.293099084473
2017-01-10,64.11,0.293099084473,-0.002491761953,0.002401249024,-0.000415846342,0.00093676815,0.175620781663,0.049425310756,-6290700.0,63.494000244141,0.330303879001,0.832142966134,94.389497083274,93.180641751959,-0.040000305176
2017-01-11,63.23,-0.040000305176,-0.010769449508,0.002396970653,-0.000196102608,-0.002366677185,0.168780589794,0.052497220191,-12814200.0,63.826000213623,0.019393229914,0.797857012068,86.349203246202,90.938070367998,-2.090000610352
2017-01-12,60.6649,-2.090000610352,-0.006051667249,0.001694586144,0.00121747189,-0.001729471779,-0.036505228169,0.055961988043,-26379400.0,63.395999908447,-0.340988636436,0.977857044765,14.066477196512,64.935059175329,0.615098779297
2017-01-13,61.25,0.615098779297,0.001142292693,0.002249388753,0.00015259471,-0.00162999185,-0.159408086997,0.058334000235,-18185000.0,62.897999572754,0.260714761561,0.980000087193,21.078436867232,40.498039103315,0.740001678467
2017-01-17,61.27,0.740001678467,-0.003871619164,0.003048387097,0.000815941863,-0.001792114695,-0.187492516494,0.057522439781,-10889900.0,62.537999725342,0.246264705782,1.036428724016,38.480460895549,24.541791653098,0.590000610352
2017-01-18,61.69,0.590000610352,-0.001616590492,0.002670012953,0.001307299279,-0.001133419689,-0.207854116642,0.057866381339,-19336600.0,62.068000030518,0.06610863207,1.037143162319,35.294161637204,31.617686466662,-0.030000152588
2017-01-19,61.6,-0.030000152588,-0.003405758758,0.001741536458,-0.000432815836,0.002604166667,-0.22630128366,0.059018914337,-24856000.0,61.586000061035,-0.054325336919,1.047143118722,30.392184354543,34.722268962432,-0.219998931885
2017-01-20,61.46,-0.219998931885,0.000488738657,0.001497964501,0.001144637692,0.000814199642,-0.247170990215,0.06102350577,-30240200.0,61.634000396729,-0.039861342331,1.065714699881,23.529472257282,29.73860608301,-0.309998474121
2017-01-23,60.98,-0.309998474121,-0.002125937283,0.001735004916,-0.000613480413,-0.000655522779,-0.264710885931,0.06369637807,-36970200.0,61.608000946045,-0.182763102628,1.058571679252,17.892231106327,23.937962572717,-0.020000915527
2017-01-24,60.48,-0.020000915527,-0.000820197471,0.002430142834,0.00119075152,-0.007059596125,-0.276088399216,0.065626998116,-42214900.0,61.402000427246,-0.046968296969,1.062857219151,13.235310613951,18.219004659187,0.100001831055
2017-01-25,60.47,0.100001831055,0.000330086538,0.001932343234,-6.9318826e-05,-0.002145214521,-0.294502786263,0.069857179563,-48856900.0,61.146000671387,-0.120551882581,1.077142987932,18.840648383818,16.656063368032,0.910001068115
2017-01-26,61.24,0.910001068115,-0.003584249216,0.002436426117,0.000658712519,0.002127311406,-0.240386586102,0.071141517766,-40804100.0,61.090000915527,0.312834688191,1.070000239781,35.403773303384,22.493244100384,0.030000457764
2017-01-27,60.0,0.030000457764,-0.020727932892,0.003735,0.000423662747,0.0,-0.201172654348,0.072465378625,-48569400.0,61.068000793457,0.073038595062,1.063571657453,33.126328818342,29.123583501848,0.0
2017-01-30,60.0672,0.0,-0.001500002543,0.002845100985,0.000273335307,0.002623935904,-0.246924801945,0.079128524373,-62720600.0,60.838000488281,0.014416662852,1.154285975865,9.63854590887,26.056216010198,0.362800305176
2017-01-31,60.17,0.362800305176,-0.006950223093,0.004540909848,0.000913597735,0.002666222296,-0.234480770083,0.082024533924,-54927900.0,60.732000732422,0.22659556902,1.195000512259,22.179731333099,21.648202020103,0.940000610352
2017-02-01,60.72,0.940000610352,-0.000654572331,0.001608809563,-0.000307398889,-0.005731128214,-0.169723992036,0.082363789003,-46778100.0,60.838000488281,0.363164953611,1.255000523158,42.009125649816,24.609134297261,0.169999389648
2017-02-02,60.79,0.169999389648,-0.00394149887,0.002106622699,-0.000350806321,0.002308326463,-0.132622414963,0.083267605946,-52666800.0,60.740000152588,-0.101618624962,1.066429138184,51.592332683549,38.593729888821,0.099999389648
2017-02-03,60.87,0.099999389648,0.000164265665,0.002007262641,7.5182258e-05,-0.000328461159,-0.100457270814,0.081239810069,-52666800.0,60.663999938965,0.192753883182,1.040000370571,51.592332683549,48.397930338971,-0.200001831055
2017-02-06,60.55,-0.200001831055,-0.0026372153,0.001855891588,7.184197e-06,0.000661047761,-0.086883338696,0.076133146602,-59137100.0,60.797999572754,-0.180376124025,0.987143380301,48.780426192509,50.655030519869,0.100001525879
2017-02-07,60.58,0.100001525879,0.0,0.001527947238,-0.000149399928,-0.001154163232,-0.072711736458,0.068955599614,-64495200.0,60.841999816895,0.118016626433,0.964286259242,48.083678788275,49.485479221444,-0.019998626709
2017-02-08,60.38,-0.019998626709,-0.006935303404,0.002644163618,-0.000270364114,0.003990688394,-0.063210160655,0.054601393937,-68705500.0,60.731999969482,-0.09186494377,0.939286095755,49.049444529744,48.637849836843,0.140000457764
2017-02-09,60.55,0.140000457764,0.0,0.001925767074,0.000231118639,-0.001154734411,-0.053798852008,0.033035577849,-74063300.0,60.658000183105,0.203890482264,0.954286030361,47.528497789566,48.220540369195,0.290000152588
2017-02-10,60.96,0.290000152588,0.00016433796,0.001487936977,0.000474848077,0.000492368291,-0.021840461025,0.033086816651,-69738700.0,60.648000335693,0.280627550473,0.946429116385,59.695781620058,52.091241313123,-0.540001831055
2017-02-13,60.6322,-0.540001831055,0.002648190449,0.001226147243,-0.000503949943,0.000861670518,-0.02460070682,0.033878186661,-75487900.0,60.598000335693,-0.288479898846,0.957143511091,43.726130939122,50.316803449582,-0.122201678467
2017-02-14,60.57,-0.122201678467,-0.00115682857,0.0009925546,-0.00023420302,0.002150893448,-0.016374010026,0.030512129334,-69091900.0,60.569999694824,-0.077846237383,0.896429334368,47.14818858179,50.190033713657,0.249999694824
2017-02-15,60.66,0.249999694824,0.001644170908,0.002281845043,0.000727763016,-0.004267892318,0.012385116113,0.026563851996,-55529700.0,60.621999359131,0.235740249991,0.863571984427,58.935308249969,49.936542590294,0.990001525879
2017-02-16,61.61,0.990001525879,0.000324357544,0.001528478964,-0.000866834377,-0.003074433657,0.085662956485,0.026493683196,-46602100.0,60.847999572754,0.265152450069,0.907143184117,92.607056412586,66.230184414782,-0.130000457764
2017-02-17,62.05,-0.130000457764,0.000975949475,0.001698082548,0.00026206705,0.008287292818,0.118989768522,0.026996389084,-52264100.0,60.975999450684,-0.077417145506,0.860714503697,83.712105855064,78.418156839206,-0.279999542236
2017-02-21,61.77,-0.279999542236,0.00113323125,0.001956500647,-0.000209135466,-0.001131953428,0.154614112044,0.029978469575,-44139700.0,61.245999908447,0.133738931035,0.840000425066,86.695230448912,87.671464238854,0.060001831055
2017-02-22,61.78,0.060001831055,-0.001779081467,0.001909341104,0.000361477333,0.000161890886,0.174780586535,0.033108311903,-35636200.0,61.510000610352,-0.003262452037,0.77142906189,86.407835266943,85.605057190306,-0.419999389648
2017-02-23,61.793,-0.419999389648,0.005215118834,0.001895103761,-0.000102703351,0.001832036316,0.149979320593,0.033284252196,-42058400.0,61.618000793457,-0.271626273369,0.75785773141,63.592257249919,78.898440988591,0.146998626709
2017-02-24,61.95,0.146998626709,-0.00032290052,0.001826711886,6.5944623e-05,0.000484496124,0.16495993457,0.035815033655,-34000700.0,61.676000213623,0.170932855492,0.775000708444,86.30124574527,78.767112754044,0.140000152588
2017-02-27,62.12,0.140000152588,-0.001127390798,0.001088358594,0.000301668568,0.001612383102,0.176272403108,0.039151340436,-27464300.0,61.798000335693,0.120825611029,0.783571788243,93.150622849804,81.014708614998,0.100001220703
2017-02-28,62.02,0.100001220703,-0.001767930058,0.001242995169,-0.000259832502,-0.001288244767,0.183014587901,0.039500408594,-22250200.0,61.888000488281,0.150473207067,0.788571493966,93.534580523798,90.995483039624,-0.179999847412
2017-03-01,62.28,-0.179999847412,0.005174639296,0.001502734878,0.000192265604,0.001930501931,0.153574498775,0.039190908089,-29006300.0,61.890000152588,-0.18439974638,0.805714743478,76.170177505048,87.618460292884,0.550001831055
2017-03-02,62.76,0.550001831055,-0.000795846734,0.001159251,3.6202713e-05,-0.000318572794,0.190079706805,0.045716087141,-21268900.0,62.184000396729,0.349636724431,0.814286095755,96.402930971415,88.702563000087,0.49
2017-03-03,63.28,0.49,-0.002213429085,0.001402947235,0.000232086089,0.002693709396,0.229194963747,0.053319602279,-13078900.0,62.446000671387,0.242905748456,0.844285964966,89.855107692255,87.47607205624,0.060000152588
2017-03-06,63.23,0.060000152588,-0.005367858411,0.001411111111,0.000169837475,0.003650793651,0.246313578226,0.059469136982,-6953100.0,62.696000671387,0.169811813337,0.842142922538,92.463810074084,92.907282912585,0.319999237061
2017-03-07,63.03,0.319999237061,-0.00645161058,0.003070953437,-0.000452516063,-0.001742160279,0.255844390321,0.06456423188,-116100.0,62.962000274658,0.291137284913,0.879999705723,91.89190579949,91.403607855276,0.659998626709
2017-03-08,63.65,0.659998626709,0.000942084701,0.001623372549,-0.00010451382,-0.001568627451,0.255069355855,0.068639033562,9521900.0,63.331999969482,0.244227877868,0.904285430908,87.967887142973,90.774534338849,0.489999389648
2017-03-09,64.185,0.489999389648,0.0,0.001430776427,-0.000535321286,0.000701590271,0.267077653774,0.073255517146,16571600.0,63.593999481201,0.174452566254,0.885714122227,86.046484097482,88.635425679982,0.315
2017-03-10,65.58,0.315,0.012403148089,0.002679938744,0.001218041748,0.004287901991,0.280116478481,0.077688140307,23528600.0,63.843999481201,0.273851689978,0.854999814715,93.802787816416,89.27238635229,0.299997253418
2017-03-13,65.57,0.299997253418,-0.00015170776,0.001737553127,-0.00065671348,-0.004705525197,0.357573061422,0.090715723935,36316700.0,64.351998901367,0.226586316876,0.929285049438,88.932039824485,89.593770579461,0.279998474121
2017-03-14,65.93,0.279998474121,0.000455562339,0.001096735004,0.000319182688,0.001214882308,0.380547411041,0.097067394201,28739300.0,64.811998748779,-0.010768828029,0.931427819388,88.349538996845,90.361455545915,-0.260001831055
2017-03-15,65.91,-0.260001831055,0.000456811027,0.001071232877,2.2258119e-05,0.003196347032,0.357728907461,0.099285721988,25012100.0,65.207998657227,-0.229903685039,0.917142323085,84.400012495337,87.227197105555,0.640003051758
2017-03-16,66.0801,0.640003051758,-0.002253967228,0.001855831452,-0.000109960501,-0.005566591422,0.374236232506,0.105407395858,30253300.0,65.689999389648,0.391225019827,0.934285300119,95.471737749582,89.407096413921,-0.180098474121
2017-03-17,65.71,-0.180098474121,0.002124421645,0.001989738414,0.000400860671,-0.005147615443,0.316032489106,0.108360522502,25090500.0,65.969999694824,-0.270951179677,0.952856881278,82.583184262809,87.484978169243,-0.019997558594
2017-03-20,65.825,-0.019997558594,0.001370015749,0.001189267254,0.000445865247,0.00068409851,0.24141205772,0.107968022648,13802500.0,65.932000732422,-0.29211995489,0.945713860648,78.431412132557,85.495444714983,-0.024996948242
2017-03-21,65.9652,-0.024996948242,0.002431550536,0.001228168587,5.7503322e-05,7.8835658e-05,0.1802850967,0.107548357792,18054600.0,65.922001647949,0.025646230763,0.927142551967,79.54549931087,80.186698568745,-0.615201525879
2017-03-22,65.595,-0.615201525879,0.000459047896,0.001606125574,-0.000431264499,0.004517611026,0.094670828771,0.104566771767,12867200.0,65.858001708984,-0.310363895684,0.917856761387,65.632419975887,74.536443806438,-0.075003356934
2017-03-23,65.66,-0.075003356934,0.0,0.001572649573,-0.000437837456,0.002136752137,0.037547785545,0.098058946081,18529800.0,65.652000427246,0.115917495189,0.891428538731,67.929177607137,71.035698964631,-0.009998474121
2017-03-24,65.59,-0.009998474121,-0.002132511598,0.001282246985,-6.749049e-05,0.001221187605,-0.001360882776,0.09322889479,22629300.0,65.602000427246,0.096960309026,0.892142977033,70.844004223903,68.135200602309,0.030002746582
2017-03-27,65.48,0.030002746582,-0.003809813922,0.001453266024,-0.000301955222,0.001682729081,-0.037021435281,0.087464581204,18573000.0,65.588000488281,0.075640071664,0.879286084856,69.371773217043,69.381651682694,0.619998474121
2017-03-28,66.02,0.619998474121,-0.002117993841,0.001743480898,-0.000206970181,0.000909642207,-0.036145709305,0.081879640279,23535300.0,65.647999572754,0.35882605059,0.870000566755,79.027287228401,73.081021556449,-0.039996643066
2017-03-29,66.0499,-0.039996643066,-0.000454780345,0.001082789992,4.878368e-05,0.001514783927,-0.050623289444,0.070462088527,18467900.0,65.774000549316,0.021867105008,0.826429094587,70.438022233208,72.945694226217,-0.279903356934
2017-03-30,65.57,-0.279903356934,-0.000151961492,0.001543339416,0.000703621164,-0.002889294404,-0.079594034839,0.063175912474,14818000.0,65.824000549316,-0.148058278033,0.820714678083,41.714041549824,63.726450337144,-0.110000915527
2017-03-31,65.41,-0.110000915527,0.0,0.000981662592,-6.4099239e-05,-0.000458435208,-0.1223298923,0.056573989837,11068400.0,65.786000061035,-0.258806910571,0.722143445696,23.999895354589,45.383986379207,-0.249996337891
2017-04-03,65.2698,-0.249996337891,0.001227658029,0.002224655436,-0.000119949208,-0.000462480858,-0.170536043527,0.049051527377,7010600.0,65.694000244141,-0.402565440849,0.702857426235,6.857299800769,24.190412235061,-0.239801220703
2017-04-04,65.01,-0.239801220703,0.001384037659,0.001025030713,-8.8624663e-05,-0.001689189189,-0.20840673756,0.041694731868,1781000.0,65.480000305176,-0.142427857717,0.721428462437,7.85346796847,12.90355437461,0.100000610352
2017-04-05,65.16,0.100000610352,0.001843077031,0.0011918186,0.000403124384,-0.001685307186,-0.22393698392,0.033490613355,5238900.0,65.305999755859,-0.00703125685,0.674999782017,17.283927349741,10.664898372993,-0.200000915527
2017-04-06,64.7999,-0.200000915527,0.001077581524,0.001487005997,0.000161554123,-0.003538366908,-0.238818428534,0.028228113764,842600.0,65.144000244141,-0.143074767362,0.667857033866,8.965346684757,11.367580667656,0.280101831055
2017-04-07,65.035,0.280101831055,-0.000307379716,0.001536889026,-0.000187786672,-0.000384260682,-0.234737749469,0.024781194924,5471000.0,65.068000793457,0.050447790345,0.664285932268,26.380431255961,17.54323509682,0.505000915527
2017-04-10,65.615,0.505000915527,-0.000610328272,0.001215877863,-0.000132619764,0.001755725191,-0.196753107775,0.024485059603,11560300.0,65.144000244141,0.226575456549,0.710714067732,54.601281519719,29.982353153479,-0.644998779297
2017-04-11,64.1,-0.644998779297,-0.008311542333,0.001864348906,-0.000386964085,-0.005121837653,-0.204793012516,0.025586278279,4424100.0,65.132000732422,-0.297903348611,0.704285212926,19.631916186171,33.537876320617,0.080000305176
2017-04-12,64.01,0.080000305176,-0.000155845064,0.001177795098,-0.000165165654,-0.002182385035,-0.254831945469,0.03158493892,-980400.0,64.946000671387,-0.10396499212,0.777142116002,29.054083650645,34.429093785512,0.360002746582
2017-04-13,64.33,0.360002746582,-0.002019650105,0.001018368618,-0.000329240236,0.001400996264,-0.265449593775,0.031041134323,5141600.0,64.828001403809,0.140885286487,0.779285430908,35.473087032733,28.053028956516,-0.200002746582
2017-04-17,64.5006,-0.200002746582,0.010291652742,0.002394814015,-0.00069934902,-0.004466738694,-0.277639238399,0.034321921646,1244900.0,64.638000488281,-0.080948198867,0.768571036203,27.364790839603,30.630653840994,-0.190602441406
2017-04-18,63.91,-0.190602441406,-0.004353891929,0.001541621115,0.000202622803,-0.001874121506,-0.262738593723,0.036209695525,5434400.0,64.391999816895,-0.256661912858,0.759285518101,33.559284324814,32.13238739905,-0.259998474121
2017-04-19,63.8,-0.259998474121,0.003927729678,0.001524256651,-0.00010290477,-0.001564945227,-0.284647166453,0.040979000984,678600.0,64.12799987793,-0.190373374497,0.803571156093,16.825491394629,25.916522186349,-0.349999237061
2017-04-20,63.44,-0.349999237061,0.004255326312,0.001396735719,-0.000799486413,-0.004394224733,-0.298473968001,0.04664857086,-3378500.0,63.981999969482,-0.35801873737,0.805714198521,11.743831660508,20.709535793317,0.339998779297
2017-04-21,63.85,0.339998779297,-0.000313585107,0.001698808404,0.000214298067,0.001097522734,-0.272006881689,0.048953739656,2330100.0,63.863999176025,0.047817857332,0.815714154925,23.487527566731,17.352283540622,-0.030000305176
2017-04-24,64.4,-0.030000305176,0.009088088904,0.001381987578,-0.000448354788,0.0,-0.23955879427,0.0500170672,6485000.0,63.801999664307,0.046338945232,0.842143195016,24.911046996056,20.047468741098,0.260003662109
2017-04-25,65.28,0.260003662109,0.00433032421,0.001653834309,0.002520106418,0.005235602094,-0.153462584831,0.048725826297,13606000.0,63.87200088501,0.151404877947,0.887143543788,54.804411994751,34.400995519179,-0.180001525879
2017-04-26,65.14,-0.180001525879,0.001382549453,0.001200337216,-0.000667607426,-0.001532801962,-0.063431954934,0.045126068807,18958900.0,64.162000274658,0.104984460267,0.922857284546,70.462582700192,50.059347230333,-0.099999084473
2017-04-27,65.46,-0.099999084473,0.006303751952,0.003860453272,9.5502551e-05,0.000152788388,-0.007418631666,0.041635760061,13950000.0,64.480000305176,-0.076415208844,0.922857284546,68.327439310488,64.53147800181,0.609999694824
2017-04-28,65.96,0.609999694824,-0.000151386957,0.00186179231,0.000120102355,-0.001513775356,0.093914920284,0.043378662128,25642900.0,64.938000488281,0.148264007654,1.060000010899,67.351599152357,68.713873721012,-0.019997558594
2017-05-01,66.085,-0.019997558594,0.000909881049,0.000916742493,0.000366586633,0.002198968759,0.144099953389,0.045522182858,20121800.0,65.362001037598,-0.06150654486,1.044285637992,64.383626054482,66.687554839109,0.395003356934
2017-05-02,66.55,0.395003356934,0.000451245153,0.001190130139,5.5961058e-05,0.000601413321,0.202024588392,0.051328155616,24697600.0,65.726000976562,0.334261686936,1.034285681588,76.712411070885,69.482545425908,0.079997253418
2017-05-03,66.32,0.079997253418,-0.002701490509,0.001139352897,-0.000946840882,-0.001956358164,0.236413959112,0.057207872151,29040400.0,66.032000732422,0.123747180737,0.952142715454,80.136928419568,73.744321848312,0.41999786377
2017-05-04,66.7747,0.41999786377,0.0,0.00133108816,-7.7852768e-05,-0.000528364017,0.251158021169,0.062680961352,34033800.0,66.37200012207,0.221438649826,0.947142192296,82.648357266634,79.832565585696,0.455303356934
2017-05-05,66.89,0.455303356934,-0.000594986071,0.001737726867,1.0076346e-05,-0.004909253198,0.27649446018,0.070019289874,38321200.0,66.604000854492,0.319907548873,0.957142148699,93.835694562491,85.540326749565,0.09999786377
2017-05-08,66.44,0.09999786377,-0.000746311747,0.001509715994,0.000307273798,-0.00687593423,0.259924035345,0.074780563426,33733400.0,66.813999938965,-0.104396033621,0.957142148699,88.356118430503,88.28005675321,-0.230000915527
2017-05-09,66.15,-0.230000915527,-0.000151066853,0.001390089137,4.3871917e-05,-0.000604320894,0.182902319721,0.075982879165,29236000.0,66.759999084473,-0.444503831365,0.932856423514,69.358641407341,83.850151466779,0.019998168945
2017-05-10,66.02,0.019998168945,-0.000151042876,0.000999093108,-0.000428549983,-0.002116082225,0.118836575284,0.077007321833,24840800.0,66.667999267578,-0.00552462071,0.9664276668,68.408500689606,75.374420175817,-0.039996643066
2017-05-11,65.64,-0.039996643066,-0.001212516323,0.001296240146,0.000118524101,-0.004851425106,0.056406702121,0.075913753898,19700600.0,66.516000366211,-0.096855197127,0.977856499808,61.519079744418,66.428740613788,-0.339996948242
2017-05-12,65.48,-0.339996948242,-0.000459516191,0.001273172974,0.000321743681,0.003217404627,-0.033124729622,0.074579344292,11846800.0,66.130000305176,-0.220815433637,1.019284929548,32.098814842933,54.008798425652,0.579997558594
2017-05-15,66.05,0.579997558594,0.000151409879,0.000972453458,0.000165886711,-0.000302709248,-0.042976904873,0.072732547605,17940300.0,65.944000244141,0.41047783545,0.993570600237,49.295623283488,47.63783929028,0.619998168945
2017-05-16,66.5798,0.619998168945,0.000900032843,0.001616963884,-0.000628519191,-0.002250861681,-0.011845505493,0.07228613087,26468200.0,66.036000061035,0.34008159426,0.988571166992,70.77454570315,50.722994609857,0.270198474121
2017-05-17,65.65,0.270198474121,0.0,0.004970760234,0.000142518405,0.010310864882,0.015927028471,0.068306837949,32781700.0,66.17200012207,0.106104245633,0.966427939279,77.112592788313,65.727587258317,-0.279997253418
2017-05-18,65.28,-0.279997253418,0.0,0.001935138443,0.000306773002,-0.001376778339,-0.065834961132,0.060091185632,20010300.0,66.05,-0.313223279599,0.950713566371,27.240210988046,58.375783159836,0.349997253418
2017-05-19,65.92,0.349997253418,0.001676072146,0.002243078795,0.000776846955,0.00273805902,-0.100772806454,0.052384611989,26011300.0,66.115998840332,0.151297779997,0.952142442976,36.55900745495,46.97060374377,-0.339998168945
2017-05-22,65.08,-0.339998168945,-0.000457437915,0.003011441648,0.00127453263,-0.007170099161,-0.12408383717,0.04311910845,19279500.0,66.019999694824,-0.108945105264,0.950000217983,34.767057421274,32.85542528809,0.360002441406
2017-05-23,65.98,0.360002441406,0.0,0.001275061125,0.000368459447,0.008251833741,-0.144346433751,0.039431019756,13737800.0,65.774000549316,-0.06080828917,0.972857339042,29.749159799122,33.691741558449,-0.140003662109
2017-05-24,65.88,-0.140003662109,-0.000759347283,0.001264911747,0.000157735866,0.002434570907,-0.12684602736,0.037088493715,18414300.0,65.57200012207,0.247262820166,0.984286172049,44.085853888178,36.200690369524,0.050000305176
2017-05-25,66.0264,0.050000305176,0.001971746592,0.000844024206,7.9595711e-05,-0.001113464448,-0.106087627852,0.033936474099,21588900.0,65.683999633789,0.131442579667,0.967857905797,50.574689104792,41.469900930697,0.293599694824
2017-05-26,66.3044,0.293599694824,-0.002714118004,0.001236937481,-0.000472520509,0.001274539414,-0.064988568807,0.033977151216,25647200.0,65.82200012207,0.17463845352,0.957857404436,73.076998286389,55.912513759786,-0.244402441406
2017-05-30,66.105,-0.244402441406,-0.002573390482,0.00145727728,-0.000974165423,0.003263014114,-0.05462831578,0.033857725627,21564200.0,65.917999267578,-0.067190934009,0.937143598284,61.965778499022,61.872488630067,-0.085003356934
2017-05-31,66.3945,-0.085003356934,0.003332342198,0.001090730676,0.000168084337,0.002332427536,-0.049913179515,0.033640024217,16760300.0,66.03399810791,0.169617051746,0.887143816267,61.03885377969,65.3605435217,-0.374503356934
2017-06-01,66.16,-0.374503356934,0.003635345431,0.001079012905,0.000166412211,-0.001433854049,-0.046316941095,0.032988235759,16760300.0,66.069998168945,-0.131441444756,0.882143838065,61.03885377969,61.347828686134,0.549999084473
2017-06-02,66.76,0.549999084473,0.001499002781,0.001270337829,-0.000376984851,-0.000733434118,0.000529382589,0.032882794479,21315000.0,66.225997924805,0.379495475439,0.837858472552,90.909120894933,70.995609484771,0.49
2017-06-05,67.095,0.49,0.0,0.00145978891,3.2790404e-05,-0.002601456816,0.062454306605,0.033013289072,26961000.0,66.41199798584,0.323974818672,0.817143576486,97.777865652382,83.241946775669,0.41500213623
2017-06-06,67.53,0.41500213623,-0.000444360515,0.001166271488,0.000398263096,0.000740960285,0.112572784381,0.036229948262,31879100.0,66.701998901367,0.139911905211,0.82285799299,89.230816153434,92.639267566916,0.340002746582
2017-06-07,68.49,0.340002746582,0.002062757978,0.001654168505,-7.0998025e-05,0.00705778562,0.158789009816,0.04304302207,37373600.0,67.07200012207,0.272502329351,0.832857949393,93.409860479836,93.472847428551,0.26
2017-06-08,68.71,0.26,0.0,0.00208488643,-0.00037398321,0.000436808387,0.232959706859,0.054741289449,45779900.0,67.618000793457,0.291969713872,0.77642931257,87.389377897604,90.010018176958,0.05000213623
2017-06-09,68.73,0.05000213623,0.000581746863,0.001118895349,-0.000506043805,-0.00101744186,0.264711556431,0.063103637056,51862400.0,68.028001403809,0.01218152696,0.763572147914,87.61066426169,89.469967546376,0.939998168945
2017-06-12,69.64,0.939998168945,0.001722445095,0.001592082616,-0.001080923963,-0.001147446931,0.325043786516,0.073546644321,58022200.0,68.512001037598,0.399855607199,0.792857578823,96.819011890497,90.60635134993,-0.110001220703
2017-06-13,69.5,-0.110001220703,0.001294462374,0.001117241379,-2.6992077e-05,-0.001436781609,0.332377834804,0.081718011461,51937900.0,68.916000366211,-0.195326921053,0.780714852469,91.722535873468,92.050737341885,0.169998168945
2017-06-14,69.82,0.169998168945,-0.002727067849,0.001313821372,-3.2955087e-05,0.004170861499,0.323220498205,0.089464106982,57206900.0,69.275999450684,0.045357598788,0.765000479562,91.928235758519,93.489927840828,0.699996643066
2017-06-15,70.08,0.699996643066,-0.002552471834,0.001438990063,0.000174459655,-0.003710496012,0.348780521754,0.100429778044,63846000.0,69.629998779297,0.376263344296,0.827142987932,94.787562596492,92.81277807616,0.519998474121
2017-06-16,70.83,0.519998474121,0.00283292609,0.000895606724,-0.000226547563,0.000565051561,0.344826487118,0.105971896152,68528700.0,69.997998046875,0.174284907153,0.827143532889,96.331999398152,94.349265917721,0.220003051758
2017-06-19,71.16,0.220003051758,0.000844441323,0.00151187298,0.000539990702,-0.000140508641,0.3454076712,0.112129676073,77871000.0,70.273999023438,0.202844692021,0.832143511091,98.729588590334,96.616383528326,0.179996337891
2017-06-20,71.3422,0.179996337891,0.001401823783,0.001139417693,-0.001008048975,-0.001368980963,0.337802175125,0.116800396955,84267300.0,70.635998535156,0.1814770579,0.850714547294,95.81939499042,96.960327659635,-0.122198779297
2017-06-21,71.52,-0.122198779297,-0.001544518513,0.001434256785,3.0439965e-05,0.005765715089,0.29852969762,0.117576688212,77724500.0,70.945999145508,-0.164670015097,0.839999607631,89.630986349207,94.72665664332,-0.180003662109
2017-06-22,71.72,-0.180003662109,0.00210262873,0.001503076063,-0.000284344669,0.002796420582,0.256102904343,0.118113554553,83821300.0,71.109999084473,0.1814770579,0.83642741612,90.944090723852,92.131490687826,1.460000305176
2017-06-23,73.03,1.460000305176,0.000273252842,0.002423497268,-0.000901213646,-0.002322404372,0.323106365894,0.125589698121,93820200.0,71.625999450684,0.389336593899,0.953570774623,92.783537575424,91.119538216161,-0.390000610352
2017-06-26,72.6,-0.390000610352,0.002064998997,0.001388888889,-5.4845477e-05,-0.001650165017,0.302563382722,0.128104773277,86755700.0,71.943998718262,-0.219175694167,0.971427372524,83.650801134281,89.126143144519,0.13999786377
2017-06-27,72.52,0.13999786377,-0.000549916369,0.001285046086,-0.000705486493,-0.002338698583,0.268378543918,0.127011347729,90775200.0,72.223999023438,-0.043529694726,0.957141876221,83.568887669955,86.667742126553,-0.130000610352
2017-06-28,72.7,-0.130000610352,0.004558666029,0.001376925193,-0.000424468993,-0.000275027503,0.198105837078,0.12135421122,86284600.0,72.457998657227,-0.185762415596,0.911427634103,76.029968953822,81.083219252686,0.219998168945
2017-06-29,72.92,0.219998168945,0.00315418764,0.001267532468,-0.000522217547,-0.003144224197,0.164605610707,0.114349399315,90480800.0,72.773999023438,0.110747726554,0.942141941616,84.848475490175,81.482444037984,-0.439996643066
2017-06-30,72.6401,-0.439996643066,0.001241671271,0.001343801653,-0.000319693579,0.000552341598,0.093631905517,0.106513692499,86036100.0,72.633999633789,-0.257181433486,0.952855791364,73.077029282425,77.985157908807,-0.13009786377
2017-07-03,72.9,-0.13009786377,0.003447800202,0.001125618472,-0.000224764284,0.00192413414,0.032671595644,0.099035292451,90765200.0,72.608000183105,-0.044971956974,0.949998583112,73.023319340941,76.982941371181,-0.480001831055
2017-07-05,72.41,-0.480001831055,0.000828572073,0.001274669239,4.4774826e-05,-0.002067254686,-0.026549631974,0.090090453745,88194500.0,72.544000244141,-0.269918354953,0.950712476458,70.930201594905,72.343516739424,0.070003356934
2017-07-06,72.12,0.070003356934,-0.003311333913,0.001628875969,-0.000177921749,-0.001661129568,-0.071942616094,0.080660792346,92946400.0,72.562001037598,0.00517384082,0.90285546439,68.601727566281,70.851749500709,-0.389996643066
2017-07-07,71.95,-0.389996643066,0.005297605404,0.001192761059,-9.9573128e-05,-0.002218832339,-0.157817416854,0.073168866621,88574300.0,72.324002075195,-0.237941889018,0.924283708845,38.993879678435,59.50860294654,0.079998779297
2017-07-10,71.78,0.079998779297,-0.003193054719,0.001536350975,0.000378242763,-0.000278551532,-0.197195784372,0.064020825117,92908000.0,72.234001159668,-0.080002689316,0.913569314139,39.92666825431,49.174091833009,0.050001831055
2017-07-11,72.03,0.050001831055,0.000835271573,0.001745027125,-0.000212408018,0.001947419669,-0.236825705164,0.058574036574,89749700.0,72.098001098633,0.027891527385,0.912855420794,29.771001246616,36.23051639312,-0.190003662109
2017-07-12,71.36,-0.190003662109,-0.004593460725,0.001693329604,7.0044144e-05,-0.002097608726,-0.260594890968,0.050872400603,93284800.0,71.982000732422,-0.023917551032,0.926427023751,30.152471683967,33.283380394964,0.519997253418
2017-07-13,71.83,0.519997253418,0.000834796748,0.000966620306,-0.000206110927,-0.000973574409,-0.270667967987,0.042072384335,98145000.0,71.861999511719,0.228663652938,0.939284188407,24.472379593074,28.131950841219,0.799997253418
2017-07-14,72.91,0.799997253418,-0.000137608526,0.001349628202,0.000453133505,0.003993390251,-0.225701152082,0.038306602613,103334800.0,72.041998291016,0.28895252902,0.860712868827,59.374797743256,37.999883006766,0.200000610352
2017-07-17,73.1,0.200000610352,-0.000136809412,0.001019288646,0.000320348829,0.0,-0.165309768806,0.035257124551,107670500.0,72.257998657227,0.345199812201,0.824284689767,80.803539461408,54.883572265913,-0.400003051758
2017-07-18,72.46,-0.400003051758,-0.000962856916,0.001662536142,0.000404966581,-0.002340630593,-0.154837775962,0.032430666741,104208900.0,72.431997680664,-0.251047131973,0.842141832624,62.499787098164,67.559374767609,-0.229996643066
2017-07-19,72.33,-0.229996643066,0.00346116556,0.001343732744,-0.001171279613,-0.001518498067,-0.179678759633,0.030081788387,98939800.0,72.509999084473,-0.172493539845,0.863570622035,41.517910342806,61.607078967459,0.439996643066
2017-07-20,73.37,0.439996643066,0.00302324077,0.001443211399,0.000226533519,0.005206192629,-0.160486500203,0.026912344285,102843900.0,72.687998962402,0.198482079884,0.834999084473,67.741697281968,57.253131574313,0.64000213623
2017-07-21,74.15,0.64000213623,-0.000405334123,0.001561232766,-0.000105720447,0.002297918356,-0.069662222122,0.030100782582,108173600.0,72.963999938965,0.407087020174,0.848571232387,92.808245990216,67.355951204997,0.479997253418
2017-07-24,74.215,0.479997253418,0.0,0.001686311278,0.000337525459,-0.005960353603,0.021889619328,0.039069293584,113135100.0,73.267999267578,0.281078800459,0.889999934605,89.037328952201,83.195757408128,-0.304996337891
2017-07-25,74.087,-0.304996337891,0.00662965552,0.001639516129,-4.0599267e-05,-0.004206989247,0.023533344802,0.042248629668,107637300.0,73.510000610352,-0.389443121592,0.910714830671,69.786152418362,83.877242453593,-1.567003356934
2017-07-26,72.45,-1.567003356934,-0.002068310858,0.001676961257,0.000284166304,-0.001102991865,-0.074074090751,0.042277035777,101283100.0,73.567999267578,-0.437582967852,1.005714961461,32.620168123646,63.814549831403,0.139996337891
2017-07-27,72.4822,0.139996337891,0.002617474184,0.001573234405,-0.000564027147,-0.004091783457,-0.135430440687,0.042145758924,106160100.0,73.531999206543,0.153740373753,0.982143947056,34.491818786434,45.632713109481,-0.752196643066
2017-07-28,72.205,-0.752196643066,-0.001254760394,0.002999720826,-0.000246667206,0.0078866555,-0.229890197775,0.043538761342,98770800.0,73.075999450684,-0.260051920668,1.0850012643,20.432821034592,29.181602648224,-1.764997558594
2017-07-31,70.03,-1.764997558594,0.001135635986,0.002042541123,-0.000389866508,-0.006948383437,-0.367064928138,0.051125175755,90758400.0,72.238000488281,-0.17435695086,1.257858821324,18.727994734299,24.550878185109,-0.119996337891
2017-08-01,69.94,-0.119996337891,0.001716422699,0.001192346137,9.6391904e-05,-0.001285163501,-0.474483474134,0.060390269979,82988000.0,71.438000488281,-0.401297947564,1.251430511475,9.364064764584,16.174960177825,0.439997253418
2017-08-02,70.26,0.439997253418,-0.001847076705,0.00108341637,4.0963819e-05,0.000142348754,-0.492721741818,0.065280492859,89669700.0,71.010000610352,0.183800520553,1.262859344482,17.66783308848,15.253297529121,0.449999084473
2017-08-03,70.68,0.449999084473,-0.001414205564,0.001471462966,-5.3392735e-05,0.000991360997,-0.461918393212,0.068055009117,94591900.0,70.634001159668,0.289678510311,1.232858930315,23.498250358447,16.84338273717,0.30999786377
2017-08-04,70.713,0.30999786377,0.002535572765,0.001679640298,0.000227817646,-0.006421244907,-0.404129744535,0.069483332359,98992300.0,70.486000061035,0.296883013393,1.227858952114,28.445222056042,23.203768500989,0.27699786377
2017-08-07,70.8199,0.27699786377,-0.000704260091,0.000956723992,0.000519007606,-0.001692979983,-0.349404383553,0.070986948962,98992300.0,70.595999145508,-0.081050933292,1.245002201625,28.445222056042,26.796231490177,0.400101220703
2017-08-08,71.16,0.400101220703,0.001544518513,0.001498527969,-0.000907747477,-0.002383288939,-0.283993185627,0.071778710113,102543400.0,70.857998657227,0.241427627837,1.207859584263,32.508882976135,29.799775696073,0.310001220703
2017-08-09,71.103,0.310001220703,-0.002938282928,0.002092478249,-0.001234006898,-0.002203199551,-0.213389858245,0.072126882991,106941400.0,71.075999450684,0.084073665427,1.218573978969,36.925841248254,32.626648760144,0.916996643066
2017-08-10,71.92,0.916996643066,-0.000138774053,0.001928858025,0.000305182095,-0.001111111111,-0.123601982134,0.072090108891,111477700.0,71.337998962402,0.372601875737,1.189288003104,46.643068569997,38.692597598129,-1.479997558594
2017-08-11,70.6012,-1.479997558594,0.004258878648,0.001431580435,-0.00058312011,-0.001962114787,-0.16214567922,0.074427272986,105537400.0,71.22799987793,-0.423333434142,1.232859475272,19.739378875841,34.436096231364,0.028797253418
2017-08-14,70.79,0.028797253418,0.008495060553,0.001733754386,-0.001217149317,-0.006456140351,-0.165778469263,0.074591084837,108785700.0,71.155999755859,-0.090721895709,1.209287915911,24.177922588783,30.18679001154,0.029999694824
2017-08-15,70.9,0.029999694824,0.00367130948,0.001352378272,-0.000617840886,-0.002251618351,-0.146961012694,0.074719752408,111434500.0,71.075999450684,-0.343292875626,1.107859475272,42.105263145583,28.674188203403,-0.560003662109
2017-08-16,70.515,-0.560003662109,0.002132521093,0.001329408427,0.000780996631,0.000354660235,-0.157481869571,0.076411250477,107710400.0,70.849998474121,-0.424122276711,1.116430555071,28.070101069944,31.451095601437,-0.095001831055
2017-08-17,70.33,-0.095001831055,0.002556096419,0.001133144476,-0.0002574767,-0.003824362606,-0.149742736376,0.076396370776,112462000.0,70.529998779297,-0.050143154275,1.025001525879,33.986900390558,34.720754868695,-0.480001525879
2017-08-18,69.61,-0.480001525879,-0.004724435766,0.001451093211,-0.000190554115,0.001294591484,-0.172104578182,0.071737537735,107376000.0,70.41199798584,-0.435092806125,0.86714390346,0.847315164675,20.968105541726,0.349999084473
2017-08-21,70.117,0.349999084473,-0.000571768383,0.001180921053,-9.025527e-05,0.002817505721,-0.168372591249,0.05873312827,111392400.0,70.277998352051,0.233737638201,0.882858276367,18.014619253102,17.616278269445,0.582996948242
2017-08-22,71.14,0.582996948242,0.002970392121,0.001147682306,0.000593576752,0.005370265687,-0.107892426788,0.045251490215,116058800.0,70.253997802734,0.43041957555,0.877858298165,45.220410848525,21.360781755434,0.61
2017-08-23,71.5335,0.61,-0.006411137066,0.001385467808,-0.000115247399,0.003415626315,0.005015641328,0.041566005047,119647800.0,70.535998535156,0.382804843687,0.904287065778,83.823446883206,49.019492328278,-0.013503356934
2017-08-24,71.42,-0.013503356934,0.002796484718,0.00135568879,-0.000304429837,-0.004182933631,0.063167225918,0.035974521592,116576500.0,70.75599822998,0.186939273431,0.902858734131,75.367444911649,68.137100881127,0.690000610352
2017-08-25,72.34,0.690000610352,0.001525455685,0.00109360288,0.0,0.001661589587,0.13613708615,0.037858595907,120664800.0,71.207998657227,0.22059608981,0.89500100272,92.957844821719,84.049578872191,0.140003356934
2017-08-28,72.7976,0.140003356934,0.002621341104,0.001513692032,-0.000119811022,0.001755882758,0.200219305925,0.04268622391,124536000.0,71.711999511719,0.232004287952,0.900714874268,90.936687475984,86.420659069784,0.522399694824
2017-08-29,73.1201,0.522399694824,-0.007364987967,0.001684939016,-0.000113622054,0.00205700973,0.284909181702,0.049883803502,129110400.0,72.236000061035,0.328669883216,0.914285932268,93.902436732184,92.598989676629,0.769899389648
2017-08-30,73.7531,0.769899389648,-0.003654034988,0.000963549802,-0.000232017756,0.001794324989,0.360196033137,0.059760005142,132501200.0,72.663999938965,0.503113623168,0.920000348772,99.774218136813,94.871114114994,0.166898168945
2017-08-31,74.18,0.166898168945,0.002570379412,0.001345120799,-0.000100394342,0.001214738831,0.390360033415,0.067564409421,135690300.0,73.144000244141,0.254055251999,0.834285736084,94.479783700332,96.052146189776,1.120003051758
2017-09-01,75.8,1.120003051758,0.003851172303,0.001162984522,-0.000155028733,0.002778145257,0.475925184212,0.082417882424,141867900.0,73.782000732422,0.411854318808,0.898571559361,98.313685160911,97.522562332685,-0.380001831055
2017-09-05,75.0945,-0.380001831055,-0.000397756298,0.001560684441,-0.000375306029,-0.003919617986,0.510233626869,0.093945253349,145699600.0,74.369999694824,-0.109958112628,0.904285430908,91.117887589738,94.637118816994,0.1555
2017-09-06,75.49,0.1555,0.004784061267,0.001382092316,0.000416891172,-0.001587091655,0.490947232924,0.102060061564,139390500.0,74.755999755859,-0.076704899492,0.903570992606,88.514546078278,92.648706276309,1.560003051758
2017-09-07,78.031,1.560003051758,0.003114832632,0.002320481304,-0.000233147818,0.009587268728,0.563681565913,0.118311798656,147145700.0,75.388000488281,0.354925118098,1.015713827951,94.868634001485,91.500355889834,3.748998779297
2017-09-08,81.7101,3.748998779297,-0.005991658976,0.003009840098,-0.000580545673,0.005044280443,0.875980397145,0.164679532427,162523000.0,76.960000610352,0.445247727349,1.344285147531,94.838225035219,92.740468371661,3.629896337891
2017-09-11,85.0,3.629896337891,-0.010311662657,0.003584961516,0.002232656001,0.006512729426,1.245399307627,0.219571871181,177332099.99999997,78.967999267578,0.43580377943,1.63071332659,95.364645609041,95.023834881915,2.0
2017-09-12,87.035,2.0,-0.000344813555,0.002427253862,0.000438280131,0.003400968411,1.507162738778,0.266690384855,190019100.00000003,81.283999633789,0.482543914209,1.759284973145,99.388014091025,96.530294911762,0.715
2017-09-13,88.29,0.715,-0.001937301071,0.002212491436,0.000397235545,0.008106873715,1.626218292982,0.303215969029,201174700.00000003,83.783999633789,0.273681562083,1.779999324254,98.682627776135,97.811762492067,0.180001220703
2017-09-14,88.57,0.180001220703,-0.002712759811,0.002015867619,0.000424059167,0.003853564547,1.643965293293,0.330469369212,210346899.99999997,86.067999267578,0.321405779511,1.83642741612,97.878467728032,98.649703198397,0.650001220703
2017-09-15,89.175,0.650001220703,0.001905381827,0.002538865899,0.000163727391,-0.002628341349,1.595451250184,0.351471215763,220619100.00000003,87.555999755859,0.429633487386,1.85499899728,99.415555397147,98.658883633772,-1.804997253418
2017-09-18,87.5992,-1.804997253418,0.001144540128,0.001753744141,0.000788379388,0.001477077855,1.338387070381,0.354900873608,200177600.0,87.962001037598,-0.300469603992,2.033570970808,86.45651468543,94.583512603537,-2.279200305176
2017-09-19,85.69,-2.279200305176,0.002578542212,0.002476268412,8.8466222e-05,0.001753565583,0.94826915451,0.347116048193,190520899.99999997,87.626000976562,-0.377775220802,2.150713784354,74.157292720666,86.676454267748,0.680002746582
2017-09-20,86.46,0.680002746582,0.000347328683,0.002349537037,-0.000397921632,0.000694444444,0.690880210469,0.340005859806,198307299.99999997,87.350001525879,0.331627858894,2.166428157261,79.391684855152,80.00183075375,0.950003662109
2017-09-21,87.3495,0.950003662109,-0.000572051821,0.00197676016,8.96407e-06,-5.724098e-06,0.527962999628,0.334601880858,204866700.00000003,87.13800201416,0.417604680381,2.211428506034,85.542180326902,79.69705263424,0.060503662109
2017-09-22,87.58,0.060503662109,-0.00217369218,0.001371713925,0.000195253919,0.005395476983,0.365225467065,0.323579965897,204866700.00000003,86.776002502441,0.030165122007,2.179285321917,84.759365510183,83.231076897412,-0.099996643066
2017-09-25,86.565,-0.099996643066,-0.006401522251,0.002428982174,-0.001987988277,-0.004427832087,0.214766318009,0.310145380338,211673699.99999997,86.798002624512,0.13825499587,2.196428571429,85.227277937345,85.176274591476,0.004999694824
2017-09-26,86.5404,0.004999694824,-0.002541310171,0.001858433735,-0.000234321164,0.002553290083,0.016859318425,0.291795094961,203386700.00000003,87.048002624512,-0.118840880926,2.234285627093,78.242664684875,82.743102710801,-1.190401525879
2017-09-27,85.1,-1.190401525879,0.0,0.003516344464,-0.000140309335,-0.002929115407,-0.220234208485,0.271162792226,197524300.00000003,86.84400177002,-0.275462381443,2.20142854963,65.799817707031,76.423253443084,-0.35
2017-09-28,87.4458,-0.35,0.022654845651,0.005654528693,-0.003523343761,0.007672274718,-0.429391171937,0.248575438887,190943100.00000003,86.312001037598,-0.123384145641,1.969285692487,42.424226251905,62.155569547937,1.514199084473
2017-09-29,88.476,1.514199084473,-0.003035034238,0.004422482805,-0.000355789098,-0.002412898861,-0.3021322085,0.226372178466,205752400.0,86.62200012207,0.276232862783,2.056428636823,74.355679469102,60.859907809346,0.384000610352
2017-10-02,89.55,0.384000610352,0.009903187569,0.00297381032,7.950929e-06,-0.002006018054,-0.245050739527,0.204475633672,198983000.0,86.897999572754,0.060047757818,1.982142857143,73.067038426636,63.282314715881,0.839999389648
2017-10-03,90.3687,0.839999389648,0.000553192301,0.001961168271,-0.000557205392,-0.000235645536,-0.1303663325,0.179203750593,205583100.00000003,87.661999511719,0.224964553233,1.987857273647,92.783531495695,80.068749797144,-0.668703051758
2017-10-04,89.67,-0.668703051758,-0.002006692434,0.002396559428,0.002231073444,0.001675603217,-0.126967626315,0.138871694451,201296200.0,88.531999206543,-0.219366253829,2.002143314907,83.891741163763,83.247437028698,0.230001525879
2017-10-05,89.72,0.230001525879,-0.002335918586,0.001605530159,-0.000356582567,0.00033448545,-0.136411253609,0.095557707637,204547400.0,89.561999511719,0.174427814645,1.999286651611,86.469121565705,87.714798075054,0.460000305176
2017-10-06,90.32,0.460000305176,0.000221741439,0.001690499945,0.000446102373,0.001219377009,-0.147993204274,0.079273458506,208930300.00000003,89.805999755859,0.23284007236,1.850000108991,90.077355811414,86.812739513627,0.16999786377
2017-10-09,90.88,0.16999786377,0.000884095844,0.001438809261,-0.000380170116,0.001984564498,-0.158056511148,0.079721174797,212392099.99999997,90.131999206543,0.112697602741,1.753572191511,89.680540157654,88.742339178258,-0.100001220703
2017-10-10,90.39,-0.100001220703,-0.000771091603,0.001932973211,0.000634831342,-0.003527725719,-0.167556322626,0.083804633513,216723600.0,90.209999084473,0.106689148399,1.7321434021,93.24320523427,91.000367067779,0.779998168945
2017-10-11,91.98,0.779998168945,0.003290589643,0.001758390729,0.000376517011,0.005575598557,-0.169441386533,0.088940802621,220283800.0,90.503999328613,0.159651161955,1.752857753209,98.034352885908,93.652699425944,0.399997253418
2017-10-12,91.805,0.399997253418,-0.006603167661,0.002190803095,-0.000417591461,0.000381388253,-0.113738199971,0.09784488353,226582300.00000003,90.999998474121,0.286314295065,1.796429225377,97.558350290689,96.278636136956,-0.385001831055
2017-10-13,91.17,-0.385001831055,-0.00010932517,0.001553440543,5.6041311e-05,-0.002625533311,-0.163084848037,0.101888687088,221764099.99999997,91.247998046875,-0.156130428244,1.831428527832,87.367275227261,94.319992801286,-0.500001831055
2017-10-16,91.025,-0.500001831055,0.003749905968,0.001565762004,0.000111443344,0.000164817053,-0.261914510127,0.102818200998,214960200.0,91.28399810791,-0.275221385088,1.82642854963,79.405490241008,88.110371919653,0.015000915527
2017-10-17,91.39,0.015000915527,0.000549158852,0.001843907794,0.000161017278,0.003183315038,-0.314505437663,0.097999349773,219600499.99999997,91.335998535156,0.018342773707,1.803571428571,83.333333324487,83.368699597585,0.779998168945
2017-10-18,93.1,0.779998168945,0.001952916445,0.001706334597,0.00017026529,0.008121277748,-0.2861400234,0.098062569807,224881000.0,91.535998535156,0.305009490453,1.777143205915,90.46874272155,84.402522095682,2.940000915527
2017-10-19,96.03,2.940000915527,-0.005622666705,0.004261151832,0.000841872372,0.00554973822,-0.033006783953,0.115801428358,235860700.00000003,92.267999267578,0.457215397647,1.639286586217,95.438981391499,89.747019145845,0.450003356934
2017-10-20,96.2899,0.450003356934,0.003109405182,0.005063029552,-0.001039764209,-0.005064062823,0.128917533913,0.130004704205,245164400.0,93.280000305176,0.24316312792,1.670000893729,98.184184082301,94.697302731783,-0.189901525879
2017-10-23,95.77,-0.189901525879,-0.001768971609,0.001704888982,0.000280542293,-0.001667882831,0.172560745553,0.13820036845,238281800.0,94.366000366211,-0.08335633723,1.800000871931,76.623350879243,90.082172117681,-1.25999786377
2017-10-24,92.58,-1.25999786377,-0.005396276846,0.005069762488,0.000193891551,-0.013952497604,0.062167673277,0.135659435391,233797900.00000003,95.060000610352,-0.449862816886,1.802143641881,58.10058008293,77.636038348158,-0.889997558594
2017-10-25,91.6,-0.889997558594,0.000981528362,0.002950751798,0.00167025234,-0.001961211593,-0.217623003745,0.121723814783,223496800.0,94.964001464844,-0.324352173818,1.988572256906,25.170835893874,53.298255618682,0.169996643066
2017-10-26,89.12,0.169996643066,0.000980755918,0.017722512519,-0.004143286885,-0.029827999129,-0.403354885616,0.10033873144,230421600.0,94.110000610352,0.003650837755,2.007858276367,24.182224766488,35.817880247764,0.439997558594
2017-10-27,92.33,0.439997558594,0.035060288915,0.010313829213,0.000905107442,-0.003238691569,-0.665618859059,0.098805220043,220114099.99999997,92.725999450684,-0.136757690539,2.382143838065,33.179710268067,27.51092364281,-0.399999694824
2017-10-30,91.9,-0.399999694824,-0.00250194013,0.003427889858,0.001490629987,0.002181025082,-0.668301256809,0.094045353777,229180400.0,91.891999816895,-0.068279550498,2.694286891392,51.382490365558,36.248141800038,-0.940000915527
2017-10-31,90.9,-0.940000915527,-0.000879527615,0.002410321303,0.000203418708,0.000220070423,-0.719770392707,0.093253558094,222654200.0,91.181999206543,-0.100144935879,2.81071472168,43.932406630329,42.831535754651,-0.65
2017-11-01,90.77,-0.65,0.005872562651,0.00289931703,0.000743264382,-0.000110156422,-0.780886782528,0.092052053694,215588600.0,90.893998718262,-0.167104152803,2.820714678083,38.479266450338,44.598054482075,1.670002441406
2017-11-02,92.21,1.670002441406,-0.003894424501,0.002408231972,0.000760614968,0.001411815812,-0.65799494068,0.089512507038,222637400.0,91.02799987793,0.286964292964,2.936429159982,55.299556178432,45.903743086366,-1.190003356934
2017-11-03,91.19,-1.190003356934,0.003076317502,0.002403066813,0.000375324498,-0.001204819277,-0.655095086129,0.088042586693,217655500.00000003,91.319999694824,-0.234702976129,3.003572191511,44.393217220968,46.057346616579,1.119997558594
2017-11-06,92.27,1.119997558594,-0.00097493598,0.001844876248,-0.000737420479,0.001628310899,-0.553116508127,0.086324509461,221276300.00000003,91.395999145508,0.314997317171,3.019286019461,54.301055102072,51.331276167157,0.689999084473
2017-11-07,94.13,0.689999084473,0.000215192262,0.002891229579,0.001072071297,0.01171539123,-0.433965792798,0.085170015956,226909900.00000003,91.795999145508,0.182913431285,3.042857578823,59.293384691425,52.662552338155,-0.170000915527
2017-11-08,95.365,-0.170000915527,0.003724973154,0.003626232637,0.000861791697,0.011186512565,-0.286972811074,0.085530307137,233923900.00000003,92.537998962402,0.194620443527,2.932143075126,66.973873721972,60.18943783849,0.344999084473
2017-11-09,95.69,0.344999084473,-0.004388237101,0.002167803547,0.001123321256,0.004197712247,-0.081717134216,0.090858813687,240726499.99999997,93.191998291016,0.289896485817,2.962143489293,80.414729525431,68.893995979609,0.199999389648
2017-11-10,95.1742,0.199999389648,-0.00563146229,0.002872700669,-0.000240963124,-0.005286371237,0.049289166626,0.094845778233,245913500.00000003,94.165998840332,0.276057319249,2.800714765276,95.687303258674,81.025302168692,0.255800305176
2017-11-13,95.23,0.255800305176,-0.000628707518,0.001031037014,-0.000319754912,-0.001467966866,0.085934224391,0.094886379411,239743400.0,94.789999389648,0.029276971625,2.8528578622,91.554339353675,89.218790712593,-0.109997253418
2017-11-14,94.59,-0.109997253418,-0.005046292505,0.002515638208,0.000342172227,-0.000528317836,0.070891374064,0.094123050033,235707699.99999997,95.22200012207,-0.083325910052,2.685000283378,88.769097461781,92.00358002471,0.16
2017-11-15,93.27,0.16,-0.001266519753,0.004879725449,-0.004560738332,-0.01510031679,0.020249148684,0.094205969529,230990400.0,95.380000305176,0.040172326861,2.731428963797,85.444725635852,88.589387483769,0.49000213623
2017-11-16,93.35,0.49000213623,0.007252562817,0.002912210103,-0.000346714241,-0.011437043313,-0.089664118033,0.090716345677,226244700.00000003,94.990000915527,-0.209137359919,2.403571537563,65.01339234164,79.742405146424,1.120001220703
2017-11-17,94.19,1.120001220703,-0.007092179108,0.00327238806,-0.000444350718,0.004157782516,-0.122271293727,0.085977895301,230546300.00000003,94.706001281738,0.01793935981,2.152142660958,74.530807509361,74.996308495618,-0.579999389648
2017-11-20,93.82,-0.579999389648,0.003311585905,0.002442610733,-0.000389573179,-0.001064735945,-0.204630218913,0.081212555339,227159900.00000003,94.342001342773,-0.098348406723,1.992857251848,56.398083121335,65.314094324112,-0.220001525879
2017-11-21,94.0,-0.220001525879,0.001068359784,0.001916008538,-0.000401168786,0.003201707577,-0.259143875351,0.080185879689,222807699.99999997,94.038000488281,-0.105090633668,1.967142922538,55.177926598275,62.03560574299,0.680000305176
2017-11-22,95.24,0.680000305176,0.000105641489,0.002130319992,0.000914180195,0.0058084275,-0.223194812783,0.080240783795,227153900.00000003,94.024000549316,0.281728412528,1.875000544957,72.65368351653,61.40989774538,-0.769998779297
2017-11-24,94.08,-0.769998779297,-0.004975137235,0.00280106383,-0.00070499795,0.00085106383,-0.214246118386,0.079613410466,224593200.0,94.166000366211,-0.086975461607,1.798571995326,65.201431408034,64.34434717428,0.640001220703
2017-11-27,94.9,0.640001220703,-0.000316710081,0.001411236667,0.000332460335,0.002217763227,-0.192845459851,0.070577431051,226526099.99999997,94.216000366211,0.261017650582,1.782143729074,66.666666653199,68.173927192588,0.519998168945
2017-11-28,96.76,0.519998168945,0.005449636161,0.003306545758,-0.000264605451,0.008547008547,-0.135604721539,0.070378461784,229570700.00000003,94.57799987793,0.312957793827,1.712857382638,73.972488185531,68.613528748921,-1.340001831055
2017-11-29,95.26,-1.340001831055,0.003563235944,0.002793546366,-0.000582538889,-0.0052213868,-0.103263868974,0.065850360729,229570700.00000003,94.941999816895,-0.115420408617,1.665714263916,64.748156670716,68.462437169815,0.559999694824
2017-11-30,96.67,0.559999694824,0.00563557626,0.001979036945,-0.000141730194,0.003217102532,-0.062462621186,0.056087024068,233652099.99999997,95.169999694824,0.029614266459,1.579285212926,74.340523611351,71.020389489199,0.249998168945
2017-12-01,97.2364,0.249998168945,0.002785846859,0.002552731763,0.000603759742,0.000477415372,0.026317104458,0.058102263281,241541699.99999997,95.659999084473,0.218930074772,1.622142246791,87.318068173758,75.468916151942,-0.916400305176
2017-12-04,96.3,-0.916400305176,0.000519134675,0.00187423472,0.000406094233,-0.000726367127,0.031965014866,0.048973123656,236718499.99999997,95.979998779297,-0.081174937683,1.753570011684,62.06898818609,74.5758599904,-1.079998779297
2017-12-05,96.56,-1.079998779297,0.01113208932,0.003774541645,0.000657868297,0.011629125196,-0.046770245425,0.042500533484,231784099.99999997,95.939999389648,-0.276998386081,1.797141483852,43.103482287755,64.163512882534,-1.149996337891
2017-12-06,95.3,-1.149996337891,0.003039443193,0.002603970742,0.000763352462,-0.004179728318,-0.091836366287,0.037964235749,237337100.00000003,95.938000488281,-0.243891641417,1.777141571045,46.379389034869,50.517286502905,-0.899998474121
2017-12-07,93.59,-0.899998474121,-0.003919520557,0.002383474576,-0.000436586742,-0.008580508475,-0.18980905737,0.037008009683,232222899.99999997,95.654000854492,-0.267883330189,1.797855922154,26.820654930969,38.767842084531,0.64999786377
2017-12-08,94.91,0.64999786377,0.015280162076,0.001625977595,0.000638865374,0.003064891144,-0.261129141235,0.037203915162,227698400.0,95.118000793457,0.071734393309,1.782141549247,23.978670203822,32.39290472322,1.039996948242
2017-12-11,96.06,1.039996948242,0.00458574732,0.002269190655,-3.9734003e-05,0.001877346683,-0.192070797842,0.037343213153,232995400.0,95.044000244141,0.08031689464,1.88071332659,54.351670530434,35.050331888408,0.410001220703
2017-12-12,95.671,0.410001220703,-0.007774437551,0.002060863265,-0.000641005787,-0.009719490736,-0.114151048958,0.039683668948,237176499.99999997,95.294000244141,0.033956365644,1.889284951346,63.52318142183,47.284507385362,0.629003051758
2017-12-13,97.3697,0.629003051758,0.003115217164,0.004439958592,0.0005076639,0.007967908903,-0.078535995287,0.04139956435,232981299.99999997,95.47200012207,0.160280287586,1.898570469448,60.498300343283,59.457717431849,-0.019701525879
2017-12-14,96.3578,-0.019701525879,-0.000205409793,0.003204105163,-0.001259451366,-0.009988698243,0.006732435328,0.046236441735,239130000.0,96.061999511719,0.17685691152,1.997856140137,74.539297112115,66.186926292409,-0.057796948242
2017-12-15,97.09,-0.057796948242,0.005815135419,0.004708445179,0.001864454374,0.002374561222,-0.015379125698,0.044825458436,235144200.0,96.474000549316,-0.278415131142,2.02428490775,56.951437690141,63.996345048513,0.359996948242
2017-12-18,98.33,0.359996948242,0.002257580581,0.00200788369,0.000270641721,0.006757448551,0.036797970269,0.04790874799,246708899.99999997,96.774000549316,0.244264385091,2.05214200701,76.214313086275,69.235015962844,-0.139997558594
2017-12-19,98.16,-0.139997558594,0.002342353822,0.001960577118,-0.00034237459,-0.002641739484,0.106554175531,0.05021586773,251477200.0,97.118000793457,0.175636646263,2.022856576102,85.322637395393,72.829462723936,-0.240001831055
2017-12-20,98.0699,-0.240001831055,-0.000612720177,0.001754368039,0.000734556444,0.002042505364,0.118972568192,0.049463829835,248659500.00000003,97.441999816895,-0.28977522576,1.989285605294,80.967727632188,80.834892704619,-0.659896337891
2017-12-21,98.05,-0.659896337891,0.004208972562,0.001703843795,0.000651541006,0.002351257412,0.079214959425,0.049535783622,245247600.0,97.454000854492,-0.125304292891,1.987142835345,72.742005732466,79.677456920016,-0.139996337891
2017-12-22,97.88,-0.139996337891,-0.000510704217,0.001653995504,0.000572845332,0.000204373595,0.073113546306,0.049567272509,247497100.00000003,97.776000976562,0.07464925755,1.752857208252,80.806525829708,78.172086398121,0.329999084473
2017-12-26,97.41,0.329999084473,-0.000610910897,0.002337952114,-0.001396640241,-0.007539480387,0.075496565289,0.050242971934,250332700.00000003,97.928001403809,0.18355936396,1.680000305176,85.645164055166,79.731231872446,0.34
2017-12-27,97.9,0.34,-0.000204569239,0.001370919881,-0.000104973658,0.00173948634,0.034399394266,0.050580293743,247968899.99999997,97.840000915527,-0.145971867761,1.650714329311,78.225820332281,81.559170072385,0.189996337891
2017-12-28,98.3899,0.189996337891,0.001019534175,0.001615133924,0.000193909119,0.002035848864,0.019179499856,0.05117397988,249896200.0,97.874000549316,0.231870313374,1.541428702218,83.709634932096,82.526873106514,-0.599899084473
2017-12-29,97.8257,-0.599899084473,0.00357908243,0.001589973507,-0.000237355699,-0.00320256776,-0.019909659847,0.051378499979,248025800.0,97.95,-0.225436886804,1.484286172049,70.758955164876,77.564803476418,-1.115700915527
2018-01-02,97.55,-1.115700915527,0.004446285899,0.002679019971,9.9056454e-05,0.004220712374,-0.12164330289,0.051369280701,244811400.0,97.709999084473,-0.406804896069,1.442857469831,44.930843161509,66.466477752827,0.860003662109
2018-01-03,98.325,0.860003662109,0.001422613397,0.001443023846,0.000328508594,-0.002283105023,-0.079617484698,0.053262351288,249372700.00000003,97.75,0.306273315018,1.489286150251,84.101488592774,66.59709563972,1.624996948242
2018-01-04,99.675,1.624996948242,0.001200627816,0.002219502448,0.000314681386,-0.004146268358,0.040280833425,0.057652386209,254075000.0,98.189999389648,0.350109887039,1.498571668352,96.629176860347,75.220502871543,-0.295002746582
2018-01-05,98.77,-0.295002746582,-0.000402504695,0.002295248641,-0.000706324687,-0.005737869942,0.067956227021,0.058660553427,250496000.0,98.447999572754,-0.186010239241,1.441429138184,83.445071769307,88.058579074143,2.340000610352
2018-01-08,98.5,2.340000610352,0.001681319038,0.004747004654,0.001226059757,-0.024655906525,0.183003223863,0.061214882467,255095299.99999997,99.111999511719,0.348283244702,1.502143314907,98.026395020732,92.700214550129,0.98999786377
2018-01-09,99.47,0.98999786377,0.0,0.003471203136,-0.000638689031,-0.000201025229,0.132575430604,0.053731742282,249513299.99999997,99.667999267578,-0.273130519213,1.610715048654,60.831487184497,80.767651324845,0.76999786377
2018-01-10,99.385,0.76999786377,-0.005885837495,0.002002606516,-9.8264731e-05,-0.00365914787,0.132020625245,0.05417645752,253568700.00000003,100.03399810791,0.201102445149,1.632858276367,77.242866832625,78.700249679285,0.305002441406
2018-01-11,99.0358,0.305002441406,-0.003209947708,0.001764315186,0.001027623095,-0.003363188085,0.079490753775,0.053450782285,248960099.99999997,99.981999206543,0.02472419864,1.647857666016,65.207955257777,67.7607697583,0.234196643066
2018-01-12,99.05,0.234196643066,0.000705144527,0.002335413731,0.000745512467,-0.002919267163,0.005252079074,0.050529072008,244719200.0,99.959999084473,-0.049082508303,1.608572278704,56.017455776483,66.156092622295,1.289996337891
2018-01-16,100.76,1.289996337891,-0.000797231459,0.002124476361,0.00072338913,0.004987033712,0.016375160178,0.052165527592,249091800.0,99.80599822998,0.262392230426,1.682858058384,79.431017396671,66.885476143644,1.72999786377
2018-01-17,102.91,1.72999786377,0.004976116176,0.002254563107,-0.0003437745,-0.000873786408,0.149304117271,0.058374394145,257620400.0,100.40599822998,0.386301528973,1.827143532889,91.891859095117,75.780110756091,1.450000610352
2018-01-18,104.59,1.450000610352,-0.00067075215,0.002104612139,-0.001110582808,0.002876594113,0.333401119825,0.074572356783,263005299.99999997,101.229998779297,0.307915839574,1.90142931257,94.095991505062,88.47295599895,-0.780002441406
2018-01-19,104.2036,-0.780002441406,0.005009192609,0.002244704304,-0.000637258752,-0.001211540305,0.384719587837,0.084153470851,256634099.99999997,102.053997802734,-0.163423200865,1.945714678083,87.223575007608,91.070475202596,0.436399389648
2018-01-22,105.1699,0.436399389648,0.000573371167,0.002763801337,-0.000256614038,0.004488061127,0.43731667777,0.094049643404,261625400.0,103.127998352051,0.123730682736,1.977857317243,97.181332663202,92.833633058624,1.32009786377
2018-01-23,106.65,1.32009786377,-0.003004974188,0.002552415937,0.000409149989,0.004521051144,0.552055026479,0.1077426528,266163500.00000003,104.357998657227,0.440054486642,2.003571646554,99.489243635581,94.631383768797,-1.270002746582
2018-01-24,104.7,-1.270002746582,-0.001138689697,0.002825289759,0.0011574317,-0.005320159605,0.509569066928,0.113806965205,261068200.0,104.935998535156,-0.194403432531,1.985714503697,82.194804996977,92.955127098587,0.81000213623
2018-01-25,106.05,0.81000213623,0.004170171577,0.002026521944,-0.000215210629,0.000943841435,0.448737983822,0.118573983093,265504700.00000003,105.165998840332,0.068779164355,1.990715026855,83.39022829079,88.358092307783,2.250003051758
2018-01-26,114.505,2.250003051758,0.057248354326,0.008341310044,-0.001433373259,4.3668122e-05,0.548329366507,0.129884385104,271832200.0,106.063999938965,0.458910611368,2.068571908133,99.31305516147,88.299362816412,8.704999084473
2018-01-29,123.53,8.704999084473,-0.013878736281,0.005411440329,0.001526060437,0.01670781893,1.515469718322,0.224206142742,291446700.0,109.77799987793,0.402504493078,3.134286063058,90.426295167751,91.043192873337,-1.220002441406
2018-01-30,120.1833,-1.220002441406,-0.023628480479,0.006352070263,0.000660336092,0.005297365119,1.963262690216,0.272573793669,281264000.0,112.941999816895,0.099471162968,3.282143184117,86.996327268179,92.2452258658,-4.303302746582
2018-01-31,116.0,-4.303302746582,0.002847789428,0.001755356682,-0.00023534977,-0.001807073402,1.70467846247,0.279468901387,269412600.0,115.041999816895,-0.293128106122,3.602142333984,63.443215230976,80.288612555635,-3.779998779297
2018-02-01,114.5,-3.779998779297,0.000178191435,0.005534568781,0.002445880398,0.020135424091,1.189795997695,0.27748112218,253667800.0,116.383999633789,-0.359704001988,3.898571014404,50.036637855722,66.825393451626,1.839996337891
2018-02-02,116.2801,1.839996337891,-0.007220185356,0.003527522936,4.1728572e-05,0.006405573827,1.035050826837,0.284180011978,263611299.99999997,117.991998291016,0.409570688219,4.197141919817,64.999980363137,59.493277816612,-1.110101831055
2018-02-05,113.82,-1.110101831055,-0.018841696652,0.004861946903,0.000975841516,0.007256637168,0.774190629014,0.283547809359,256426899.99999997,116.38399810791,-0.041749892362,4.270713806152,58.662017827974,57.899545348944,-4.30999786377
2018-02-06,108.83,-4.30999786377,-0.042005281567,0.012891049471,0.003654231001,0.037365360785,0.17218859944,0.277627087284,246599100.00000003,113.823999023438,-0.256167842475,4.494999476842,29.858429056798,51.173475749303,2.369996948242
2018-02-07,112.9,2.369996948242,0.002877695176,0.004867916069,0.001491921362,0.01237446198,-0.143409787964,0.267844083859,260706899.99999997,112.887998962402,0.307492832754,5.22142791748,41.029753408713,43.183400097829,0.720002746582
2018-02-08,112.36,0.720002746582,-0.002552375537,0.004551718062,-0.000120740137,-0.010044052863,-0.216037276424,0.259989557728,270737700.0,113.167999267578,0.216028110431,5.524285452706,50.764289767634,40.550824077715,-3.879996643066
2018-02-09,109.53,-3.879996643066,0.010047901034,0.006468011317,-0.002893438831,-0.00036506343,-0.614537536491,0.246415164438,263525299.99999997,111.596000671387,-0.400756520785,5.835714067732,30.088508338645,40.627517171664,1.770003051758
2018-02-12,112.53,1.770003051758,0.011410571503,0.003166829528,-0.000878752575,-0.000355334459,-0.687009293559,0.229398640592,272434600.0,110.822001647949,0.164917238838,6.139999389648,41.432030565014,40.761609557097,-0.599999694824
2018-02-13,110.98,-0.599999694824,-0.003484315095,0.002648556572,-0.000988551444,-0.005020620405,-0.689528618326,0.21307268311,277257900.0,111.306001281738,-0.107431088162,6.192856379918,43.96621092674,38.4955832768,0.880000610352
2018-02-14,110.42,0.880000610352,-0.007330589043,0.003035752882,-0.001117089784,-0.005583573487,-0.691171641282,0.200817708476,271941700.0,111.43800201416,0.088236840304,6.184999193464,43.684635330993,43.027625607582,2.660001831055
2018-02-15,114.21,2.660001831055,0.004775388281,0.002351021206,-0.000511777176,0.004485488127,-0.608279120529,0.19228360042,278130800.0,111.330001831055,0.315874529972,6.222856249128,48.592122019252,45.414322758995,0.690001525879
2018-02-16,117.44,0.690001525879,0.002872078561,0.003572420377,0.002990113032,0.019179033238,-0.437069829546,0.181625247158,285531900.0,112.614001464844,0.179213853695,5.250713893345,60.043199175343,50.773318841863,1.159998474121
2018-02-20,118.162,1.159998474121,-0.007419875757,0.002783639144,-0.000438315945,0.003754672103,-0.098507168658,0.176379510195,294248900.0,114.074000549316,0.438112796168,5.188570840018,86.063575059718,64.899632084771,-0.181996643066
2018-02-21,120.145,-0.181996643066,0.004322719887,0.004832995781,-0.000735510896,0.01388185654,0.051734044618,0.171944024298,285497500.0,115.284001159668,0.048373903794,5.037857055664,82.627741287147,76.244838507403,-2.234996337891
2018-02-22,118.6,-2.234996337891,0.00559745579,0.003551692126,0.000807278492,0.000928348384,0.111044640875,0.161180651806,280375000.0,116.49400177002,-0.069427197771,4.912143162319,82.287110219383,83.659475522083,-1.040002441406
2018-02-23,118.11,-1.040002441406,0.007230402528,0.002866121141,-6.2226252e-05,-0.003627467522,0.092130080486,0.146570574008,275189300.0,117.390000915527,-0.146920300837,4.75785773141,80.583917754559,81.83292308703,0.64
2018-02-26,119.915,0.64,0.0043789191,0.003259411419,-0.000425087122,0.005407898046,0.123246804401,0.139840384352,279875000.0,118.160000610352,0.080436696347,4.71571459089,86.374683032555,83.081903668832,1.625000915527
2018-02-27,121.75,1.625000915527,-0.002715170549,0.002876165333,-3.534988e-05,0.004455077964,0.285918238299,0.134260262225,284348500.0,118.748001098633,0.434533389473,4.489286150251,99.131272704814,88.69662449731,-3.48999786377
2018-02-28,119.35,-3.48999786377,0.006257380775,0.002758067227,0.000254157583,0.002941176471,0.13449324501,0.123715630021,279594200.0,118.804000854492,-0.36787915447,3.869286128453,76.010271051573,87.172075596314,-3.519998168945
2018-03-01,114.8948,-3.519998168945,0.000690683155,0.003544732982,-0.000154526193,-0.008758519541,-0.151924975857,0.123691164282,272934200.0,118.388000488281,-0.357375734846,3.767143249512,60.423350744774,78.521631500387,-1.054803662109
2018-03-02,112.64,-1.054803662109,-0.007905779387,0.004787409244,-0.001391287829,-0.00265627767,-0.47951411135,0.122078840343,265785299.99999997,117.644000244141,-0.194543391061,3.704286302839,47.658719824369,61.364113873572,2.400000915527
2018-03-05,113.79,2.400000915527,-0.009040341683,0.004237017544,0.000359827118,-0.001842105263,-0.61106371479,0.121575892826,271225000.0,116.902000427246,0.3088555393,3.507143838065,40.614348464537,49.565473011227,1.870003662109
2018-03-06,115.84,1.870003662109,0.003026097726,0.001934229808,-0.000146991512,-0.001465390915,-0.648465113925,0.121700377182,275200700.0,115.726000976562,0.256810964347,3.560715266636,45.904473737168,44.725847342025,-1.280002441406
2018-03-07,112.83,-1.280002441406,-0.017283482627,0.004142032333,0.000456212644,0.002220643098,-0.733184562804,0.1134126455,271550200.0,114.986000061035,-0.28274266602,3.592857905797,36.518757108755,41.01252643682,1.890001220703
2018-03-08,116.29,1.890001220703,0.002440714577,0.004245478261,-0.000881095889,0.011217391304,-0.7610389595,0.108771990041,276836400.0,114.763999938965,0.397008597436,3.549286433629,28.557438318162,36.993556388028,0.72000213623
2018-03-09,118.19,0.72000213623,0.007178842172,0.002070659089,-0.000439640796,0.002544745101,-0.614125259262,0.108531883586,283015800.0,115.398001098633,0.31011709572,3.51000050136,51.030454673854,38.702216700257,1.100000915527
2018-03-12,119.1926,1.100000915527,0.000922127668,0.002564995396,1.896094e-06,-0.002321921821,-0.364610357895,0.095909038972,288851400.0,116.248001098633,0.370149700381,3.392143794468,73.405314662194,50.997735884737,-0.892596948242
2018-03-13,119.1604,-0.892596948242,0.008114954013,0.001831879926,0.000465933792,-0.000835150092,-0.271719520501,0.089229873332,283958500.0,116.776000976562,-0.324309589335,3.201429094587,63.689930692809,62.708566676286,0.5896
2018-03-14,120.2707,0.5896,0.004926900525,0.003490028253,0.000377066846,-0.000575868373,-0.125533030904,0.085117963078,289361700.0,117.814001464844,0.101430315893,3.179999760219,77.919534232529,71.671593195844,-1.330697558594
2018-03-15,118.51,-1.330697558594,0.000504435492,0.002391260504,-0.000797347023,-0.004117647059,-0.097546650859,0.076793663542,285805600.0,118.658001708984,-0.245917362079,3.149285452706,69.970590518611,70.526685147983,-3.579999694824
2018-03-16,115.6306,-3.579999694824,-0.000348045901,0.004351205501,0.000354149312,0.006446165898,-0.349107389652,0.071975506226,279993200.0,118.242001342773,-0.420376692784,3.306428636823,30.618272804312,59.502799185151,-1.920600915527
2018-03-19,113.75,-1.920600915527,0.000263818306,0.002439687005,0.000620261409,8.7919817e-05,-0.583848590357,0.07483219962,271113900.0,117.126000976562,-0.174090633683,3.318571908133,18.645741614074,39.744868312332,-1.720001220703
2018-03-20,112.81,-1.720001220703,0.007765801625,0.002708680248,0.000399361624,-0.000797165633,-0.823767466697,0.083389119897,262515000.0,115.87200012207,-0.168063418328,3.368572235107,14.441390835926,21.235135084771,-0.159998474121
2018-03-21,112.411,-0.159998474121,0.003817135369,0.003244074991,-0.001432156162,-0.005916165547,-0.905696311647,0.088693544873,267448800.0,114.452000427246,-0.051536071497,3.218572344099,20.072662914589,17.719931788196,0.038996948242
2018-03-22,103.255,0.038996948242,-0.073454821974,0.012459934666,-0.000143575335,-0.007926594927,-0.934571906911,0.09337300307,262830800.0,113.153999328613,-0.143754371766,3.022857666016,18.256090004454,17.590047918323,-5.155001525879
2018-03-23,98.16,-5.155001525879,0.009072369047,0.005220628346,-0.001555045468,-0.008384685322,-1.829570521753,0.16856434604,235969600.0,109.787998962402,-0.293317313132,3.976428985596,9.949871965255,16.092874961432,-0.700000915527
2018-03-26,97.28,-0.700000915527,0.020829045746,0.005691727812,-8.7471789e-05,-0.022213287768,-2.341410885555,0.2171995722,221716000.0,106.537998962402,-0.244187696574,3.942143031529,7.481690777089,11.895884248932,-2.000001220703
2018-03-27,93.605,-2.000001220703,0.002308996888,0.007075287958,7.8848159e-05,-0.019842931937,-2.679206274645,0.2571122841,207955400.0,103.187998962402,-0.215513413698,4.347857339042,11.855834483082,9.762465741809,-1.59499786377
2018-03-28,91.59,-1.59499786377,0.001956312368,0.003028202625,-0.003194544363,-0.00650829808,-2.953660419728,0.304764790086,197134099.99999997,99.059999084473,-0.354350445608,4.477857317243,2.934386942845,7.423970734339,2.679996643066
2018-03-29,93.99,2.679996643066,0.002651957239,0.003658590774,0.000199529111,-0.005607278883,-2.814383054711,0.335429748005,208288300.00000003,95.423999023438,0.225294640543,4.611428397042,10.385738538018,8.391986654648,0.660001525879
2018-04-02,94.38,0.660001525879,-0.006867422244,0.003453772582,-0.000332586955,0.002975557917,-2.536649941628,0.36062256679,215687699.99999997,94.733999633789,0.042640477379,4.567856924874,11.638639808864,8.319588429909,-2.920000915527
2018-04-03,91.56,-2.920000915527,0.009621662609,0.003583495776,0.000874770671,-0.008447043535,-2.408742665627,0.390096748462,207871200.0,93.533999633789,-0.268900881109,4.759999956403,3.723904526378,8.582760957753,-0.970003662109
2018-04-04,90.115,-0.970003662109,-0.020752812997,0.004495547289,5.2546733e-05,0.015838124225,-2.227901460108,0.415601216577,197422000.0,92.595999145508,-0.182965897782,4.837857382638,7.30352955316,7.555357962801,2.825002441406
2018-04-05,92.76,2.825002441406,0.001398722294,0.002970774686,-0.000862224879,-0.00333082626,-1.812791007518,0.430569860807,206263699.99999997,92.781999206543,0.468183926255,4.985000610352,15.089518557386,8.705650878975,-0.550000915527
2018-04-06,91.62,-0.550000915527,-0.008242079425,0.002935265172,-0.000239399125,0.001858939311,-1.46503319618,0.443032298042,199218700.00000003,92.369999694824,-0.256648816694,4.770714351109,13.995080900254,12.129376336934,-1.840001220703
2018-04-09,91.12,-1.840001220703,0.01793273148,0.003082394135,-0.000683805575,-0.002954371375,-1.28287148139,0.452775787746,192457500.00000003,91.395999145508,-0.18763372066,4.830713544573,5.829586823625,11.638062093755,-0.639996643066
2018-04-10,91.26,-0.639996643066,0.011273172029,0.00259442623,0.001056187772,-0.00262295082,-1.011377886919,0.448573679404,200759600.0,91.2,-0.137358393213,4.763570513044,8.715781371172,9.513483031684,2.360002746582
2018-04-11,93.06,2.360002746582,-0.011108746903,0.002500432059,7.4688578e-05,0.00518470512,-0.54010504034,0.433449669469,207013299.99999997,91.806001281738,0.324837811439,4.891427176339,21.118504458804,11.8879575512,0.579999389648
2018-04-12,92.73,0.579999389648,0.000747540531,0.003039056664,0.000262238491,-0.010457795326,-0.166199608019,0.405067985626,214149000.0,91.946000671387,0.265913255649,4.892856052944,33.292374539395,21.042220123124,-0.609997253418
2018-04-13,91.9401,-0.609997253418,0.00553619726,0.003024829969,-0.000961766129,-0.007447911044,0.029177103463,0.370807101329,207746499.99999997,91.928001403809,-0.475853731842,3.800713130406,32.231421631149,28.880766876449,-0.110098168945
2018-04-16,92.73,-0.110098168945,0.011543041898,0.002790720207,-0.000567595263,-0.001722467435,0.180842454656,0.342188268267,203116499.99999997,92.33800201416,-0.249623006978,3.700713566371,30.881093722068,32.134963297537,-0.130001525879
2018-04-17,93.12,-0.130001525879,0.00647946527,0.001969635193,0.000552861329,-0.000858369099,0.364394215031,0.306842182881,207039000.0,92.762001037598,-0.11651021995,3.237141745431,50.75317087935,37.955228744189,0.469996337891
2018-04-18,93.69,0.469996337891,0.004380849216,0.001712583768,0.000418800574,-0.003403893203,0.571519108173,0.266534399968,211513699.99999997,92.755999755859,0.147713615815,3.009284973145,62.224760435914,47.953008345777,0.629999694824
2018-04-19,93.94,0.629999694824,0.001166249053,0.002836788661,0.000115470006,-0.006346519992,0.764666505403,0.203955010034,216803400.0,92.891999816895,0.109641360678,2.745713915144,83.333315950831,65.437082422032,-0.92999786377
2018-04-20,92.36,-0.92999786377,0.004300629144,0.003253211991,-0.00028381938,-0.01113490364,0.806997051005,0.091494800908,211830499.99999997,93.069999694824,-0.210010834605,2.823570796422,74.610627429013,73.389567938586,0.239998474121
2018-04-23,92.8856,0.239998474121,0.003563734735,0.002491014742,-0.000758035538,-0.000477778973,0.808175677072,0.077231996881,207075699.99999997,93.223999023438,-0.217917462004,2.639999934605,68.65202411153,75.531989163791,0.284398168945
2018-04-24,92.822,0.284398168945,-0.002361288237,0.002752365591,0.000127011885,-0.001913978495,0.84419882062,0.062381279723,211792000.0,93.337998962402,0.117890756521,2.422857557024,76.046900945728,73.10318416209,-1.461999389648
2018-04-25,90.78,-1.461999389648,-0.004378300385,0.002724054529,-0.000208064213,-0.001978891821,0.746363475484,0.057970856311,205413699.99999997,92.891999816895,-0.244874993723,2.29857145037,44.234092501132,62.977672519463,1.090002746582
2018-04-26,94.442,1.090002746582,0.023184904645,0.005180851064,0.000455894834,0.00470212766,0.716112760615,0.058110300819,210901500.00000003,92.402000427246,0.268102217636,2.30857195173,53.012101975307,57.764365140722,2.998002441406
2018-04-27,97.415,2.998002441406,0.0,0.003989538462,0.002892425557,-0.000871794872,1.051093632401,0.073475365849,223495900.00000003,93.288000488281,0.371579498484,2.501429421561,86.346864150578,61.197686209006,1.315003356934
2018-04-30,98.33,1.315003356934,0.003241159566,0.001929328622,-0.001500947269,-0.007269056032,1.321899157924,0.09220305806,229613500.00000003,94.514001464844,0.231535058861,2.457143511091,93.041578067583,77.466848064489,-1.779996948242
2018-05-01,102.175,-1.779996948242,0.057483120113,0.003070519099,0.000551916874,0.000734573947,1.313824499635,0.097227585981,222164099.99999997,95.190002441406,-0.416016123064,2.385001046317,68.040128247874,82.476190155345,-0.105000305176
2018-05-02,101.13,-0.105000305176,-0.008817493177,0.00329534447,2.6165028e-05,-0.000395374123,1.619777776716,0.125577746496,234074600.0,97.332002258301,0.003878915072,2.723572322301,89.945838963848,83.675848426435,-0.759997253418
2018-05-03,99.975,-0.759997253418,-0.001693790911,0.002367265469,-0.000140205396,-0.002245508982,1.64206417863,0.13988065787,226449000.0,99.032002258301,-0.213253736063,2.757143838065,76.798144393182,78.261370534968,0.304998779297
2018-05-04,99.618,0.304998779297,-0.003789362366,0.002890990991,-0.001662592863,-0.002822822823,1.584388783104,0.149692672634,218749500.00000003,99.600001525879,0.029972536056,2.789286477225,76.102058042417,80.948680466483,0.551998168945
2018-05-07,101.035,0.551998168945,0.005790175119,0.001849230769,-0.000339816193,0.002828784119,1.474731040028,0.150453227633,213525100.00000003,99.888000488281,0.08361943768,2.800000871931,75.251318616688,76.050507017429,-1.405002746582
2018-05-08,99.49,-1.405002746582,-0.005018568843,0.002057802885,0.0004897764,0.003631594875,1.307437383401,0.148798577561,207373600.0,100.503999328613,-0.265675222589,2.844286237444,71.074977528208,74.142784729105,-0.089998474121
2018-05-09,99.32,-0.089998474121,0.000402423691,0.001320595334,-0.000198661694,-0.001206757844,1.129592355277,0.151596440885,199752700.00000003,99.969999694824,0.130434370645,2.80857195173,69.296201641953,71.87416592895,1.860000305176
2018-05-10,102.25,1.860000305176,0.013836741665,0.00280503022,-0.001006750713,-0.003217001365,1.080155446405,0.157611924216,205418300.00000003,100.131999206543,0.292586674809,2.809286390032,83.062626523216,74.477935231126,0.599998474121
2018-05-11,103.48,0.599998474121,0.005930973451,0.002153392045,0.000160597879,0.001451659731,1.104311948729,0.163397897646,210788000.0,100.645999145508,0.080947233067,2.870000021798,92.819749917734,81.726192694301,0.700000305176
2018-05-14,105.35,0.700000305176,0.00211174141,0.002147126437,0.000650456041,0.009099616858,1.149114329378,0.169289403519,217146899.99999997,101.447999572754,0.148567587986,2.973571232387,96.421037633722,90.767804691557,0.539999389648
2018-05-15,104.6704,0.539999389648,-0.004816339023,0.002993926741,0.0012734692,-0.006733725565,1.226140004731,0.179188868002,225618600.0,102.7,0.387473923894,2.907857077462,97.401752239736,95.54751326373,-0.490399694824
2018-05-16,104.9,-0.490399694824,0.002687644255,0.001392877657,0.000741454973,0.004212138618,1.098273889257,0.181737667634,217231000.0,103.655999755859,-0.295112768864,2.946428571429,83.333313333612,92.38536773569,0.140000915527
2018-05-17,104.42,0.140000915527,0.00057118772,0.001360418649,-0.000749064989,-0.006470028544,1.010196709954,0.185529127637,225527699.99999997,104.42799987793,0.206902154113,2.574285779681,87.311157116009,89.348740896452,0.899999694824
2018-05-18,105.82,0.899999694824,-0.000474772616,0.002484088534,9.2448538e-05,0.005224660397,0.91235881177,0.183580731845,232230600.0,104.92200012207,0.097363770945,2.447143554688,89.979522334848,86.874664261489,0.160003356934
2018-05-21,106.545,0.160003356934,0.009624425465,0.001794392523,-9.6935555e-05,-0.004252336449,0.835703481958,0.178264347701,237558600.0,105.282000732422,0.220455929567,2.359286172049,90.099068787465,89.129916079441,-0.314996643066
2018-05-22,106.875,-0.314996643066,0.003012328765,0.001577464789,-1.076022e-06,0.003521126761,0.74827316153,0.171478120614,243355900.00000003,105.350001525879,-0.290033046576,1.965000697545,88.070218948783,89.382936690365,-0.644996643066
2018-05-23,105.95,-0.644996643066,-0.003577189784,0.002404818139,0.000466512955,0.000944733113,0.641012645748,0.151292703889,243355900.00000003,105.76000213623,-0.134985105507,1.895714896066,88.070218948783,88.746502228344,-0.350001525879
2018-05-24,103.26,-0.350001525879,-0.009943138613,0.004576757532,0.000406634391,-0.012338593974,0.485279283872,0.123807204605,230539299.99999997,105.872001647949,-0.071632762932,1.865715026855,80.70174341813,85.614060438565,-0.120000610352
2018-05-25,102.77,-0.120000610352,-0.008241210773,0.002321830091,4.1609204e-05,0.004692540815,0.189435876906,0.114987182701,217374800.0,105.436001586914,-0.225543857677,2.021429334368,51.929834574435,73.567265647116,-1.689998168945
2018-05-29,100.925,-1.689998168945,-0.00801350587,0.00359529271,-0.002061286044,0.006532362621,-0.153621791465,0.110185071168,192073100.00000003,104.456001281738,-0.15076552835,2.13285773141,27.836304479971,53.489294157512,-1.454998779297
2018-05-30,101.24,-1.454998779297,0.024027338497,0.002850963429,-0.000752889861,-0.00471883602,-0.479220905242,0.099312247502,166578400.0,103.104000854492,-0.137004458132,2.2457144601,6.826344897218,28.864161317208,1.77000213623
2018-05-31,100.53,1.77000213623,-0.020192231705,0.00374516992,0.001348737961,-0.003963142772,-0.447055584238,0.098967079731,197851800.0,102.460000610352,0.258090839527,2.285000392369,49.038485339157,27.900378238782,-1.589997558594
2018-06-01,98.98,-1.589997558594,-0.010208228333,0.003288062902,6.3622961e-05,0.010721944246,-0.676970136336,0.102723919479,178940899.99999997,101.128001403809,-0.369552853031,2.419286455427,5.028599329782,20.297809855386,-0.929996948242
2018-06-04,97.82,-0.929996948242,0.004385520569,0.002574126726,0.00025300818,-0.0067018684,-0.854615632535,0.108994029674,164103600.0,100.11000213623,0.04701875041,2.339286259242,1.604294656069,18.55712644167,1.279998474121
2018-06-05,99.033,1.279998474121,0.000100929731,0.002369589345,-0.001037475333,-0.000776914539,-0.864433648041,0.111464538794,175026099.99999997,99.714001464844,0.177760802877,2.319285801479,15.368599683246,7.333831223032,0.20699786377
2018-06-06,99.05,0.20699786377,0.000100787348,0.002213602015,0.000420226996,-0.00201511335,-0.824649575161,0.112398043851,185225100.00000003,99.668000793457,0.049098993036,2.2678565979,16.822383998545,11.265092779287,0.930003356934
2018-06-07,99.7322,0.930003356934,0.002700506441,0.001790523691,0.000187717845,-0.005165087282,-0.71569089008,0.111111438767,190158600.0,99.062001037598,0.22691577973,2.282142094203,24.506763065471,18.899248915754,-0.412200305176
2018-06-08,99.38,-0.412200305176,-0.000402747842,0.001901692184,-0.000175517588,0.001007252216,-0.656800801828,0.114424937007,185066099.99999997,99.138000488281,-0.311143479421,2.300713130406,17.653140528802,19.660762530939,1.050000305176
2018-06-11,100.43,1.050000305176,0.001294406582,0.0016358393,0.00015238805,-0.001292760541,-0.517925336317,0.116141706797,189079000.0,99.613999938965,0.390801729763,2.288570404053,29.179629903888,23.779844499387,-0.660003356934
2018-06-12,99.78,-0.660003356934,0.000300755835,0.001402805611,-0.000634594028,-0.000200400802,-0.447973748305,0.117711565188,183308899.99999997,99.747999572754,-0.228158239036,2.314998626709,22.349220244609,23.0606635591,-0.869996337891
2018-06-13,98.05,-0.869996337891,0.000101046471,0.002021835827,-0.001077165847,-0.008794985847,-0.436631117594,0.116792870368,175248499.99999997,99.682000732422,-0.315486342533,2.332141876221,14.827601929673,22.11881735939,-0.469998168945
2018-06-14,98.2835,-0.469998168945,0.008198354246,0.002448058548,0.000430634017,-0.000980890425,-0.491617741469,0.12126222629,167432300.00000003,99.202000427246,-0.380720254972,2.342141832624,0.994313717487,12.723711963923,0.4665
2018-06-15,98.6,0.4665,0.000202497651,0.004127064436,-0.000770734111,-0.002276751834,-0.424631111602,0.11979492243,172081000.0,99.088000488281,0.164045120559,2.152856009347,21.94685891447,12.589591520543,0.969999694824
2018-06-18,98.925,0.969999694824,-0.004218119617,0.002045454545,0.000503037858,-0.000757575758,-0.306073823891,0.114959963966,192887200.0,98.916000366211,0.223294637454,2.029999324254,36.460123927289,19.800432186415,-0.444996643066
2018-06-19,97.7,-0.444996643066,-0.005991104256,0.001991521095,0.000123106248,-0.001940954132,-0.282601896415,0.107566103997,186461600.0,98.658001708984,-0.323250360958,1.929999760219,17.168158558693,25.191713800151,0.31000213623
2018-06-20,98.39,0.31000213623,0.002142629118,0.001920484626,0.000217447415,0.001730808389,-0.279747321005,0.09668739798,180933299.99999997,98.478001403809,0.048777533142,1.777142660958,25.899335851959,26.509206112647,-0.14
2018-06-21,97.02,-0.14,-0.005496192524,0.002184525637,-0.001206396899,-0.007061713233,-0.244016860388,0.080298932277,186776000.0,98.612001037598,0.017473862693,1.577142987932,31.807209859437,24.958234756696,-1.469996948242
2018-06-22,95.78,-1.469996948242,0.005337461963,0.002123672705,0.000361636267,-0.002914844889,-0.376620918379,0.06936228269,179551000.0,97.972001647949,-0.381318596501,1.681428636823,4.982833860548,20.896459857315,-2.29000213623
2018-06-25,94.26,-2.29000213623,-0.000213890721,0.002468237839,-0.000222558138,0.008236174992,-0.566081293355,0.078407344248,170096200.0,96.756001281738,-0.465144414515,1.741428920201,0.784281655147,12.524775125044,-1.209996948242
2018-06-26,93.11,-1.209996948242,0.003331515835,0.002309982862,3.6914691e-05,-0.002677806341,-0.676570789075,0.091691016641,164523100.00000003,95.670001220703,-0.079853440144,1.791429247175,10.579111607986,5.44874237456,-0.989997253418
2018-06-27,92.725,-0.989997253418,0.002605274171,0.001740038978,-0.000585572245,0.003951927241,-0.761499789802,0.107922356045,159406000.0,94.492001342773,-0.338652940932,1.799286433629,0.444454616921,3.935949293351,-1.21499786377
2018-06-28,91.355,-1.21499786377,-0.001857783787,0.002036785636,0.000309438397,0.00016422159,-0.803798603898,0.113445292126,153573000.0,93.14400177002,-0.226276322117,1.823571886335,0.41624259087,3.813269605259,1.075000305176
2018-06-29,93.26,1.075000305176,0.004435746309,0.002232766049,0.00072049515,0.004523912107,-0.717687301819,0.121984597177,160271900.00000003,92.520001220703,0.312515481117,1.845000675746,15.774119498356,5.544938902049,-0.609998474121
2018-07-02,92.59,-0.609998474121,-0.006368094523,0.002648055616,0.001554090898,0.005757114925,-0.598641538768,0.128857425956,167059800.0,92.352001953125,-0.039744943753,1.870715005057,19.763726549385,11.98469621287,0.520000610352
2018-07-03,93.2528,0.520000610352,0.00504780601,0.00165056636,0.000391540956,-0.003496473605,-0.448513141093,0.131966113363,170914300.00000003,92.364001464844,0.369855388179,1.875714983259,25.386332609978,20.308059552573,0.357200610352
2018-07-05,94.32,0.357200610352,0.009080210112,0.001888888889,0.001122303531,-0.001904761905,-0.283197711734,0.132522477471,173366700.00000003,92.662001037598,0.018676148777,1.842857905797,30.905093246094,25.351717468486,0.160003356934
2018-07-06,95.45,0.160003356934,0.007620592355,0.001709558824,0.000191026531,0.00262605042,-0.092771277352,0.128917632728,178110700.00000003,93.256001281738,0.014885190702,1.85071509225,40.507767068395,32.266397641489,1.469998168945
2018-07-09,97.97,1.469998168945,0.010936908873,0.001845784854,-0.00060691937,-0.000102061645,0.203816450476,0.125408898005,183978099.99999997,94.154000854492,0.418468379115,1.902143205915,69.90842985661,47.1070967237,-0.929999084473
2018-07-10,97.337,-0.929999084473,0.000721348868,0.002504273504,-5.7497952e-05,0.00233755535,0.40287538896,0.118263305317,189931200.0,95.032000732422,-0.321304014805,1.914285932268,71.281458130587,60.565885018531,1.502996337891
2018-07-11,96.41,1.502996337891,-0.026102734695,0.004277685435,-0.001143406404,0.001558279659,0.63666514654,0.115717134677,195051100.00000003,96.17799987793,0.392540079624,1.965714045933,91.876358483513,77.68874882357,-1.450000915527
2018-07-12,94.6672,-1.450000915527,-0.000421239637,0.00266687737,-0.000757259882,-0.002663295407,0.516032911547,0.111741519063,188821100.00000003,96.447999572754,-0.233301205521,2.127141680036,50.982823544761,71.380213386287,0.942800610352
2018-07-13,95.51,0.942800610352,-0.006798467961,0.001729829366,-0.000336835514,0.006003791869,0.467497374801,0.1100104044,193493100.00000003,96.673999023438,0.227956479612,2.025713239397,58.968100873229,67.275760967168,1.119997253418
2018-07-16,95.77,1.119997253418,0.001345388456,0.002299844961,-0.000330964875,-0.010129198966,0.489241667729,0.105909610133,197205500.00000003,96.615998840332,0.444830564683,1.971427372524,71.498773102004,60.483232506665,0.48
2018-07-17,96.479,0.48,0.000207757331,0.002826190723,0.000137924679,0.001131057383,0.463436704028,0.097991534164,193422000.0,96.457998657227,-0.155358595444,1.919998713902,66.830501826031,65.765791933755,-1.068996337891
2018-07-18,95.0922,-1.068996337891,-0.001467424942,0.001923375669,0.00017501869,-0.001866274798,0.37876919337,0.092523902111,188314499.99999997,95.77200012207,-0.22405163426,1.924284253802,56.511135723183,64.946803550406,-0.692198474121
2018-07-19,91.04,-0.692198474121,-0.012500003031,0.005257130603,-0.001269728008,-0.023804417757,0.249933524958,0.087832809859,182792600.0,95.660000610352,-0.389626611182,1.874284471784,44.103246142862,55.814961230692,-1.090003051758
2018-07-20,88.94,-1.090003051758,-0.013785413072,0.004240897306,0.000144072924,0.002592717845,-0.119934678824,0.092625365615,163045400.0,94.52799987793,-0.265512523692,2.219998495919,19.571008285591,40.061796717212,-0.029996337891
2018-07-23,88.73,-0.029996337891,0.002924243574,0.0026425928,-0.001323626059,-0.004934394976,-0.40359599417,0.105704278766,151253500.00000003,92.984001159668,0.050919187354,2.302855355399,17.637427733636,27.10389405403,0.670001525879
2018-07-24,90.385,0.670001525879,0.012416113998,0.002588774721,0.000100325382,-0.001381062866,-0.519794169313,0.114862369289,157570300.00000003,91.614001464844,0.092736851623,2.295712062291,21.657100188677,19.621845402634,1.155000915527
2018-07-25,92.17,1.155000915527,-0.005025115576,0.003109793588,0.000586315138,0.011967501098,-0.418454433394,0.116864558413,165535299.99999997,90.840000915527,0.287040797628,2.363568987165,39.212475908477,26.16900127693,0.950002746582
2018-07-26,93.48,0.950002746582,0.00891316771,0.003169345396,0.000469979014,-0.00500266099,-0.220862539279,0.115820987329,173029600.0,90.584001159668,0.432800903578,2.433569226946,52.173940251089,37.681172116081,0.460002441406
2018-07-27,90.18,0.460002441406,-0.027677305045,0.00778716882,0.00134873391,-0.012699802934,-0.021297921143,0.113293790035,179842000.0,91.382002258301,0.008277633451,2.39285496303,58.900765876551,50.095727345373,0.379997558594
2018-07-30,90.05,0.379997558594,0.001214671083,0.00226249035,-0.000331772178,-0.006837983898,-0.098944282755,0.117155770318,166936200.0,91.712001037598,-0.092104191543,2.659998212542,31.173068411047,47.415924846229,1.399996948242
2018-07-31,91.54,1.399996948242,0.002187037554,0.002154937261,-0.000438828538,-0.001200218221,-0.073543554228,0.118967863631,173402200.0,92.12200012207,0.192364719296,2.652141571045,43.668489240546,44.580774509381,0.690003356934
2018-08-01,93.77,0.690003356934,0.00065052105,0.002729006393,0.00017134214,0.016036406978,0.008261671437,0.119810379503,182094000.0,92.260000610352,0.230125985996,2.46142741612,52.545660949221,42.462406200271,0.140003662109
2018-08-02,94.74,0.140003662109,-0.00351402213,0.003093930327,0.001020419549,0.012395811071,0.178548455969,0.119788817534,187424400.0,92.418000793457,0.379895042624,2.50999886649,68.683998559867,54.966049583211,0.380002746582
2018-08-03,95.7262,0.380002746582,-0.00241803354,0.002808515123,0.00041939229,0.008812308989,0.364965724851,0.120261607156,193447600.0,92.654000854492,0.327164745368,2.547855922154,80.307433194749,67.179030901279,0.803798779297
2018-08-06,95.9885,0.803798779297,-0.002797023169,0.001715250364,-0.00039119587,-0.002820486183,0.563652474844,0.119375206582,198323699.99999997,93.848001098633,0.414455838725,2.581427437919,93.852068832921,80.947833529179,1.071497558594
2018-08-07,98.34,1.071497558594,0.002472753958,0.00282631038,0.000345177068,0.010688591984,0.702169963266,0.11942619137,203457900.00000003,94.970001220703,0.230316733411,2.579285212926,95.458707576072,89.872736534581,-4.280002441406
2018-08-08,93.1879,-4.280002441406,-0.005741026255,0.002911142002,-0.001094865004,-0.003551112062,0.56883654582,0.108534679182,194567000.0,95.336000061035,-0.326904888912,2.829999651228,62.98531258261,84.098696330534,0.542103356934
2018-08-09,93.6661,0.542103356934,0.005014334519,0.002787048832,-9.0878411e-05,-0.005667728238,0.441198844147,0.107703496648,190031900.00000003,95.3,0.093234404641,2.442142486572,60.138079572252,72.860699910311,1.803901220703
2018-08-10,96.28,1.803901220703,-0.001256968106,0.002444782381,0.000553598782,0.009753539591,0.454918562334,0.107454125817,196208000.0,95.369999694824,0.251812118983,2.40499986921,70.339881301052,64.487757818638,-0.479996948242
2018-08-13,96.325,-0.479996948242,0.00208765075,0.0015625,-1.9548022e-05,0.003385416667,0.46549965822,0.105432521341,200654800.0,95.224000549316,0.164807691134,2.410714285714,73.382098792184,67.953353221829,0.454998779297
2018-08-14,97.15,0.454998779297,-0.000619937584,0.00185483871,0.000144838268,0.004445822994,0.513978972008,0.106875353734,206574800.0,95.168000793457,0.22948257976,2.379999978202,83.611697332134,75.777892475123,-1.230001831055
2018-08-15,96.4417,-1.230001831055,0.0,0.001750729775,0.000234383019,0.005438907423,0.465075059069,0.107845701744,200994000.0,95.540000915527,-0.240055644695,2.321428571429,74.634657187173,77.209484437164,1.008296948242
2018-08-16,97.866,1.008296948242,0.004002046197,0.001974020661,0.001130698899,0.000981896287,0.509161027608,0.113895305084,207855500.00000003,96.283999633789,0.362102327037,2.332857404436,90.605413833351,82.950589450886,0.354001220703
2018-08-17,97.86,0.354001220703,0.0,0.001568010588,0.000268465678,-0.003665241295,0.55955863811,0.114992097262,214188400.0,96.833999633789,0.127592187203,2.077142987932,95.361379633806,86.86715021811,0.949997558594
2018-08-20,99.73,0.949997558594,0.00526266861,0.00258230142,-0.000239028383,0.004026980771,0.59850730432,0.110682164165,220495699.99999997,97.435998535156,0.121872213014,2.117857251848,95.652122998589,93.872972155249,-2.100002746582
2018-08-21,97.245,-2.100002746582,0.002355867698,0.002953198447,-1.4838589e-05,-0.006284488044,0.513917070671,0.101143311064,214323200.0,97.60599822998,-0.293836594468,2.222143445696,67.295539533369,86.103014055255,0.49499786377
2018-08-22,98.03,0.49499786377,0.001023106981,0.003276658828,0.000692726809,0.002249258767,0.437482931557,0.098028723947,217851600.0,97.969998168945,-0.041606582392,2.150714874268,66.168406422091,76.372022984683,-0.390000610352
2018-08-23,97.3216,-0.390000610352,0.000512116469,0.001749232344,-0.000134124891,-0.00387308086,0.35576891529,0.097756203649,214888300.00000003,98.007998657227,-0.077938332172,2.060715266636,64.809731614825,66.091225856762,-0.171598474121
2018-08-24,96.6859,-0.171598474121,-0.000102955595,0.001753988677,-0.001049536551,-0.004777148739,0.249329438811,0.09747787398,212750800.0,97.793998718262,-0.27630993638,1.984286717006,58.152152497049,63.043430177988,0.714101525879
2018-08-27,98.1,0.714101525879,0.007289518207,0.002304904293,0.000453202241,0.0,0.179628918794,0.084362896917,215746899.99999997,97.511999511719,0.130340608367,1.929285866874,61.548891345336,61.50359181907,-0.080003356934
2018-08-28,98.28,-0.080003356934,-0.002346416399,0.001874220268,0.000102523738,0.005010737294,0.159812294731,0.073201758481,218202899.99999997,97.589999389648,-0.039900983627,1.67142868042,69.972737346535,63.22459372964,-1.01999786377
2018-08-29,96.95,-1.01999786377,0.001747873383,0.001632443532,-2.373332e-05,-0.004620123203,0.083868791974,0.061431909673,214687500.00000003,97.494000244141,-0.157399409121,1.699285779681,56.065084575256,62.528904422376,0.630001831055
2018-08-30,96.995,0.630001831055,-0.00081985888,0.002313295035,-0.000149634805,-0.004975379565,0.045458685861,0.056076342657,218324600.0,97.482000732422,0.050890236795,1.63714327131,46.138243836329,57.392021919373,-0.204999084473
2018-08-31,96.02,-0.204999084473,-0.005579098155,0.002029506494,8.0802196e-05,-0.00238961039,-0.038353948476,0.053690740453,214890200.0,97.410000610352,-0.297372865514,1.618572235107,25.541116956984,42.581481789523,-0.039996643066
2018-09-04,95.2,-0.039996643066,-0.000104210626,0.002810546061,-1.943274e-06,-0.007919966653,-0.147419133763,0.054239856155,210187100.00000003,97.126000976562,-0.134120209814,1.567858014788,8.008712695586,26.562691162966,-0.640002441406
2018-09-05,94.239,-0.640002441406,-0.002326578113,0.001799130803,-5.3234149e-05,-0.001070595718,-0.305188054272,0.058122677728,205731000.0,96.434001159668,-0.363023310239,1.588572365897,7.804806640148,13.784878764239,0.951002441406
2018-09-06,94.53,0.951002441406,-0.004202137994,0.001775503745,-0.000162768382,-0.00274290537,-0.353690547174,0.054284699058,210919800.0,96.020001220703,0.372473880277,1.515715462821,18.048785931194,11.287435088976,-0.79000213623
2018-09-07,93.3,-0.79000213623,-0.000960063366,0.004881793914,0.001424792418,-0.003737319808,-0.463099591455,0.05423436004,205503500.00000003,95.252000427246,-0.217043575098,1.573572431292,12.768771994313,12.874121521885,0.869998168945
2018-09-10,94.76,0.869998168945,0.008601520694,0.00160423247,-0.000214791339,-0.002316277111,-0.48391526206,0.058234141541,209555200.0,94.72799987793,0.109146097496,1.575000762939,29.779817386255,20.199125103921,-0.940000305176
2018-09-11,93.6578,-0.940000305176,-0.001065854556,0.001720017072,0.000289370882,-0.000663679044,-0.496785889643,0.063662846694,206398400.0,94.295999145508,-0.386724583799,1.482857840402,31.267629542206,24.605406307591,-0.477799694824
2018-09-12,92.52,-0.477799694824,-0.008478224007,0.002335642386,0.000623583599,0.001407078688,-0.521376924017,0.071142092772,203759900.00000003,94.019999694824,-0.313084218767,1.460715157645,22.253551695696,27.766999541385,0.71999786377
2018-09-13,94.195,0.71999786377,0.001930505248,0.002523300561,0.000242513281,0.008457791339,-0.506164486259,0.077038841919,207064600.0,93.629998779297,0.233872397827,1.511429377965,23.098587913717,25.53992305054,2.135001831055
2018-09-14,95.9,2.135001831055,-0.000415248778,0.001946434959,0.000340209551,-0.004050264825,-0.272279882808,0.076233894946,211915299.99999997,94.147999572754,0.506918672902,1.666429792132,66.619779898656,37.323973169356,-0.219999694824
2018-09-17,95.33,-0.219999694824,-0.002926408637,0.001919496855,0.000746050775,-0.000733752621,-0.151654251984,0.073895464083,208469299.99999997,94.45,-0.198346688479,1.697859082903,57.464826863714,49.061064892029,0.040002746582
2018-09-18,95.45,0.040002746582,-0.000209754345,0.001490928159,-0.000348458943,0.001048767698,-0.086296636305,0.069280552831,204482099.99999997,94.760000610352,-0.003898830247,1.723573412214,53.098663128891,59.061089963754,-2.839999389648
2018-09-19,91.29,-2.839999389648,-0.009718189396,0.003598298986,-0.000613786689,-0.004579653255,-0.21516297701,0.073832748953,194241600.0,94.646000671387,-0.355636538529,1.870001656669,16.211903560923,42.258464517843,-0.270003356934
2018-09-20,90.91,-0.270003356934,0.004504544905,0.002616066543,0.000105588092,-0.005034475211,-0.383852794551,0.083006171812,185790200.0,94.202000427246,-0.177393387603,1.899287087577,8.458321449201,25.922962713005,1.770000305176
2018-09-21,92.92,1.770000305176,0.001834248688,0.002432836714,-0.001602679126,0.000753904146,-0.36037742442,0.083513566879,191781400.0,93.47200012207,0.263487267875,1.99428667341,36.247988029796,20.306071013307,-0.65999786377
2018-09-24,92.5,-0.65999786377,0.000433567251,0.001911375948,0.000359545443,0.002166847237,-0.349606739754,0.085145225866,181827900.00000003,92.788000488281,-0.223530628468,2.009286608015,31.000010167359,25.235439882119,0.919998168945
2018-09-25,94.42,0.919998168945,0.000642316304,0.003393476917,-0.000457151645,0.010055626872,-0.245735359623,0.082354262428,187738200.0,92.397999572754,0.286724940946,2.018572671073,50.333277376051,39.193758524402,-0.640001220703
2018-09-26,94.61,-0.640001220703,0.005438282607,0.001613214551,0.001298905133,0.003393785131,-0.139449134948,0.075649506842,193042099.99999997,92.631999206543,0.127577310853,2.02428654262,56.333287547577,45.888858363663,-0.429999694824
2018-09-27,94.25,-0.429999694824,0.001805034704,0.001372902314,3.82508e-05,-0.001059883413,-0.034350434257,0.070324421018,197698300.00000003,93.263999938965,-0.036961632166,1.94785799299,62.999979644448,56.555514856025,-0.110000610352
2018-09-28,94.1043,-0.110000610352,-0.001487140329,0.001217765957,0.000875039633,0.001109574468,0.036492865551,0.062233954129,194669699.99999997,93.555999755859,-0.107963242884,1.817858014788,62.333297719103,60.555521637043,0.475701831055
2018-10-01,94.44,0.475701831055,0.001691647596,0.001876663147,-0.000143763742,-0.002745512144,0.112701339128,0.056516630329,199197600.0,94.019999694824,0.226674702174,1.807144165039,69.666671741319,64.999983034957,0.56
2018-10-02,95.0,0.56,0.00357890882,0.002249737781,8.8123555e-05,-0.003566184183,0.186744130484,0.053977663926,202961400.0,94.336000061035,0.106132365439,1.833572387695,76.666641222574,69.555536894332,-0.769996643066
2018-10-03,95.395,-0.769996643066,0.00435101367,0.002005705833,0.000207255064,0.007977599324,0.179179752203,0.053720603945,196169200.0,94.426000976562,-0.285235753614,1.832143511091,63.833363840273,70.055558934722,0.61500213623
2018-10-04,95.66,0.61500213623,-0.002083163974,0.002463208433,0.000477532968,-0.001565598581,0.283188481896,0.056046385369,200966000.0,94.792001342773,0.352916267953,1.777857099261,90.483925335435,76.994643466094,-1.820003662109
2018-10-05,94.9494,-1.820003662109,0.00277069636,0.0018282678,0.000834455612,0.009026567481,0.198951256614,0.056012004397,196540600.0,94.732000732422,-0.372688509768,1.868571145194,55.48381459175,69.933701255819,-0.569402746582
2018-10-08,94.824,-0.569402746582,-0.003284568421,0.002324651855,0.001001698422,0.00801530775,0.173633815479,0.056110290981,200730700.00000003,94.691999816895,0.071824563728,1.939999171666,64.193511063349,70.053750330178,-0.014002441406
2018-10-09,93.99,-0.014002441406,-0.001054724994,0.002339891364,-0.000689937531,-0.007602153944,0.179157607123,0.056587412329,204036200.0,94.653999328613,0.236937432332,1.794999803816,71.129003269169,63.602109641423,0.579999694824
2018-10-10,94.07,0.579999694824,-0.00761342099,0.001683431007,5.570351e-06,0.002344166223,0.160556465362,0.056083842105,200410600.0,94.721998596191,-0.040225881467,1.741428375244,66.053507854381,67.125340728966,-0.989998168945
2018-10-11,92.07,-0.989998168945,-0.000859495375,0.003871326165,-0.000807937998,-0.01,0.047671364875,0.056343721787,195099800.0,94.135998535156,-0.147523721509,1.734285627093,24.301172295979,53.827894473176,-1.370003051758
2018-10-12,89.835,-1.370003051758,0.00011027714,0.006547238452,-0.00040450042,-0.009646125014,-0.175298292278,0.060586101503,185105400.0,93.507998657227,-0.284257681444,1.912142617362,15.593657665968,35.316112605443,0.855002441406
2018-10-15,89.64,0.855002441406,-0.001984786639,0.00309485424,-0.000215125509,-0.010159010601,-0.303930313301,0.064631329183,179395800.0,92.769999694824,0.007432581686,1.922856467111,23.246774347145,21.047201436364,-0.459999694824
2018-10-16,90.33,-0.459999694824,0.006727948779,0.002188572065,0.000479816076,0.006126085988,-0.461724492481,0.074624486705,174567900.00000003,91.644000244141,-0.460349691403,1.942142486572,3.636349223806,14.158927078973,1.580003662109
2018-10-17,91.9578,1.580003662109,-0.000979261927,0.002101285123,0.000103677865,0.001500762361,-0.357885507149,0.075538129409,178355000.0,91.112001037598,0.448022341948,2.047142573765,39.090952322088,21.991358631013,0.312196643066
2018-10-18,91.01,0.312196643066,-0.004551838997,0.003323188406,2.1701383e-05,-0.010760869565,-0.24593616613,0.072863224098,181212400.0,90.95,0.150965772071,2.093571254185,43.766187693349,28.831163079748,-1.109998474121
2018-10-19,89.075,-1.109998474121,-0.007119014225,0.002924042124,0.001049013956,-0.002072596908,-0.308432905137,0.079776321651,176790099.99999997,90.790000915527,-0.2889169447,2.226427895682,12.9870181325,31.948052715979,-1.104998779297
2018-10-22,88.09,-1.104998779297,0.006365778684,0.004190669829,4.2424322e-05,-0.004970066644,-0.448210463218,0.094021969789,169730700.00000003,90.246000671387,-0.307826520263,2.277142116002,0.0,18.917735275283,-3.820003356934
2018-10-23,84.205,-3.820003356934,-0.020054525683,0.008634051829,-0.000995492776,0.019677888109,-0.741034746255,0.126018603931,162109600.0,89.263999938965,-0.39361501833,2.502142224993,5.87783765417,6.288285262223,-1.245000915527
2018-10-24,82.98,-1.245000915527,-0.001446513355,0.003283075809,0.001074906896,0.001690004829,-0.960221786157,0.155996056494,154013400.0,87.473999023438,0.080111712675,2.553570883615,10.202650827804,5.360162827325,-3.569996337891
2018-10-25,79.97,-3.569996337891,0.012466916234,0.005506343284,0.00064518278,-0.005348258706,-1.262527172769,0.197473833452,145324300.0,84.902000427246,-0.418784891221,2.633570534842,0.929953821522,5.670147434499,1.760003356934
2018-10-26,80.5801,1.760003356934,-0.008687222375,0.004039496421,-0.001580494381,-0.005429523574,-1.223595251117,0.216903792731,154497800.0,83.268000793457,0.209981082584,2.734999520438,15.313091389564,8.815232012963,0.209900915527
2018-10-29,82.1567,0.209900915527,0.016833773919,0.003459756098,-0.0014134651,0.00191097561,-1.178080170465,0.234706407972,148316300.00000003,81.832000732422,-0.041764278862,2.783570970808,9.485424920812,8.576156710633,-0.796699389648
2018-10-30,81.87,-0.796699389648,0.007005895902,0.003691565971,0.000131103054,-0.000732332479,-1.031774977323,0.244684625995,152660200.0,81.250001525879,-0.102441302358,2.909999302455,13.019211603064,12.60590930448,-0.280003662109
2018-10-31,81.31,-0.280003662109,-0.00747632073,0.004384292418,0.001128562834,0.004075080267,-0.849312689285,0.251752473802,157903299.99999997,80.976000976562,-0.044966346904,2.934999193464,16.50138107101,13.002005864962,-3.460001525879
2018-11-01,78.2,-3.460001525879,-0.001798322317,0.004585971686,0.000646043701,0.006435006435,-0.90517277024,0.263482969652,143834800.0,80.663999938965,-0.382889458883,2.940713609968,0.749833448304,10.090142040793,2.009999084473
2018-11-02,82.195,2.009999084473,0.049495091211,0.010758641169,0.000201829157,-0.023696400998,-0.71612969351,0.267240172046,154506499.99999997,80.359999084473,0.416461169827,3.009999411447,18.175710386831,11.808974968715,-2.635002441406
2018-11-05,80.125,-2.635002441406,-0.001382612038,0.00414671036,0.001357922576,0.009894126544,-0.573955112557,0.267292081671,141725000.0,80.113998413086,-0.372557122439,3.30642754691,13.816210948966,10.913918261367,2.455001831055
2018-11-06,84.06,2.455001831055,0.001816438878,0.003437989635,-0.000272849635,0.013137278534,-0.233090467181,0.254391537935,152040600.0,80.357998657227,0.37081152074,3.432141985212,34.071097136104,22.0210061573,-0.399996337891
2018-11-07,85.74,-0.399996337891,0.005857014611,0.002554842543,-3.8277051e-05,0.01889483066,0.091165410059,0.236657929425,159986099.99999997,80.77200012207,0.253661900032,3.456427982875,41.342302220554,29.743203435208,1.219999084473
2018-11-08,87.94,1.219999084473,0.001954900767,0.00204913328,-0.00021298624,0.009528182757,0.529480224581,0.221614616438,170364099.99999997,82.594000244141,0.47387746584,3.483570643834,75.740598092146,50.384665816268,-0.209996643066
2018-11-09,87.87,-0.209996643066,0.0011398435,0.001628145281,-0.000747091375,0.000455425253,0.853642867245,0.21478937357,179697299.99999997,84.098001098633,0.126147380366,3.535713740758,83.783817552494,66.955572621731,0.920000915527
2018-11-12,89.53,0.920000915527,-0.000450511489,0.002589183099,0.000234032196,0.008788732394,1.105825067975,0.209590627255,188867100.00000003,85.94400177002,0.254748037245,3.317142486572,92.465206889,83.996540844547,0.160002441406
2018-11-13,90.14,0.160002441406,0.003456322334,0.003793555556,0.002060103952,0.001555555556,1.286940542478,0.21092405161,198211800.0,87.36600189209,0.345879432146,3.195714133126,98.38581953932,91.544947993605,-1.919998779297
2018-11-14,88.51,-1.919998779297,0.009408318064,0.003568220101,-0.000912791629,-0.006064008984,1.259837160974,0.199492123522,190974600.0,88.278001403809,-0.316899985558,3.110714503697,80.119607028794,90.323544485705,-0.200002441406
2018-11-15,87.6608,-0.200002441406,-0.007700150877,0.004382060938,-0.000197324073,0.000351477804,1.200331014462,0.185267047766,198242800.0,88.548001098633,-0.108721913614,3.051429203578,80.792225536701,86.432550701605,2.479199389648
2018-11-16,90.01,2.479199389648,-0.00454843616,0.003750139307,-0.001399737799,0.003120472529,1.231942141537,0.186136968836,208608499.99999997,89.030000305176,0.313856665467,3.196429116385,94.469372073113,85.127068212869,1.519998779297
2018-11-19,91.01,1.519998779297,-0.002622067814,0.002019498302,-0.001278716598,-0.003067148647,1.288118929724,0.197763378733,217299600.0,89.57799987793,0.336722951945,3.16571535383,96.75861226434,90.673403291385,-1.529996643066
2018-11-20,89.42,-1.529996643066,-0.005364364539,0.003966366704,0.000102638581,0.005849268841,1.134279802268,0.204409382374,211327900.00000003,89.536000061035,-0.262137049693,3.200000762939,80.727805340073,90.651929892509,-1.330003662109
2018-11-21,88.31,-1.330003662109,0.004654372564,0.002629152542,-0.000596982319,-0.002146892655,0.896404933775,0.206042415064,205955000.0,89.509999084473,-0.235446522292,3.057143620082,71.361178911735,82.949198838716,-2.159998474121
2018-11-23,85.49,-2.159998474121,-0.006384248892,0.003156074766,0.00156170521,-0.001285046729,0.581185860276,0.196383392232,199422499.99999997,89.07799987793,-0.324783918384,3.075714656285,54.418280887048,68.835755046285,0.139997253418
2018-11-26,86.7272,0.139997253418,0.008875419369,0.003031485126,0.000415290143,0.00390322954,0.323309080933,0.192133872338,197809699.99999997,88.175999450684,0.018725013887,2.789286477225,48.661061655446,58.146840484743,-0.48720213623
2018-11-27,85.84,-0.48720213623,-0.000231872026,0.002818371608,0.000509730802,-0.004407330086,0.186269052485,0.18475449615,203037600.0,87.117999267578,-0.024937599498,2.609286172049,39.182460449506,47.420600997333,1.840000305176
2018-11-28,87.52,1.840000305176,0.004105846363,0.001784643344,0.000693224743,-0.005906406179,0.184695256215,0.178815472248,207375900.00000003,86.757998657227,0.344364036871,2.6292855399,43.170758933691,43.671427012881,1.420002441406
2018-11-29,88.58,1.420002441406,0.000787043995,0.001788001348,0.000953414342,-0.004830917874,0.256203414045,0.173699332097,211329500.00000003,86.92799987793,0.200992448773,2.54642868042,54.301125431725,45.551448271641,1.330003662109
2018-11-30,90.105,1.330003662109,0.003892764541,0.002067028584,0.001174620443,-0.001717261245,0.350678228739,0.149177139096,215167500.00000003,87.680000305176,0.239382047745,2.490714481899,67.338785337169,54.936889900862,4.164996643066
2018-12-03,93.95,4.164996643066,0.00053042382,0.003988617279,-0.001873895441,-0.003905918675,0.670137661001,0.147077973897,227199200.0,89.408000183105,0.479019017289,2.664285387312,99.999999989328,73.879970252741,-0.289996337891
2018-12-04,94.465,-0.289996337891,0.002775939533,0.003976851655,-0.00031534011,0.005845649304,0.795166228977,0.130268341644,220525299.99999997,90.892001342773,-0.163539948498,2.700714111328,89.205727164691,85.514837497063,-3.914996948242
2018-12-06,89.9539,-3.914996948242,-0.00938714605,0.004953400223,-0.003051560669,0.002830546265,0.630418102721,0.115682788465,213516899.99999997,91.46600189209,-0.342613345563,2.836428506034,56.051592251816,81.752439801945,0.376101831055
2018-12-07,89.39,0.376101831055,-0.004428224485,0.004264983876,0.00250400581,-0.006004670299,0.475676086545,0.102564859144,204782600.0,91.74400177002,0.113488489171,2.867142813546,53.869040855808,66.375453424105,-2.430000915527
2018-12-10,86.591,-2.430000915527,-0.003334877169,0.00305192108,0.0004745469,-0.000911503404,0.13320763808,0.102564859144,198044899.99999997,91.154000854492,-0.388219737091,2.840714045933,20.436480001848,43.452371036491,1.019000610352
2018-12-11,88.52,1.019000610352,0.011528388645,0.002251889453,-0.001195924581,-0.00146644106,-0.052727665256,0.102750526471,203274300.00000003,89.822001647949,0.162012425558,2.874999455043,28.998080154322,34.434533670659,-0.350001831055
2018-12-12,89.275,-0.350001831055,0.013043002719,0.003544558889,0.000802783401,-0.000503806538,-0.136427655842,0.103178271837,208372400.0,88.724000549316,-0.065171117787,2.842856815883,34.393044461777,27.942534872649,-0.675001525879
2018-12-13,89.78,-0.675001525879,0.008690793293,0.002893924136,0.00050389602,0.00458766924,-0.159646016001,0.103135649595,212557500.00000003,88.333999633789,-0.188681199653,2.853571210589,38.535627340965,33.975583985688,-2.070000915527
2018-12-14,86.68,-2.070000915527,-0.010375054637,0.003441959654,-0.001489034661,-0.000806916427,-0.227613948327,0.103713376679,208478899.99999997,87.809999084473,-0.301859626793,2.797142573765,29.961456137671,34.296709313471,-1.069999389648
2018-12-17,84.81,-1.069999389648,-0.006307684986,0.002620900435,0.000201962724,-0.003056306571,-0.396767590782,0.109196640617,203017299.99999997,87.539999389648,-0.27390990308,2.86714226859,9.730266483839,26.075783320825,0.120000305176
2018-12-18,84.88,0.120000305176,0.006240418903,0.00390533583,-0.000622562222,-0.006786800842,-0.528949883238,0.115468184441,197059100.00000003,87.003999328613,-0.010341585108,2.912856510707,6.771826742861,15.487849788124,-1.299998168945
2018-12-19,84.88,-1.299998168945,0.008973438425,0.004580339144,0.000746138305,0.006521996917,-0.672582169701,0.122123005242,191770499.99999997,86.086000061035,-0.331995861989,2.948570796422,6.403930703527,7.635341310076,-1.360003356934
2018-12-20,83.26,-1.360003356934,-0.00634577108,0.002919749367,0.001669380794,0.003253404025,-0.732004340113,0.130523941719,186259699.99999997,85.069999694824,-0.089108504723,3.037856510707,7.05592042108,6.743892622489,2.110002746582
2018-12-21,86.4,2.110002746582,-0.008668214471,0.007869549805,0.00194371282,0.020914569302,-0.611969388391,0.133224637817,195713000.0,84.602000427246,0.316221325146,3.187856401716,23.54812375577,12.335991626793,-1.480001831055
2018-12-24,84.81,-1.480001831055,-0.000824301653,0.004878440638,0.001162391916,0.001890135854,-0.531133126098,0.135526898207,179668300.00000003,84.463999938965,0.058736280076,3.265713827951,19.968134984679,16.857393053843,-0.649996337891
2018-12-26,86.2,-0.649996337891,0.006891565784,0.003554401699,-0.000218780431,0.017229171584,-0.497675686635,0.138902157756,174570400.0,84.310000610352,-0.104605143712,3.33285685948,13.922036931961,19.14609855747,2.840000915527
2018-12-27,88.73,2.840000915527,-0.012241733559,0.003822626492,-0.001229355752,0.008868675384,-0.134602868056,0.13853488684,180795400.0,85.402000427246,0.506086412813,3.357856205532,82.156102891164,38.682091602601,1.180003662109
2018-12-28,91.0,1.180003662109,0.002001920459,0.003596292596,0.000196467163,0.010101010101,0.16043191316,0.140041484701,188068200.0,86.680001831055,0.336291991926,3.335712977818,96.649552940103,64.242564254409,0.120002746582
2018-12-31,92.17,0.120002746582,0.005267731706,0.003022144649,-0.000366069698,0.005454347115,0.418687675127,0.143363533907,194105900.00000003,87.830001831055,0.198099367413,3.260712759835,83.669571595067,87.491742475445,0.020002441406
2019-01-02,89.83,0.020002441406,-0.010304854675,0.004367492328,-0.000483824578,-0.015453748356,0.63046415868,0.148263604447,199828000.0,89.284002685547,0.17716076029,3.159998212542,92.43860244118,90.91924232545,-0.599996643066
2019-01-03,88.29,-0.599996643066,-0.006612170179,0.004134363718,0.000715632389,-0.003948555957,0.543384595135,0.134043296792,192919600.0,90.298002624512,-0.337957825947,3.230712890625,64.461280074326,80.189818036857,-1.999999084473
2019-01-04,86.43,-1.999999084473,0.01691967863,0.004239316239,-0.000398764908,-0.015042735043,0.273590361323,0.119951457444,185266400.0,89.748002624512,-0.416224006108,3.312855856759,36.672961998811,64.524281504772,2.639999694824
2019-01-07,89.53,2.639999694824,0.011227124772,0.003061951815,0.00049156286,-0.00599533696,0.267830718673,0.11680702518,194177000.0,89.580001831055,0.246075822938,3.330713544573,62.948957297541,54.694399790226,0.840002746582
2019-01-08,91.42,0.840002746582,0.009184399429,0.002927302632,0.001459872597,0.002412280702,0.332804462373,0.116914985108,201458499.99999997,89.430001831055,0.104785715802,3.263571058001,75.236327468603,58.286082254985,-0.629999084473
2019-01-09,90.89,-0.629999084473,0.000991258255,0.002675237991,-0.000910337875,-0.005471058103,0.381788106836,0.121463715242,208936800.0,89.150001525879,-0.09742989036,3.209999629429,79.206066590386,72.46378378551,-3.080002441406
2019-01-10,87.57,-3.080002441406,0.000797172267,0.002075431143,0.000262270435,-0.003527537551,0.200331336611,0.1214671015,198964899.99999997,88.866000366211,-0.368207308823,3.297857012068,51.039667820675,68.494020626555,0.629996948242
2019-01-11,87.87,0.629996948242,-0.007482948476,0.002047978067,-0.000301297607,0.003769705278,0.098560349279,0.12148031996,205492600.0,89.247999572754,0.100886581366,3.162856510707,54.72586444969,61.65719962025,0.439997558594
2019-01-14,86.53,0.439997558594,-0.01517377845,0.001990456479,0.000112574789,-0.005059215822,0.033976363278,0.12127991404,210810700.00000003,89.095999145508,0.504359622634,2.92714200701,52.09824039174,52.621257554035,-1.76999786377
2019-01-15,84.88,-1.76999786377,0.002005641395,0.002057903895,-4.7335177e-05,-0.000588720122,-0.237563766849,0.12490563945,204442200.0,87.973999023438,-0.43093416658,2.807856423514,12.353607426904,39.725904089444,0.62
2019-01-16,86.3113,0.62,0.001871387861,0.003133706903,0.000427334022,0.007603315433,-0.350266611193,0.125097706465,211737699.99999997,86.915998840332,0.23889956254,2.692856379918,12.295116382549,25.582321400398,-0.761296948242
2019-01-17,85.67,-0.761296948242,-0.000116915674,0.002310308555,-0.00026357006,0.001285647499,-0.400740781156,0.12383146814,216664700.00000003,86.463999938965,-0.053016933613,2.407857077462,12.880632148257,12.509785319237,1.529996948242
2019-01-18,87.625,1.529996948242,0.014334862887,0.002532843414,-0.000477044788,-0.009327303561,-0.30654423705,0.11635109974,223103400.0,86.263999938965,0.378653284326,2.350714547294,32.201401696316,19.125716742374,1.875
2019-01-22,88.95,1.875,-0.007150831169,0.002706504614,-0.000635077028,0.001012829169,-0.084428088524,0.108384000089,229293400.0,86.502000427246,0.198960720706,2.347857883998,59.133518849917,34.73851756483,-0.289996337891
2019-01-23,88.6,-0.289996337891,0.002030145143,0.002946278317,-0.000315205355,-0.002673420571,0.006026897557,0.104724367799,223628800.0,87.282000732422,-0.060258452186,2.328572409494,53.630617069781,48.321845872005,-0.150003051758
2019-01-24,88.34,-0.150003051758,-0.001356643542,0.00290756255,0.000852650777,0.000113211819,0.049408147395,0.098768275507,218659500.00000003,87.87200012207,-0.114485774831,2.172143663679,50.955374387531,54.57317010241,-2.460002746582
2019-01-25,81.6325,-2.460002746582,-0.039240745517,0.012455096352,0.001747881782,-0.010635074536,-0.089711475308,0.092206821145,210286899.99999997,87.937998962402,-0.347320954623,2.186429159982,18.216550231129,40.934180562814,-1.092499084473
2019-01-28,79.0441,-1.092499084473,-0.006704754276,0.002797076096,-5.4257905e-05,-0.012319130326,-0.512496472729,0.121877924358,188978300.00000003,86.605999755859,-0.290006844881,2.442143031529,8.624711525878,25.93221204818,-1.904100610352
2019-01-29,77.0328,-1.904100610352,-0.001425986663,0.003368646543,0.000207889737,0.000101265823,-0.965940323477,0.163394661762,174259500.00000003,84.133999633789,-0.395961491954,2.597142900739,2.944936002293,9.928732586433,0.437201220703
2019-01-30,77.68,0.437201220703,0.002839824671,0.001686574849,-0.000177375844,-0.000128716695,-1.174588599936,0.188050001874,188168499.99999997,81.895999145508,0.107475820575,2.630000523158,10.883510106295,7.484385878156,1.379997558594
2019-01-31,78.785,1.379997558594,-0.001391356106,0.002067594937,-0.000529173403,-0.002721518987,-1.135779034617,0.194872158098,197445699.99999997,80.017999267578,0.323930495864,2.507143293108,23.466475839491,12.43164064936,1.505000915527
2019-02-01,79.25,1.505000915527,-0.000498205444,0.003956386293,-0.001007312374,-0.01246105919,-0.964287390543,0.201102097934,209009600.0,78.9,0.273884518594,2.567143576486,32.239678278965,22.196554741584,1.25
2019-02-04,80.0399,1.25,-0.00248443414,0.001871481943,0.000124478417,-0.003239103362,-0.781519549076,0.208335395525,215769100.00000003,78.891999816895,0.087222491821,2.627858298165,33.737531491964,29.81456187014,-1.509901220703
2019-02-05,79.1,-1.509901220703,0.000382004072,0.002823437942,0.000334346896,0.006361323155,-0.73860628326,0.216530735396,205563500.00000003,79.169999694824,-0.293537747985,2.567858559745,19.686171861267,28.554460544065,0.590002441406
2019-02-06,79.3007,0.590002441406,-0.001129426083,0.002301974594,-0.001129016552,-0.002632373286,-0.58416770785,0.2145505388,213529000.0,79.613999938965,0.318611867745,2.611429486956,27.960089896407,27.127931083213,-0.220698168945
2019-02-07,78.43,-0.220698168945,-0.009231200557,0.002607530313,-0.000586943323,0.001021059349,-0.479549255557,0.209177316774,208621800.0,79.618000793457,-0.229407465655,2.622857775007,23.609159622397,23.75180712669,0.739998168945
2019-02-08,79.055,0.739998168945,-0.001768338927,0.001378463874,5.7229257e-05,0.000316335569,-0.365876203726,0.209762986094,214499299.99999997,79.394000244141,0.299684189745,2.561429159982,24.251073391717,25.273440970174,0.614998168945
2019-02-11,80.08,0.614998168945,0.002761406122,0.001159093754,-0.000723776467,0.002378270121,-0.225487451786,0.20593966018,219098200.0,79.22799987793,0.3359837963,2.425714765276,28.69757459218,25.519269202098,-0.310003356934
2019-02-12,79.135,-0.310003356934,0.002757944465,0.003215679738,0.001500535971,-0.010688836105,-0.100726458335,0.199137770472,223901699.99999997,79.475999450684,-0.053076460157,2.383572169713,29.607693317656,27.518780433851,0.795000305176
2019-02-13,80.865,0.795000305176,0.005129438648,0.002654344038,0.000931095527,0.006534727409,0.011758148308,0.199284130715,230521800.0,79.523999023438,-0.009658010002,2.381429399763,32.833478752836,30.379582220891,-0.074999084473
2019-02-14,80.4905,-0.074999084473,-0.004208490697,0.001860230647,-6.8848106e-05,0.000503418272,0.155296895298,0.196319050827,234759000.0,79.865998840332,0.224823626457,2.241429465158,73.39183274947,45.277668273321,0.029496643066
2019-02-15,81.46,0.029496643066,0.007575765472,0.00264920498,0.000575656503,0.004067545914,0.238307012775,0.192621100692,231322700.00000003,80.135998535156,0.042419455545,1.857143947056,85.585538509564,63.936950003957,-0.610001525879
2019-02-19,80.73,-0.610001525879,-0.004328985538,0.001851552795,-0.000961987105,0.002857142857,0.316775268297,0.182200877104,237618099.99999997,80.371998596191,-0.081385322667,1.691429138184,85.666131007854,81.547834088962,-0.210003356934
2019-02-20,80.37,-0.210003356934,0.000124219283,0.00135191854,0.000102200316,-0.001986837204,0.345441450379,0.156202078787,231943400.0,80.521998596191,0.015761068014,1.61285672869,74.999959574127,82.083876363848,-0.38000213623
2019-02-21,79.13,-0.38000213623,-0.003125390757,0.00197416604,0.000138664492,-0.007649862052,0.327839260073,0.127540167535,226379299.99999997,80.53399810791,-0.175805800937,1.559285300119,59.090933966053,73.252341516011,-0.38
2019-02-22,78.555,-0.38,0.005206395709,0.002743686869,-1.2755232e-05,-0.008143939394,0.236101991351,0.087385292275,220018499.99999997,80.125997924805,-0.26198719241,1.508571079799,29.425915474607,54.505603004929,1.464996643066
2019-02-25,80.1475,1.464996643066,0.005498656084,0.002413621675,0.000610172764,-0.003883917475,0.262351172353,0.052212522029,225041200.0,80.025997924805,0.232694985996,1.53214263916,59.808608059343,49.441819166667,0.142500915527
2019-02-26,80.5,0.142500915527,-0.001120986004,0.001570199501,0.000314844437,0.003740648379,0.296760820505,0.051704564274,230553000.0,79.913998413086,-0.110254445775,1.372142791748,63.753309650781,50.99594439491,0.01000213623
2019-02-27,79.48,0.01000213623,-0.00459573639,0.002333957319,0.000111247906,-0.008111818295,0.33061402487,0.043523820962,234836099.99999997,79.911999511719,0.189742793645,1.300714765276,69.408868909531,64.323595539885,-0.069996337891
2019-02-28,79.045,-0.069996337891,0.000629585947,0.001617669268,0.000160225554,-0.005222753587,0.277350987135,0.034403759832,230660600.0,79.796000671387,-0.263950008625,1.344286237444,41.131268744207,58.097815768173,0.19499786377
2019-03-01,79.62,0.19499786377,0.006688525916,0.002115582299,-0.000254883523,-0.001880406168,0.230995133958,0.03389792512,224349800.0,79.894000244141,-0.108526537193,1.312143053327,31.666663125742,47.402266926493,0.479998474121
2019-03-04,80.68,0.479998474121,0.003745356523,0.001765298507,-0.00027760016,0.003482587065,0.256604738755,0.033661562972,232917699.99999997,79.910000610352,0.114896392871,1.357857295445,55.555579087647,42.784503652532,-1.220000915527
2019-03-05,79.15,-1.220000915527,-0.001006818927,0.002548826646,-0.000644297185,-0.001387837497,0.229667050775,0.033109228912,227045200.0,79.744000244141,-0.279929892644,1.401428767613,37.777810733817,41.666684315736,-0.239996337891
2019-03-06,78.92,-0.239996337891,0.002787904969,0.002043472766,4.7315974e-05,-0.002653860735,0.176426241068,0.031382114038,221112099.99999997,79.424000549316,-0.191672901179,1.375,22.500153641344,38.61118115427,-0.830003662109
2019-03-07,77.93,-0.830003662109,-0.004097832115,0.001880554842,0.000674996568,0.000899049576,0.091856475592,0.037007993467,215818899.99999997,79.159999084473,-0.321158044783,1.387857164655,12.801904765833,24.359956380331,0.30999786377
2019-03-08,77.815,0.30999786377,-0.007285272372,0.002038882451,-0.000934729139,0.001866872666,0.053777953639,0.040122741549,222461400.0,78.959999084473,0.150617488755,1.431428636823,18.779259477724,18.027105961633,-0.234998168945
2019-03-11,77.5699,-0.234998168945,-0.000128926734,0.001915571023,0.001621345168,-0.000130188193,-0.004979341237,0.046482928642,216272300.00000003,78.455999755859,-0.041243523942,1.40357208252,11.061071315976,14.214078519844,0.510101831055
2019-03-12,78.36,0.510101831055,0.005122970242,0.001680056108,0.000127338827,-0.000765110941,0.000422049893,0.049683806989,224350400.0,78.180000305176,0.251852960415,1.385715484619,26.260062889935,18.700131227878,0.37999786377
2019-03-13,78.57,0.37999786377,0.00228600851,0.001957678662,0.000351542656,-0.004434870755,0.055963323694,0.050460543457,230479200.0,78.145999145508,0.126185426608,1.359286717006,43.766569112246,27.029234439386,0.360000305176
2019-03-14,79.07,0.360000305176,0.000886857906,0.001208157525,7.6495038e-05,0.000886075949,0.109898294491,0.050613685765,236463699.99999997,78.313999938965,0.011633694766,1.306429726737,48.806415956553,39.611015986244,0.879996948242
2019-03-15,79.685,0.879996948242,0.001375867599,0.001986884836,-0.001034293376,-0.00468398701,0.212716915881,0.048513512962,242625500.00000003,78.655999755859,0.25113822209,1.309286390032,75.861999162299,56.144994743699,1.654996337891
2019-03-18,81.24,1.654996337891,0.0,0.002310671256,-0.000410109929,-0.001229407426,0.363912826409,0.051763136816,255376600.0,79.407998657227,0.286785871047,1.424285888672,97.253943429477,73.974119516109,-0.589998474121
2019-03-19,80.3443,-0.589998474121,-0.003967758075,0.003008589568,0.001469441261,0.000178015685,0.403934943427,0.051092484642,249826499.99999997,79.921998596191,-0.225578457291,1.469285692487,76.394901063509,83.170281218428,0.475699694824
2019-03-20,80.35,0.475699694824,-0.00123729862,0.002154980178,0.000477925877,-0.004583746283,0.426139548462,0.052031711893,256162000.0,80.337998962402,0.148652061889,1.474285670689,80.042927572395,84.563924021793,0.080000305176
2019-03-21,79.92,0.080000305176,-0.006838282353,0.002269307924,-0.000536211322,0.002006018054,0.399303485917,0.052849652229,250801100.00000003,80.637998962402,-0.16530341282,1.466429029192,71.673848536345,76.037225724083,1.31999786377
2019-03-22,81.4766,1.31999786377,-0.005662224232,0.002805104696,0.000307102676,0.009498203444,0.418807382162,0.055551675052,255960300.00000003,80.895999145508,0.344325116107,1.49785723005,89.055756731097,80.257510946613,-1.71659786377
2019-03-25,80.0,-1.71659786377,-0.003259806034,0.002220125786,0.000170216469,0.006289308176,0.319237271934,0.05537692459,250967800.0,80.580000305176,-0.20732061621,1.546428135463,54.489897272349,71.73983417993,-0.48999786377
2019-03-26,80.14,-0.48999786377,0.004276145501,0.001875266124,0.000243233593,0.003631809643,0.228021358524,0.054780446576,246959400.0,80.352000427246,0.013318410552,1.578570774623,49.387858045858,64.311170683101,0.62000213623
2019-03-27,80.62,0.62000213623,0.002971741672,0.00167691358,0.000343829416,-0.004691358025,0.242030171666,0.055423296681,251881299.99999997,80.340000915527,0.335945331714,1.586427961077,74.898054178311,59.591936498839,-0.730000610352
2019-03-28,80.04,-0.730000610352,0.005507603514,0.001693887713,-0.000309461925,-0.003610108303,0.185412181444,0.05549405149,247875100.00000003,80.232000732422,-0.454991122473,1.55214200701,57.142901617447,60.476271280539,-0.080000915527
2019-03-29,80.56,-0.080000915527,0.001500784742,0.002138611389,0.000997704949,0.005994005994,0.147060855673,0.055462061276,250946099.99999997,79.976000976562,-0.180679895063,1.540713174003,56.991562397003,63.010839397587,0.029996337891
2019-04-01,80.5,0.029996337891,0.004839397404,0.002976166955,0.000627623478,-0.005927389479,0.157571715661,0.056272658529,258052000.0,80.141999816895,0.277104973492,1.533570425851,64.466919543766,59.533794519405,0.279998779297
2019-04-02,80.98,0.279998779297,0.001361730775,0.001657436024,-0.000531478309,0.001112622079,0.169718871607,0.057580307274,262811400.0,80.395999145508,-0.080665154511,1.537142072405,68.489577106674,63.316019682481,2.089999694824
2019-04-03,84.53,2.089999694824,0.006620958875,0.002983735948,-0.000464790376,0.01088256398,0.315885025173,0.067716235098,269167200.0,80.857998657227,0.421396431939,1.648570469448,91.732310054106,74.896268901516,-1.449998168945
2019-04-04,83.2,-1.449998168945,-0.000481474659,0.001643786127,0.000891274432,0.001926782274,0.392165257299,0.072544923685,275250700.0,81.495999145508,-0.127499810539,1.64499936785,73.892379647279,78.03808893602,-0.390002441406
2019-04-05,82.8,-0.390002441406,0.000120784163,0.002028495532,0.000872064181,-0.000241487563,0.401880433161,0.074293755058,270422800.0,82.065998840332,-0.079878046118,1.57071358817,69.620159940697,78.414949880694,0.649996948242
2019-04-08,82.91,0.649996948242,0.002995805981,0.002059378734,0.000316829332,-0.009438470729,0.426522976746,0.073712632244,274419100.0,82.637998962402,0.217655413661,1.573570796422,79.746733049099,74.419757545692,1.070003356934
2019-04-09,83.37,1.070003356934,-0.002500675226,0.001480243524,0.00051570302,-0.004774979109,0.451238275153,0.075383392558,277918300.0,83.27799987793,0.122020251133,1.533570970808,88.13291080543,79.166601265075,-0.679997558594
2019-04-10,83.15,-0.679997558594,0.006167547367,0.001353125,-0.000336014537,-0.000600961538,0.357526479221,0.072669248133,274205600.0,83.202000427246,-0.414133393756,1.578570774623,67.721502931792,78.533715595441,-0.200003051758
2019-04-11,83.03,-0.200003051758,0.003013863884,0.001801134468,0.000217414475,-0.002642642643,0.292601613684,0.070015097153,277847500.0,83.175999450684,-0.155555040552,1.48785672869,71.835340263268,75.89658466683,-1.260003356934
2019-04-12,80.43,-1.260003356934,-0.013452348285,0.002647204661,0.000605737826,-0.002975083674,0.15655930408,0.068025815672,268753300.0,82.967999267578,-0.341609361418,1.467856815883,53.164448459975,64.240430551678,0.349998779297
2019-04-15,81.21,0.349998779297,0.002228278137,0.002330780632,-0.000851484675,0.003087944664,-0.005157797415,0.068468376657,263741800.0,82.433999633789,0.040112539344,1.492142813546,24.47414832641,49.824645683217,-0.180001220703
2019-04-16,81.24,-0.180001220703,0.000987311271,0.001532363457,0.000767883629,0.001602761682,-0.09534436091,0.068015726846,267237299.99999997,81.843998718262,0.037736064979,1.45357131958,29.254259980081,35.630952255489,-1.030000915527
2019-04-17,79.6,-1.030000915527,-0.0013714077,0.00355380774,0.002183740745,-0.006242197253,-0.204036812004,0.069099895676,263612600.0,81.347998046875,-0.343582240557,1.459286281041,13.575499591136,22.434635965876,-1.619996643066
2019-04-18,77.99,-1.619996643066,0.001025829677,0.001871252882,-0.000211161966,-0.000896746093,-0.408148168667,0.078382832169,256795500.00000003,80.353999328613,-0.383008503424,1.578571864537,5.988861933695,16.272873834971,-0.420000305176
2019-04-22,78.25,-0.420000305176,0.000386731719,0.002263530928,-0.000319769919,0.00837628866,-0.544288498156,0.088761761543,249010600.0,79.513999938965,-0.165974929073,1.611428941999,9.595979542008,9.720113688946,-0.099998474121
2019-04-23,78.22,-0.099998474121,0.0,0.002359849293,0.000589083711,0.000895713372,-0.566268822271,0.09367970386,254369200.0,78.988000488281,0.182112831767,1.644286019461,16.919229622242,10.834690365982,0.440003662109
2019-04-24,79.2911,0.440003662109,0.007246372595,0.002260743541,0.000235239349,-0.000742281033,-0.518720197556,0.095964777543,264289800.0,78.514001464844,0.145649038684,1.587143489293,23.358645819045,16.624618327765,-0.621101831055
2019-04-25,77.86,-0.621101831055,0.017541692067,0.006481388958,-0.000288550159,-0.027479390457,-0.460811802733,0.099500257161,271346200.0,78.206001281738,-0.236172834853,1.530714307513,25.237447990936,21.838441144074,1.479996337891
2019-04-26,80.11,1.479996337891,0.004159337614,0.002909250659,-0.000273773486,0.005522781474,-0.356275583317,0.100436867779,281789100.0,78.47799987793,-0.077285037303,1.691428593227,34.328328848004,27.641474219328,-0.410003051758
2019-04-29,80.41,-0.410003051758,0.009535786265,0.002550211285,0.002431591617,-0.000621426796,-0.246965203993,0.100798921126,287579100.0,78.903999328613,0.019841419161,1.677143096924,40.194692738953,33.253489859298,-0.109996948242
2019-04-30,79.81,-0.109996948242,0.004732219663,0.002156668319,-0.000915975156,-0.010783341596,-0.124513230908,0.100969097831,294023600.0,79.333999633789,-0.068102009109,1.68142918178,50.071806046417,41.531609211125,-0.420000610352
2019-05-01,79.13,-0.420000610352,0.002645157905,0.001944095477,0.000576308181,-0.005904522613,-0.096325000965,0.102341396488,284656200.0,79.479998779297,-0.308236370306,1.719286237444,39.269436080712,43.178644955361,-0.240000610352
2019-05-02,77.97,-0.240000610352,-0.002028090176,0.003274898374,0.000600090558,-0.009527439024,-0.102312112588,0.100979494563,279424500.0,79.523999023438,-0.32499377469,1.740000588553,32.298152829233,40.546464985454,0.500001220703
2019-05-03,78.49,0.500001220703,0.003185930879,0.00183117378,-0.000247206042,-0.002921747967,-0.124067091976,0.099348950189,274218200.0,79.35,-0.102651569302,1.687858036586,33.200073235547,34.922554048498,0.219999084473
2019-05-06,78.07,0.219999084473,-0.012196659835,0.002216720257,0.000117946534,0.004115755627,-0.112162454501,0.09673873727,278745500.0,79.152000427246,-0.005598943083,1.586429595947,40.425524998744,35.307917021175,1.19000213623
2019-05-07,78.29,1.19000213623,-0.00832707096,0.002057633588,-0.000551681684,-0.003944020356,-0.059745234247,0.089126337317,284158700.0,78.944000244141,0.360082926027,1.660715375628,54.565736741773,42.730444992022,-0.340003051758
2019-05-08,77.4473,-0.340003051758,0.0,0.002307275862,0.000346445807,-0.006958584434,-0.103248518337,0.078078991359,279883400.0,78.655999755859,-0.166897729018,1.718572344099,27.338076839819,40.776446193446,0.54269786377
2019-05-09,77.17,0.54269786377,-0.006154580596,0.002825441878,0.000308518116,-0.00438653077,-0.118202842299,0.071309143455,283704100.0,78.475999450684,0.022804538859,1.640715462821,28.297330074759,36.733714552117,0.740003662109
2019-05-10,77.29,0.740003662109,-0.005904334389,0.001899806327,-0.000211690202,-0.002065848935,-0.121867700625,0.059455707684,279911900.0,78.363999938965,0.151842996898,1.640714917864,27.764713056427,27.800039990335,0.159996948242
2019-05-13,76.51,0.159996948242,-0.014848210998,0.001729095675,0.000587640897,0.002752293578,-0.142238172284,0.053619763877,275180100.0,78.111999511719,0.013621695891,1.690000806536,34.141678972658,30.067907367948,0.360002746582
2019-05-14,77.55,0.360002746582,0.003772614871,0.002054173147,-0.000413793887,0.005054432348,-0.179344676546,0.053730667972,271321700.0,77.633999633789,0.259561267348,1.645000457764,23.320892862451,28.409094963845,0.890002441406
2019-05-15,78.05,0.890002441406,0.000892397917,0.002544478441,-0.000312317546,-0.004971953085,-0.087379467052,0.046233813074,277686900.0,77.732000732422,0.286229460459,1.740715026855,52.611928604111,36.691500146407,0.729998779297
2019-05-16,79.36,0.729998779297,0.002538773556,0.003090079818,-2.4318965e-05,0.005447865197,0.002367638596,0.042144461516,282482600.0,77.890000915527,0.091436532248,1.605715070452,58.95514313977,44.962654868777,0.14
2019-05-17,78.28,0.14,-0.012201273216,0.002953520947,-0.00138908717,-0.003183496753,0.110265415679,0.042970710643,287887300.0,78.208000183105,0.140280294791,1.657857622419,72.388000202851,61.318357315577,1.179999084473
2019-05-20,79.1836,1.179999084473,-0.005537408086,0.002369526702,0.000949822548,0.002070361934,0.175130624198,0.042119736286,283130900.0,78.610000610352,0.238690190469,1.71357182094,74.853769845269,68.732304395963,0.636399694824
2019-05-21,80.605,0.636399694824,0.006389402884,0.002018299515,-1.5445453e-05,0.003423378563,0.23475151579,0.043394129028,287526400.0,79.2,0.279542914014,1.675714220319,81.871329358415,76.371033135511,0.274997253418
2019-05-22,80.34,0.274997253418,-0.00457461832,0.002500496524,0.000775058802,-0.002730883813,0.332097069204,0.049400260044,292368300.0,79.687998962402,0.240343607112,1.719285692487,89.455730661844,82.060276621842,1.249996337891
2019-05-23,80.5,1.249996337891,-0.014707648022,0.002787535763,0.000767881114,0.001368329394,0.424891693677,0.057887322012,296587800.00000006,80.249998474121,0.300227833891,1.760714394706,97.38982488134,89.572294967199,0.650001525879
2019-05-24,80.75,0.650001525879,-0.000739435451,0.002256751757,0.000375905958,-0.004192872117,0.435611098511,0.062533208169,293288700.0,80.579998779297,0.298149149008,1.814999716622,90.212092269884,92.352549271022,-0.690002441406
2019-05-28,79.6,-0.690002441406,-0.00074940745,0.002803625,9.1980822e-05,-0.005,0.351850505265,0.063093476052,289416000.0,80.699998474121,-0.411018432557,1.750713893345,72.430616650142,86.677511267122,-1.570001220703
2019-05-29,77.25,-1.570001220703,-0.005895156884,0.002894160113,-0.000787896529,-0.004125306175,0.152472336931,0.062803898207,282858200.0,80.341998291016,-0.437866090443,1.757142203195,39.314797914109,67.319168944712,0.809997558594
2019-05-30,78.455,0.809997558594,0.005892891351,0.001819493972,-0.000470888987,-0.00082781457,0.022195761821,0.063628628027,287040400.0,79.777998352051,0.215184450276,1.729285103934,39.804174630799,50.516529731683,-0.844999389648
2019-05-31,77.14,-0.844999389648,-0.003865520544,0.003097917475,-0.000663870624,-0.002198939335,-0.088622754643,0.065507091494,283507300.0,78.981999206543,-0.302236673758,1.73357118879,32.463274960447,37.194082501785,-0.430000915527
2019-06-03,76.5,-0.430000915527,-0.001042912684,0.003503849667,-0.000833083172,-0.001696463526,-0.209952298829,0.070033601111,279504100.0,78.093998718262,-0.248783892868,1.656428200858,9.677432584794,27.314960725346,-0.800003051758
2019-06-04,76.695,-0.800003051758,0.005812449923,0.004205848875,-0.000380154013,0.007289204098,-0.338051114578,0.078600568275,271069700.0,77.221998596191,-0.133452255886,1.781428200858,23.803511439169,21.981406328136,0.055
2019-06-05,77.6878,0.055,0.008599396249,0.002115747319,0.001571424849,0.003588683633,-0.331442421584,0.081267565648,277516800.0,76.965998840332,0.208084607602,1.727857317243,37.027727166735,23.502890396899,-0.627802441406
2019-06-06,77.17,-0.627802441406,0.001297769357,0.00229212027,-0.001144496583,0.000129600829,-0.287218107899,0.082808321566,281321200.0,76.765998840332,-0.106098957294,1.716428484235,40.931977333436,33.92107197978,-0.100000305176
2019-06-07,78.01,-0.100000305176,0.005449567544,0.002377209963,0.001637583075,0.006710543296,-0.240225742347,0.084270098619,285354000.0,76.657998657227,-0.046748503322,1.632142748152,41.057948783735,39.672551094635,-0.579999694824
2019-06-10,77.2699,-0.579999694824,0.000387430959,0.002147043635,-0.000151924828,-0.002454169894,-0.171078224945,0.08488872955,290183100.0,76.801998901367,-0.014681415842,1.578570774623,45.591960113868,42.527295410347,-0.319903051758
2019-06-11,78.08,-0.319903051758,0.007017556036,0.002637372564,0.002511903481,0.007613885663,-0.144886283613,0.085885272406,286213700.0,77.051998901367,-0.214267369946,1.554999760219,39.546579644336,42.065496180647,0.089998168945
2019-06-12,78.985,0.089998168945,0.001023433964,0.002011639806,0.00073485626,0.010296751087,-0.038170544248,0.083910370586,290423900.0,77.335998535156,0.25015306234,1.574285779681,54.91182958667,46.683456448292,-0.415000305176
2019-06-13,78.83,-0.415000305176,0.004581909275,0.001800582795,-0.000178073067,-0.001266945395,0.06117826986,0.083912055018,294589600.0,77.637998962402,0.156341822981,1.517857142857,60.869594902571,51.776001377859,0.119996948242
2019-06-14,78.43,0.119996948242,0.0,0.002166181127,0.000120121529,-0.006586447118,0.149285545349,0.084011845709,297514500.0,78.013998413086,0.016809093048,1.488571166992,70.507527344687,62.096317277976,0.260002441406
2019-06-17,78.78,0.260002441406,-0.003685359087,0.002047193878,-0.000923720716,0.004846938776,0.184545082287,0.083207749,293438600.0,78.265998840332,-0.107862040672,1.477856772287,77.583532142102,69.65355146312,-0.129998474121
2019-06-18,78.845,-0.129998474121,0.002924294,0.001877915822,0.000846260608,-0.000443711968,0.198451178823,0.082393423979,290355400.0,78.605999755859,0.196439481595,1.368571145194,87.522695023548,78.537918170112,-0.595
2019-06-19,78.1,-0.595,0.001916952407,0.002098214286,0.000244515599,-0.003826530612,0.174817663736,0.080681221791,284921900.0,78.62200012207,-0.129841752964,1.440713609968,80.289392779358,81.798539981669,-0.489999389648
2019-06-20,78.605,-0.489999389648,0.008117475177,0.002267893661,-0.000387827396,0.004665132924,0.113179407455,0.075005347933,278774600.0,78.430000305176,-0.324265923027,1.421428135463,68.716164374159,78.842750725688,-0.265003662109
2019-06-21,77.3,-0.265003662109,-0.002425259394,0.002853091467,-0.000723770731,-0.012519161983,0.118123623973,0.062813445826,284121600.0,78.308000183105,0.052827845449,1.446428026472,81.916813353324,76.97412350228,1.479998779297
2019-06-24,78.45,1.479998779297,-0.004696561601,0.003328657059,-0.000479094769,0.000510139013,0.145765338846,0.051174750131,294638500.0,78.325999450684,0.135686337353,1.419285365513,83.720976628349,78.117984785278,-3.051758e-06
2019-06-25,67.2073,-3.051758e-06,-0.101720790796,0.006243933589,-0.000667428119,-0.046299134383,0.136712279105,0.044570674782,289455800.0,78.285998535156,0.023001623967,1.39928490775,69.415786814242,78.351192265305,-1.507303051758
2019-06-26,66.985,-1.507303051758,0.023439893258,0.003837001785,-0.001262999367,-0.003792385485,-0.687792640816,0.146993845195,199324000.0,75.775997924805,-0.382439953745,2.247856685093,4.481788825721,52.539517422771,1.015
2019-06-27,68.9288,1.015,0.002352995031,0.004609741784,0.001019843934,0.011279342723,-1.018161424673,0.181970827279,241417800.0,73.853997802734,0.247863658304,2.379999978202,20.588254149313,31.495276596425,1.0712
2019-06-28,71.09,1.0712,0.008285740444,0.004709407764,-0.000538449542,0.007225843015,-1.038321671955,0.198340274261,263547000.0,72.185998535156,0.385856410288,2.472142900739,34.593857586475,19.887966853836,1.630001220703
2019-07-01,73.5,1.630001220703,0.010726055641,0.002849795918,-0.001413794274,0.0,-0.814677043802,0.203124007042,284928500.0,70.973999023438,0.460554386037,2.585714067732,53.641486809358,36.274532848382,-0.099998474121
2019-07-02,72.89,-0.099998474121,-0.002724857949,0.004363885089,-0.000868910958,-0.002872777018,-0.578275342815,0.205865347919,302939399.99999994,69.963999938965,-0.021151833392,2.558570861816,58.403394115078,48.879579503637,1.340003356934
2019-07-03,74.245,1.340003356934,0.001616531211,0.002883658373,-0.000113839824,-0.001412239408,-0.335379570091,0.206964339829,315801600.0,71.670001220703,0.279841132373,2.619285038539,64.215732364014,58.753537762816,0.714999084473
2019-07-05,74.38,0.714999084473,-0.004135506435,0.003363429337,0.000752932709,-0.003616878768,-0.106764194801,0.206936456319,323235700.0,73.062001037598,0.264239834497,2.639999934605,69.327747699381,63.982291392824,-1.39000213623
2019-07-08,72.645,-1.39000213623,-0.006439255165,0.002513237728,0.000463853301,0.001723662438,-0.071148052061,0.20926930253,312380800.0,73.660000610352,-0.365801176345,2.727142878941,55.649124944697,63.064201669364,-1.424998779297
2019-07-09,71.45,-1.424998779297,-0.000561652834,0.003471480753,6.6610455e-05,0.003793200337,-0.145441160622,0.214750862862,298893400.00000006,73.360000610352,-0.291718817858,2.832142966134,43.228095871418,56.068322838499,-0.21000213623
2019-07-10,71.45,-0.21000213623,0.004772655495,0.002643755239,-0.000164535555,-0.001816149763,-0.170164011494,0.219479826907,310725900.0,72.92799987793,0.030178905114,2.787143162319,43.368423191173,47.415214669096,0.200001525879
2019-07-11,71.765,0.200001525879,0.009071898284,0.003730428769,-0.000597385549,-0.007399723375,-0.137243997456,0.219869862694,319896300.0,72.411999511719,0.050314787087,2.757857186454,46.24564187244,44.280720311677,-0.52500213623
2019-07-12,69.03,-0.52500213623,-0.013194761934,0.002954733096,-0.000532441257,-0.017366548043,-0.121938418867,0.218569700929,306895300.0,71.667999267578,-0.189946634993,2.828571864537,43.368423191173,44.327496084928,1.249998779297
2019-07-15,70.56,1.249998779297,0.000426846611,0.002790783672,0.00075964692,0.00355568198,-0.153297071533,0.21630066416,293992300.0,71.125999450684,0.006838333566,2.832142966134,36.631587511136,42.081884191583,-0.290003356934
2019-07-16,69.99,-0.290003356934,-0.001707629471,0.002685673557,0.000862394748,-0.0022808268,-0.151284107017,0.212209433449,283739000.0,70.935998535156,-0.00575952334,2.822143009731,52.573129754404,44.191046818904,-0.829996337891
2019-07-17,69.26,-0.829996337891,0.002458041642,0.001961632771,0.000156030695,-0.001009663926,-0.198314021144,0.208295323532,273597400.0,70.519999694824,-0.414615225019,1.949286324637,28.886182851708,39.363633372416,-0.940000305176
2019-07-18,68.58,-0.940000305176,0.003659250602,0.003596179087,-0.000499852094,0.000145836372,-0.255935609796,0.205044050637,261392400.0,69.853999328613,-0.314462799837,1.866428920201,3.202345454382,28.220552686831,-0.33
2019-07-19,68.27,-0.33,-0.001611730555,0.001254769592,0.000801065977,0.001907836807,-0.267452033129,0.20087579356,252819100.00000003,69.255999755859,-0.161461748266,1.748571668352,3.586799945193,11.891776083761,0.270000915527
2019-07-22,68.49,0.270000915527,-0.000583614167,0.002328029197,0.00075821791,-0.000145985401,-0.225882946896,0.187968935431,262626000.0,68.908000183105,0.283030782267,1.604286193848,7.747501016871,4.845548805482,-0.49
2019-07-23,68.25,-0.49,0.0,0.001926720899,-0.000187378802,0.003381358424,-0.205673956789,0.167243033455,252664200.0,68.454000854492,-0.268032965454,1.557143620082,2.244089095544,4.526130019202,-0.519996643066
2019-07-24,67.36,-0.519996643066,0.000590481089,0.003191677734,-0.000660015398,-0.006049874576,-0.182212635335,0.13984009774,244638899.99999997,68.168000793457,-0.154510406761,1.479286738804,1.763973328981,3.918521147132,0.099999084473
2019-07-25,67.54,0.099999084473,0.0,0.003475392825,-0.000582145363,0.001185887934,-0.157527884276,0.131163512394,232043600.0,67.996000671387,-0.128792081315,1.475000653948,8.717273406812,4.241778610446,-0.879996337891
2019-07-26,68.56,-0.879996337891,0.014701405246,0.005455351863,-0.003823495715,0.013601419279,-0.1668340858,0.136588687975,219640099.99999997,67.678001403809,-0.281692499057,1.405000959124,2.461594801304,4.314280512366,-0.79999786377
2019-07-29,67.7,-0.79999786377,0.00162338558,0.003255118574,-0.000696029238,-0.002798644867,-0.075323891057,0.140874460033,231899400.0,67.522001647949,0.046959922879,1.430714743478,21.176517349155,10.785128519091,-0.519999694824
2019-07-30,66.9,-0.519999694824,-0.003870231245,0.003673341303,-0.001099462497,-0.000298864316,-0.032463064199,0.142873941522,221782099.99999997,67.358001708984,-0.214102683969,1.428572518485,11.525425918584,11.721179356348,0.280000305176
2019-07-31,67.05,0.280000305176,-0.004019003302,0.002675235391,-0.000335905027,0.002092362876,0.014746797753,0.140333418809,221782099.99999997,67.248001098633,0.111815509146,1.463572365897,14.983685020336,15.895209429359,-0.429997253418
2019-08-01,66.49,-0.429997253418,0.004653220442,0.002196324518,-0.000189210696,-0.006574032571,0.026436384805,0.132335742539,210482099.99999997,67.080001831055,-0.069723210995,1.406429290771,18.367450929247,14.958853956056,-0.689996948242
2019-08-02,65.7333,-0.689996948242,-0.004559316685,0.002588028707,0.00069788056,0.003715071003,-0.001403218568,0.116641032603,197375400.0,66.908001708984,-0.254453314303,1.362857818604,11.675176048681,15.008770666088,-0.383301525879
2019-08-05,65.095,-0.383301525879,-0.005661746378,0.003193166077,-0.000261933063,0.001923964907,-0.028944132458,0.111495539515,187721500.00000003,66.426000976563,-0.092870077245,1.323572431292,6.072095547165,12.038240841697,0.135003356934
2019-08-06,65.62,0.135003356934,0.000613111821,0.003585108013,0.000919726558,0.005362341045,-0.033727691016,0.113148644466,176102700.00000003,66.036001586914,0.091224837603,1.3528578622,12.969971444695,10.239081013513,-0.850003356934
2019-08-07,63.965,-0.850003356934,-0.006021297049,0.002601086957,-0.000106046753,-0.006754658385,-0.045618491631,0.113991867565,165854000.0,65.554000854492,-0.149325417449,1.352857317243,9.896822236157,9.646296409339,0.494999084473
2019-08-08,64.5998,0.494999084473,0.005119482404,0.00196789628,2.2678603e-05,-0.002935638216,-0.051663430849,0.110319955556,155321900.00000003,65.12200012207,0.037491037346,1.398571831839,19.725524910262,14.197439530371,0.850196948242
2019-08-09,65.32,0.850196948242,-0.00122221857,0.002019580847,0.001109235777,-0.000764876855,0.029353010543,0.100835580277,162749299.99999997,65.051998901367,0.303198483139,1.427142824445,36.706626118566,22.109657754995,0.260001831055
2019-08-12,65.0,0.260001831055,-0.005184567822,0.002870191571,0.000223111306,-0.003831417625,0.105741178519,0.093732382991,173642800.0,65.097999572754,0.060368112793,1.546428407942,38.936556256199,31.789569095009,-0.470001220703
2019-08-13,65.57,-0.470001220703,0.005113928983,0.002501233426,0.000333144348,0.010946654332,0.099677685186,0.08749618797,168383900.00000003,64.957998657227,-0.242723145266,1.593570981707,20.926206190356,32.189796188373,-0.55999786377
2019-08-14,64.43,-0.55999786377,-0.007844979533,0.002274108527,-0.000174732772,-0.001085271318,0.13966719526,0.083265743048,175466400.0,65.005999755859,0.068061642248,1.612857001168,29.159542728456,29.674101725004,-0.93
2019-08-15,63.43,-0.93,0.009763822781,0.005009357455,-0.001071623527,-0.010761072988,0.079109688129,0.088548951298,166093100.00000003,64.813999938965,-0.323838684042,1.622856957572,3.258982698507,17.781577205773,-0.450000457764
2019-08-16,63.83,-0.450000457764,0.008415350637,0.003322311447,0.00215794452,0.005038576602,0.021705070438,0.094527910477,156897400.0,64.320000457764,-0.348217311402,1.558571406773,5.56520839083,12.661244605931,0.600000305176
2019-08-19,65.28,0.600000305176,0.009467648727,0.001923585486,-0.000297047153,0.0036900369,0.094957273059,0.089635423734,165245500.00000003,64.090000152588,0.277871720421,1.579999378749,36.344986562763,15.0563925507,1.279997558594
2019-08-20,66.975,1.279997558594,0.012319707405,0.002841792817,7.2778719e-05,-0.006010685663,0.289441998497,0.084803713746,175071800.0,64.495999908447,0.412253634125,1.664285114833,82.627115544447,41.51243683268,-0.564996337891
2019-08-21,66.85,-0.564996337891,0.014003804013,0.002726759727,-0.000517264087,-0.007276507277,0.40355430432,0.080551469068,163033900.00000003,64.776000213623,-0.211661599742,1.691427775792,64.655246678122,61.209116261778,0.690000915527
2019-08-22,67.69,0.690000915527,0.00488602053,0.00287431855,0.000237979505,-0.00265212907,0.542075041971,0.080905173156,170649600.0,65.584000396729,0.085531311748,1.649999073574,84.137960503372,77.140107575314,-0.170003356934
2019-08-23,67.275,-0.170003356934,-0.003554470908,0.001650564804,-0.000155442203,-7.431629e-05,0.614007116421,0.083744632866,164153900.00000003,66.491999816895,-0.134410611068,1.682141712734,83.793059208736,77.52875546341,-1.304998779297
2019-08-26,66.725,-1.304998779297,0.006972852447,0.003263886798,0.000542129639,0.004440764715,0.541392001341,0.078612990565,155249200.0,66.8,-0.266041615329,1.734284264701,57.068996691762,75.000005467957,-0.265000915527
2019-08-27,66.6224,-0.265000915527,0.003159781634,0.003556622169,-0.000308794719,-0.000713964302,0.510937776372,0.076410593529,160090300.00000003,66.780000305176,0.024041184983,1.692141669137,65.517236832107,68.793097577535,-0.952401831055
2019-08-28,65.61,-0.952401831055,-0.001522742149,0.003300899802,0.0010452768,0.000610035077,0.425654579,0.072946798322,152499100.00000003,66.631999206543,-0.324224588497,1.684999193464,51.896529602644,58.160921042171,0.459999694824
2019-08-29,66.53,0.459999694824,0.00998946065,0.002989659823,-6.207687e-06,-0.002997152705,0.385449352931,0.071682362227,159371900.00000003,66.337998962402,0.262519496989,1.674999237061,58.793108541034,58.735624991929,-0.309998779297
2019-08-30,66.215,-0.309998779297,0.002718216579,0.001596385542,-0.000383663061,-0.002786144578,0.358772817357,0.072272504528,165383800.0,66.07799987793,-0.230239695277,1.567141941616,61.379342085594,57.356326743091,-0.47500213623
2019-09-03,65.66,-0.47500213623,0.000608471506,0.003556704165,0.000899757969,-0.001824262694,0.30095107533,0.072303671519,158968700.00000003,66.031999206543,-0.343915470412,1.527142116002,53.103421051264,57.758623892631,-0.259998474121
2019-09-04,65.28,-0.259998474121,0.004128388941,0.002049794427,0.000100255148,-0.005938784833,0.23488822504,0.072204616059,151053000.0,65.819999694824,-0.211737139411,1.489285060338,47.241414455479,53.908059197446,1.099997253418
2019-09-05,66.675,1.099997253418,0.003916874766,0.002018307323,0.000184811052,0.000525210084,0.250826583619,0.072208783699,160671299.99999997,65.961999511719,0.194207184086,1.522856031145,64.137894736169,54.827576747637,0.354998779297
2019-09-06,67.36,0.354998779297,0.003431349562,0.001927445733,0.000942306345,0.001486767767,0.295695052652,0.072668209805,166273699.99999997,66.153999328613,0.230626524516,1.475713729858,73.469379075315,61.616229422321,0.260002746582
2019-09-09,67.3885,0.260002746582,0.005028043834,0.001774082794,-0.001317182143,-0.008409358446,0.351841422298,0.07682922305,173776200.0,66.433999633789,0.1689957574,1.424999782017,79.104551240597,72.23727501736,-0.688503051758
2019-09-10,66.2615,-0.688503051758,-0.009445236615,0.003622067504,0.001325600563,0.002898441047,0.314946062728,0.077555146451,163465299.99999997,66.625999450684,-0.360112473814,1.3707144601,56.218815758758,69.59758202489,1.918500305176
2019-09-11,68.32,1.918500305176,0.002933366784,0.002668909038,-0.000687875448,-0.000877449547,0.374113217166,0.080698111282,175621000.0,67.181999206543,0.435550188153,1.399285997663,99.999999973262,78.441122324206,1.16999786377
2019-09-12,70.56,1.16999786377,0.018276072982,0.002785330695,0.000556772408,-0.002826455625,0.478686801756,0.091119180182,183990099.99999997,67.803999328613,0.342445337096,1.411429268973,95.283014775863,83.833943502627,0.270001831055
2019-09-13,71.4256,0.270001831055,0.004517855239,0.001667603654,0.000308499973,0.003873506676,0.607062251846,0.100617027718,193550200.0,68.563999938965,0.04263222795,1.444286346436,94.948045249883,96.743686666336,-0.91559786377
2019-09-16,70.29,-0.91559786377,-0.00198552525,0.002755009237,0.000148905368,-0.001136848089,0.636305423576,0.09858504938,185414600.0,69.141999816895,-0.30337576362,1.3528578622,85.855727807306,92.028929277684,0.290001831055
2019-09-17,70.86,0.290001831055,-0.000991778025,0.002812508864,0.00077090148,0.004963834917,0.625320009522,0.101731575021,191406600.0,69.918000793457,0.093461538815,1.372857775007,86.845822543315,89.216531866835,0.739998474121
2019-09-18,71.62,0.739998474121,0.001117344033,0.001612723214,0.000286678084,-0.000837053571,0.648897325894,0.11516618619,200420099.99999997,70.602000427246,0.327109597152,1.389999934605,93.594794043814,88.765448131479,-0.350003356934
2019-09-19,71.47,-0.350003356934,0.001824117987,0.001575630252,-0.000100101914,0.000980392157,0.605269213181,0.1231456787,194167500.00000003,70.958000183105,-0.195885934811,1.392143249512,89.28104117712,89.90721925475,0.199998168945
2019-09-20,72.345,0.199998168945,0.004604462669,0.001333333333,0.000702379784,0.004791666667,0.567012675113,0.132555086553,199708700.00000003,71.125999450684,0.197737009461,1.365715026855,94.509823464259,92.461886228398,0.044999389648
2019-09-23,72.665,0.044999389648,-0.000828810044,0.002885109913,-0.000612368187,0.004631549841,0.553257703273,0.143492563831,212677400.0,71.501998901367,0.201906726045,1.393572126116,92.873822602112,92.221562414497,0.265000305176
2019-09-24,72.81,0.265000305176,0.012340621447,0.002482053366,-0.000294707793,-0.013815522145,0.542832711642,0.15112158193,220769699.99999997,71.971998596191,0.185271050768,1.455000196184,90.899370360759,92.76100547571,0.139996948242
2019-09-25,73.1438,0.139996948242,-0.0009595572,0.001476399561,-0.000425405264,0.003619648738,0.500618698985,0.15717853857,228993500.00000003,72.241998291016,-0.253683445277,1.432143620082,89.241994488092,91.005062483654,-1.053803662109
2019-09-26,73.425,-1.053803662109,0.011929541601,0.00286401645,0.000224115589,0.006511309116,0.383392491943,0.154698292817,223070800.0,72.40599822998,-0.315308888735,1.453571864537,78.728539987335,86.289968278729,0.604998779297
2019-09-27,73.9499,0.604998779297,0.002431450873,0.001650720927,8.6958321e-05,-0.003504918475,0.403111110575,0.15883532703,233394899.99999997,72.877998352051,0.305906712155,1.542857578823,95.11917791955,87.696570798325,0.900098474121
2019-09-30,75.32,0.900098474121,0.001335984985,0.001493929286,-0.000472280828,0.004936624416,0.435235679784,0.16373069319,241072200.0,73.369998168945,0.270444210081,1.509286063058,96.944141393288,90.263953100058,0.400001220703
2019-10-01,74.65,0.400001220703,0.002245089358,0.003112894737,-0.002963821931,-0.017763157895,0.475651123266,0.166350431612,249387299.99999997,73.927998352051,0.26822865888,1.442143576486,91.40810498698,94.490474766606,-1.419996643066
2019-10-02,72.08,-1.419996643066,-0.004642959876,0.002411990671,-3.2449003e-05,-0.011112635478,0.303632987287,0.153186070263,238476499.99999997,73.983999633789,-0.409322695271,1.542857578823,52.232165150424,80.194803843564,0.049997253418
2019-10-03,72.49,0.049997253418,-0.000970465791,0.002475097912,-0.001036722408,0.005967249514,0.095497060028,0.14026161545,230096000.0,73.991999816895,-0.255822295577,1.541429247175,35.863029681177,59.83443327286,1.359998474121
2019-10-04,74.34,1.359998474121,0.005010193016,0.002310293721,0.000353084,0.001616814875,0.05538265241,0.13115621206,236324499.99999997,73.955999755859,0.483916417894,1.603572300502,61.458281288396,49.851158706666,0.320003662109
2019-10-07,74.675,0.320003662109,0.000803610443,0.001913068047,-2.4090481e-05,-0.000602248394,0.06448369256,0.124530528268,243332000.0,73.918000793457,0.205632891929,1.601429530552,70.723713093104,56.015008020892,-0.344998168945
2019-10-08,73.65,-0.344998168945,-0.006054144579,0.001690850027,-0.001195717225,-0.00311315647,0.031055374277,0.106180225249,238168499.99999997,73.640000915527,-0.155861195859,1.562858036586,62.522224138415,64.901406173305,-0.120001220703
2019-10-09,74.57,-0.120001220703,0.007343953821,0.001774402592,-0.000153161465,0.00675037127,-0.057342315637,0.091567664922,232047000.0,73.7,-0.122534252233,1.585715157645,44.359430310975,59.201789180831,-1.269996948242
2019-10-10,73.42,-1.269996948242,-0.001091430119,0.001545479377,-0.000520282148,0.002731494127,-0.139052559253,0.082029173601,226196000.0,73.934001159668,-0.271674933821,1.633572169713,35.523662851988,47.468439100459,1.029996948242
2019-10-11,73.76,1.029996948242,-0.006447222931,0.002059213195,-0.000666434636,-0.002838988779,-0.123903212288,0.079894649576,233525400.0,74.054000854492,0.439672107478,1.640714917864,59.137487239569,46.340193467511,-0.130002746582
2019-10-14,73.46,-0.130002746582,0.000271686449,0.002225152957,-0.000850310933,-0.001223657376,-0.174276292479,0.073231851623,226360499.99999997,73.847999572754,-0.215553934852,1.580000741141,42.299720664768,45.653623585442,0.30000213623
2019-10-15,74.157,0.30000213623,0.005965222333,0.002364824798,0.000362322257,-0.000579514825,-0.202052636848,0.065380514116,231401400.0,73.733999633789,0.075800732254,1.517143249512,44.969223939218,48.802143947852,0.343
2019-10-16,74.66,0.343,-0.001610775122,0.002366227481,-0.000467929881,0.00376445281,-0.174820857282,0.0628422384,237429699.99999997,73.92799987793,0.135039369337,1.517143249512,60.164243369894,49.144395991294,0.09
2019-10-17,75.185,0.09,0.003210673763,0.002137218296,8.6248045e-05,0.002600346713,-0.145410653049,0.057847111056,245718000.0,74.217999267578,0.29334245851,1.393572126116,65.29771069954,56.810392669551,-0.045000610352
2019-10-18,75.66,-0.045000610352,0.001330828785,0.002853666091,-5.5600926e-05,0.004380724811,-0.106910931665,0.054663611289,252529299.99999997,74.355999755859,0.05920113301,1.415714808873,73.305907200909,66.255953756781,0.799999084473
2019-10-21,75.96,0.799999084473,0.005493044389,0.002394510926,-0.001025290512,-0.011966701353,-0.005138177572,0.060105516613,262009500.00000003,74.92200012207,0.324042099881,1.447143009731,87.321441449905,75.308353116785,1.340003051758
2019-10-22,78.15,1.340003051758,0.009702457573,0.002691095452,-0.001144255398,0.001281229981,0.100337296652,0.070109746194,269848600.0,75.630000305176,0.11793805963,1.369286128453,91.242109391982,83.956486014265,-0.279997253418
2019-10-23,77.89,-0.279997253418,-0.001027376759,0.002973261345,-0.000232940976,0.001285512277,0.185144634586,0.080358145002,275910600.0,76.304000854492,-0.093057773371,1.347857339042,88.066456364903,88.87666906893,-0.14
2019-10-24,77.1056,-0.14,0.001157509169,0.002053571429,-0.000420026446,-0.009434737924,0.208095518399,0.083183111392,269773900.0,76.904000854492,-0.018759522086,1.271428244455,83.333286740628,87.547284165837,-0.305596948242
2019-10-25,76.64,-0.305596948242,-0.005338589138,0.00179107213,-0.000338690052,0.00327267967,0.137630269161,0.085902869183,264074600.0,77.236001586914,-0.306394162695,1.302142551967,65.934096632392,79.111279912641,-0.110001220703
2019-10-28,76.8887,-0.110001220703,0.001829340022,0.00171657754,0.000179681565,0.002852484675,0.05538935906,0.087971241532,258577600.0,77.250001525879,0.12653057554,1.258571624756,60.988969518798,70.085450963939,1.441301831055
2019-10-29,78.31,1.441301831055,-0.002808645673,0.001867878633,1.315287e-06,0.002560491614,0.10205568523,0.09618189315,265724000.0,77.456001281738,0.451218888538,1.29857145037,93.956017834994,73.626361328728,0.160001220703
2019-10-30,78.285,0.160001220703,0.000509760608,0.002263533308,0.000762732432,-0.002865876958,0.120902082621,0.100622772186,272115500.0,77.576000976562,0.163849447429,1.282857077462,95.126415173309,83.357134175701,1.375003662109
2019-10-31,79.27,1.375003662109,0.000627610094,0.00216346757,-0.000547183711,-0.005520010036,0.188056709784,0.103698053081,279338000.0,77.958001708984,0.334206832712,1.307856968471,97.968793384314,95.683742130873,0.280003051758
2019-11-01,79.79,0.280003051758,0.006033886978,0.004876546295,-1.8285165e-05,-0.002998875422,0.198577865958,0.1095799458,269328600.0,78.508001708984,-0.073712661396,1.316428593227,96.250034257624,96.448414271749,1.96
2019-11-04,82.83,1.96,0.014678861752,0.003298251959,0.000297408237,-0.001446654611,0.320016771787,0.126360059568,282684900.0,79.552001953125,0.300621583924,1.478571755545,94.868729748699,96.362519130212,0.15999786377
2019-11-05,82.97,0.15999786377,0.002168939749,0.002559456535,-0.000549294349,-0.002404713238,0.442616464358,0.144410745638,291812800.0,80.484001159668,0.024058828377,1.503571646554,96.325148010517,95.814637338946,-1.130003662109
2019-11-06,80.575,-1.130003662109,-0.000855323778,0.003664913783,0.000376325247,-0.014614161673,0.405983847074,0.148857036829,284337200.0,81.158000183105,-0.332768702708,1.595714024135,82.171369270743,91.121749009986,1.505001831055
2019-11-07,82.2608,1.505001831055,0.001583787165,0.00218051332,0.000113918992,0.000617929692,0.359249526482,0.149899499835,293640800.0,81.641999816895,0.09315433018,1.622142791748,83.882792403217,87.459769894826,-0.25079786377
2019-11-08,82.374,-0.25079786377,0.00109738246,0.00179500609,-0.000813659899,0.003337393423,0.28803093506,0.151677585026,287079300.0,82.133999633789,-0.057018235282,1.584999629429,81.589419488503,82.547860387488,2.835999084473
2019-11-11,84.24,2.835999084473,-0.003051310163,0.002799223712,-0.001093544068,-0.009174311927,0.413226538955,0.161398601689,298443399.99999994,82.825999450684,0.481198737362,1.688570840018,97.294371658318,87.588861183346,1.420003662109
2019-11-12,86.455,1.420003662109,-0.000700504149,0.002473056692,-0.00082211,0.010578609001,0.47852787939,0.167731823805,307169700.0,83.360000610352,0.209830130869,1.718570709229,99.788618964064,92.890803370295,-0.014997558594
2019-11-13,86.125,-0.014997558594,-0.008098155459,0.003672614882,0.000370924181,0.004490319571,0.522834248852,0.175150782997,319335600.0,84.280001831055,0.169638396335,1.854285103934,84.742979177248,93.94198993321,0.535003662109
2019-11-14,86.16,0.535003662109,-0.002077086286,0.002011224254,0.000641056001,-0.003008562833,0.514729383203,0.178932618577,325134400.0,85.196002197266,0.248308668756,1.875713348389,86.567201940279,90.366266693864,1.469997253418
2019-11-15,87.915,1.469997253418,0.005363474101,0.002492395006,0.000585168475,-0.002099886493,0.520888629801,0.183302084088,330560000.0,86.320001220703,0.326317012024,1.964284624372,94.486840743433,88.599007286986,0.714997253418
2019-11-18,88.97,0.714997253418,-0.003272040218,0.002388498981,0.000407539293,0.007131537242,0.536393196079,0.191735586737,338596700.0,87.004000854492,0.148193324701,1.967141832624,95.172371600992,92.075471428234,-0.239996643066
2019-11-19,89.905,-0.239996643066,0.00597316307,0.002713533498,0.000156656538,0.007226081111,0.49828439618,0.198250249266,344368999.99999994,87.618000793457,0.185043902357,1.962856292725,94.035085832467,94.564766058964,-0.885003356934
2019-11-20,88.31,-0.885003356934,-0.003369977911,0.002677058624,-0.000762095701,-0.002485033322,0.439558350506,0.203327977557,351873799.99999994,88.133999633789,-0.071576757666,1.955713544573,88.089063159492,92.432173530984,-1.110003051758
2019-11-21,85.8514,-1.110003051758,-0.004701789531,0.002815992626,-0.000298356876,-0.010814609978,0.235331665847,0.199036698517,340940800.0,88.241998291016,-0.336124781982,2.061427525112,71.542509833068,84.555552941676,0.668596643066
2019-11-22,86.02,0.668596643066,0.001386994351,0.002325946445,0.000136103153,-0.007156048015,0.022829629098,0.18669858531,331326700.0,88.019998168945,-0.094646076628,1.961426871164,61.331958115678,73.654510369413,0.030003051758
2019-11-25,86.36,0.030003051758,0.009296866868,0.002306160046,0.000155651829,-0.005641911341,-0.17036942559,0.168448975328,323542000.0,87.503999328613,-0.190722964321,1.954998561314,56.660056039295,63.17817466268,1.40000213623
2019-11-26,87.58,1.40000213623,0.00444393095,0.001809529212,-0.000168868487,-0.006466250709,-0.201831585298,0.157901951573,333064100.0,87.309999084473,0.260370234562,1.947855268206,73.658050099421,63.883354751465,0.140001220703
2019-11-27,88.06,0.140001220703,0.001595980252,0.002009446847,-0.002000837589,0.002276348737,-0.241491790868,0.143989549719,326632700.0,87.05,-0.163452797682,1.902141026088,71.168253867172,67.162120001963,0.270001831055
2019-11-29,87.79,0.270001831055,-0.00373601069,0.001412279704,-0.000606375451,-0.001819215463,-0.242179331752,0.133334880819,331344500.0,87.276000976562,0.202627031572,1.879998343331,74.999999990986,73.275434652526,-0.059996643066
2019-12-02,87.86,-0.059996643066,0.001253766975,0.001224840619,0.0001475747,0.000227686703,-0.295070858513,0.11661000039,328301700.0,87.518002319336,-0.150212988173,1.712855747768,58.832574096267,68.333609318141,-0.830001220703
2019-12-03,86.37,-0.830001220703,-0.01229460772,0.002256863658,-0.000372721974,0.004769660307,-0.383619800753,0.106936317564,321775300.0,87.714001464844,-0.387285671186,1.659284319196,33.725473763261,55.852682616838,-0.420003051758
2019-12-04,86.714,-0.420003051758,0.002676013556,0.001782664191,-0.000275830901,0.006196333256,-0.513252428189,0.100749038442,311720800.0,87.352000427246,-0.000441663582,1.567141941616,12.548992619475,35.035680159668,0.485996948242
2019-12-05,86.94,0.485996948242,0.000573429513,0.002624985673,-2.7592981e-05,-0.003553008596,-0.511974877392,0.087497127713,317895399.99999994,87.247999572754,0.364841649851,1.542857033866,37.058767203729,27.777744528822,-0.219998779297
2019-12-06,86.995,-0.219998779297,0.00565034429,0.00177318641,1.5621831e-05,-0.001434802571,-0.537949725793,0.071680434227,311823300.0,86.925999450684,-0.261968715052,1.48357118879,27.647097537019,25.751619120075,-0.014996643066
2019-12-09,87.46,-0.014996643066,0.002759230335,0.00226209585,0.000941555714,0.002751662463,-0.531193174432,0.048071692851,317867900.0,86.775999450684,-0.118307518134,1.416428157261,32.745172537366,32.483679092705,-1.019997558594
2019-12-10,86.33,-1.019997558594,0.005552935146,0.001783248965,0.000125603635,-0.006787850897,-0.554119034517,0.044001422602,312285200.0,86.658000183105,-0.283292394821,1.434285300119,22.156931965473,27.516400679953,0.229997558594
2019-12-11,87.07,0.229997558594,0.001617368225,0.002624251497,0.001369174246,0.002648549056,-0.551065089281,0.041336523628,320101200.0,86.780000305176,-0.238969878049,1.36714226859,35.714285704082,30.205463402307,-0.370003051758
2019-12-12,87.2,-0.370003051758,0.000692101385,0.002166897188,-0.000815744568,0.005071461503,-0.529354983494,0.040839610634,327427600.0,86.680000305176,0.005940016237,1.263571058001,39.714268264323,32.528495311292,1.530003356934
2019-12-13,88.85,1.530003356934,0.000563455657,0.001893694776,-0.000905931498,0.000788465871,-0.375267297685,0.04278664186,333688100.0,87.082000732422,0.462112289075,1.305714743478,94.214909009927,56.547820992777,-1.010003662109
2019-12-16,89.79,-1.010003662109,0.006147551663,0.003480538583,-0.0020324683,0.015953835709,-0.3317785656,0.042969570565,327712900.0,87.253999328613,-0.257028797374,1.325714111328,64.285714267347,66.071630513865,-0.359999694824
2019-12-17,89.54,-0.359999694824,0.006373696666,0.002095333333,-1.4797637e-05,-0.005111111111,-0.200866168396,0.046150613303,334436199.99999994,87.851998901367,0.292657990385,1.357857840402,84.768179556433,81.089600944569,0.540001831055
2019-12-18,90.15,0.540001831055,-0.000333023742,0.001363131594,9.3131246e-05,0.00111049417,-0.081551900922,0.051985594102,343186200.00000006,88.555999755859,0.042470194315,1.346429007394,98.03501522072,82.3629696815,-0.819998168945
2019-12-19,89.29,-0.819998168945,0.003918039482,0.001455173952,7.284661e-05,-0.004348795718,-0.064920720973,0.053058807738,336696100.0,89.082000732422,-0.303851573784,1.343572344099,81.481530713389,88.094908496848,-0.520003356934
2019-12-20,90.005,-0.520003356934,0.018362114954,0.007632853982,0.000214967594,-0.004369469027,-0.101248152422,0.054393393945,331249100.0,89.089999389648,-0.399942185013,1.344286782401,69.280992503452,82.93251281252,-0.714999084473
2019-12-23,90.16,-0.714999084473,0.00268784703,0.001891741071,0.000557775448,0.00625,-0.099710225844,0.055642965631,350383900.0,89.380000305176,-0.179519678617,1.500715528216,57.812557732953,69.525026983265,0.09
2019-12-24,89.79,0.09,0.001662066769,0.001272123894,-0.00014660953,-0.006747787611,-0.046212946314,0.05803150537,356291100.0,89.544000244141,0.322105963968,1.482143947056,70.357763000887,65.81710441243,0.059998474121
2019-12-26,90.34,0.059998474121,0.003895364275,0.001055986696,0.000161017731,0.00155210643,-0.049639699856,0.061055707632,354492300.0,89.497999572754,-0.278108478388,1.437143598284,62.975781276229,63.715367336689,-0.509998168945
2019-12-27,89.99,-0.509998168945,0.001669837725,0.001341964881,0.000145437306,0.000111135808,-0.064201535666,0.063465838389,350425600.0,89.597999572754,-0.138597947239,1.457144056048,62.629818520413,65.321120932509,-0.790003051758
2019-12-30,89.4,-0.790003051758,0.000224263152,0.001488455503,-0.000214685444,0.002017484869,-0.123762242307,0.064306424244,346337799.99999994,89.683999633789,-0.260840507174,1.49000113351,51.730077763372,59.111892520005,-0.880003356934
2019-12-31,88.192,-0.880003356934,-0.003502005991,0.001063258134,-0.000386756204,-0.000204058497,-0.211313610623,0.064157548598,339323000.00000006,89.529998779297,-0.214063386313,1.506429399763,39.965364118556,51.441753467447,0.348000915527
2020-01-02,89.095,0.348000915527,0.00609894861,0.00125168388,0.000160113179,0.000168387966,-0.266665112739,0.06284983104,344025100.0,89.187998962402,0.233233515119,1.505001068115,40.104162520489,43.933201467472,0.455003051758
2020-01-03,88.04,0.455003051758,-0.015410439261,0.001556878757,0.000307432059,-0.001474424407,-0.235145610748,0.058569353073,349664300.0,89.12799987793,0.227617666884,1.507143838065,53.435194517602,44.501573718882,0.659996948242
2020-01-06,88.7282,0.659996948242,-0.005411451455,0.001593856268,0.000414493223,0.005760598504,-0.268994786862,0.056906948372,343675800.00000006,88.901998901367,0.186251280561,1.465000697545,29.399061872063,40.979472970051,0.671801525879
2020-01-07,88.35,0.671801525879,-0.005257284258,0.002408298662,0.000192589432,-0.006521983583,-0.24251020017,0.053853301607,350462400.0,88.941999816895,0.36892858021,1.456429617746,36.983066821518,39.939107737061,0.539999389648
2020-01-08,89.35,0.539999389648,0.00292498749,0.001413236119,0.000451305991,0.002243409983,-0.256265017491,0.050621656665,343219900.0,89.016000366211,-0.008425469333,1.38500050136,24.574257566797,30.318795420126,0.169996643066
2020-01-09,89.6,0.169996643066,0.005473698744,0.001977224753,-0.00067588216,-0.004555049439,-0.221183885815,0.044371809109,350916700.0,89.211999511719,0.162107341597,1.39142881121,39.90265561321,33.819993333842,0.609999084473
2020-01-10,89.94,0.609999084473,0.000221752274,0.001344896376,-8.3593189e-05,-0.003214008645,-0.152998824577,0.038128359244,358434700.0,89.343998718262,0.091284744231,1.392857142857,56.691033685479,40.389315621829,-0.880002441406
2020-01-13,88.3799,-0.880002441406,0.004940517106,0.002646270657,-0.000350443282,-0.013176641358,-0.184715274537,0.028213383337,349853300.0,89.415998840332,-0.392490451829,1.417142595564,28.710465441701,41.76805158013,0.140096643066
2020-01-14,87.605,0.140096643066,-0.016041552449,0.003427095293,-0.000304387658,0.00579793341,-0.238035610233,0.028699924928,340561100.0,89.23999786377,-0.301202737489,1.299999782017,22.535158288348,35.978885805176,0.594996948242
2020-01-15,88.4748,0.594996948242,-0.000226719317,0.00200102064,-0.001395509898,0.003343161715,-0.287519207617,0.02701658699,331684199.99999994,89.101997375488,0.33880687021,1.340714045933,36.202497407467,29.149373712505,0.78520213623
2020-01-16,89.595,0.78520213623,0.000560110029,0.001559668013,-0.000145868557,0.004878869448,-0.243279997705,0.026957726326,340174300.0,89.049998474121,0.327170892636,1.3928565979,63.038040680536,40.591898792117,-0.33499786377
2020-01-17,88.665,-0.33499786377,-0.001456474117,0.002056434422,-0.000910927195,-0.00521709862,-0.209708810783,0.025508442784,340174300.0,88.859999084473,-0.023476885424,1.36499949864,70.738706539008,56.659748209004,-0.665
2020-01-21,87.84,-0.665,-0.003636360168,0.002343065693,-0.000667905153,0.001824817518,-0.26451641503,0.028199441013,330052000.0,88.647999572754,-0.373347864021,1.36714226859,34.94323476273,56.239993994091,0.14999786377
2020-01-22,87.9898,0.14999786377,0.000454607529,0.001320572532,9.5872575e-05,-0.000456662501,-0.291470062032,0.030308414594,316500000.0,88.541999816895,0.166912375867,1.323570796422,34.659083510248,46.780341603995,-0.779800915527
2020-01-23,86.37,-0.779800915527,-0.001834606518,0.00302171166,-0.000157992865,-0.007811602527,-0.348027501218,0.035701172006,310061100.0,88.344000244141,-0.396114023194,1.344999040876,12.500054182424,27.367457485134,-1.100003356934
2020-01-24,84.5734,-1.100003356934,0.001876435656,0.002690155683,-0.000277220717,-0.010026922627,-0.493410688065,0.049673696923,297794300.0,87.545999145508,-0.41568921571,1.427856445312,5.282992792828,17.480710161833,-1.033399084473
2020-01-27,85.4476,-1.033399084473,0.018075198943,0.003901704879,0.00012522692,0.004674897119,-0.672320185189,0.071147406592,284578900.0,86.401998901367,-0.331146568689,1.504284994943,10.358551203724,9.380532726326,-1.427603356934
2020-01-28,84.015,-1.427603356934,0.011544885259,0.002899283112,-0.000664784216,-0.012633681984,-0.720295747189,0.082537168104,298410900.0,85.60599822998,-0.255355633286,1.557856423514,16.732997489095,10.791513828549,-0.245003356934
2020-01-29,83.67,-0.245003356934,0.000358199951,0.001261097852,0.00029167104,-0.001551312649,-0.728634419249,0.093045735112,289796500.0,84.76199798584,-0.443795045887,1.562856401716,13.412943830465,13.501497507761,-0.470003051758
2020-01-30,82.42,-0.470003051758,-0.007451864663,0.001971179462,-0.000104599589,-0.001937515137,-0.730453257337,0.104418654026,284093300.0,83.959997558594,-0.339601622871,1.539999825614,5.84322554159,11.996388953717,-0.640001220703
2020-01-31,81.5395,-0.640001220703,-0.002934676783,0.002362398823,0.000631491436,-6.13196e-06,-0.780670309443,0.119963414931,273223300.0,83.26199798584,-0.238604571986,1.599999564035,6.58615185353,8.614107075195,-0.519503356934
2020-02-03,81.8525,-0.519503356934,0.003579374569,0.004022383471,0.000392567231,0.006671996064,-0.814691253128,0.133803416917,259353200.0,82.757997131348,-0.190390874026,1.593570709229,6.441324115071,6.29023383673,0.447503051758
2020-02-04,84.255,0.447503051758,0.015674279931,0.002632013399,0.001771228552,0.007955497069,-0.704731930076,0.140486843553,269496900.0,82.413998413086,0.304851001151,1.60071345738,19.957768410567,10.995081459722,0.105000610352
2020-02-05,86.0,0.105000610352,0.00829773522,0.002904537973,-0.000153011468,0.011051022807,-0.458909375,0.138920311497,277748400.0,82.531999206543,0.350389297455,1.647856031145,41.710661255889,22.703251260509,0.629997253418
2020-02-06,87.35,0.629997253418,0.01454464015,0.002545795881,8.2594114e-05,-0.006144043691,-0.126369204473,0.136220326685,287769000.0,83.217999267578,0.360388729639,1.724999019078,66.240617624567,42.636349097007,-0.169999694824
2020-02-07,90.6802,-0.169999694824,0.029364505043,0.00709382661,-0.000628154736,0.010476933363,0.133613630386,0.131936707755,295538700.0,84.297999572754,-0.194043635013,1.786427089146,76.410857851165,61.454045577207,1.609800915527
2020-02-10,94.14,1.609800915527,0.000758475394,0.005332178432,0.000982140624,0.0192724123,0.625194061824,0.140715227767,314628999.99999994,86.552000427246,0.333188142502,2.094999040876,94.51072029353,79.054065256421,0.61
2020-02-11,95.5817,0.61,0.005382608298,0.002105395759,-0.000203177527,0.003377073273,1.065624071269,0.163952459152,328627300.0,89.041999816895,0.370396526809,2.268570491246,95.029819861075,88.650466001923,0.4183
2020-02-12,96.7516,0.4183,-0.000208298365,0.002304542613,0.000659017442,0.008039174828,1.371257830679,0.18997027683,339310100.0,91.369999694824,0.189524720031,2.362142290388,93.52128403948,94.353941398028,1.038400915527
2020-02-13,96.99,1.038400915527,-0.009612459685,0.002642849768,-3.773571e-06,0.001445534331,1.607718308218,0.21980986987,349901100.0,93.602000427246,0.431922317618,2.357142312186,99.598855541191,96.049986480582,-1.640001525879
2020-02-14,94.24,-1.640001525879,-0.001258470048,0.002946760475,0.000139057959,-0.01039588365,1.514813416409,0.23344122211,339288100.0,95.236000061035,-0.340943768173,2.345713479178,85.616031082805,92.912056887825,-0.189996948242
2020-02-18,94.02,-0.189996948242,-0.004040455826,0.002093413046,0.000489167055,0.003736521832,1.289638938409,0.241514166427,328112300.0,95.588000488281,-0.377485394174,2.287856510707,78.166199279713,87.793695301236,-0.409999389648
2020-02-19,93.27,-0.409999389648,0.001709176708,0.002465180761,5.2913704e-05,-0.005332195798,1.045307859428,0.247820009005,318706000.0,95.360000610352,-0.017569393047,2.279999324254,75.644694876668,79.808975079729,0.869999389648
2020-02-20,93.61,0.869999389648,-0.002230710493,0.0024750346,0.000685417665,-0.003406792292,0.861298776724,0.254373972694,325055100.0,94.988000488281,0.113921212571,2.344285147531,78.681937695899,77.497610617427,0.620003356934
2020-02-21,94.0348,0.620003356934,-0.002865374752,0.001604512559,-0.000156896009,0.00079608344,0.694701897703,0.259603330612,330501300.0,94.276000976562,0.09288515394,2.32857131958,79.197719833552,77.84145080204,0.925199084473
2020-02-24,92.82,0.925199084473,-0.029380801837,0.003743083433,-0.000260253302,0.007052186178,0.58701134716,0.262556393609,337177300.0,94.198001098633,0.244912825512,2.383571624756,82.880749062826,80.253468864093,0.319999389648
2020-02-25,92.655,0.319999389648,0.001932577908,0.002025289327,-0.000479819309,-0.007126018003,0.357814790509,0.25669802585,326472199.99999994,94.016000366211,0.291210317437,2.464285714286,66.923617321676,76.334028739351,-3.474999694824
2020-02-26,89.4456,-3.474999694824,-0.006279407453,0.003540058677,0.000233414188,0.009316181449,-0.072909808482,0.249039215266,315105799.99999994,93.130000305176,-0.356920435057,2.674285888672,33.127904001116,60.977423461873,-1.035596337891
2020-02-27,86.25,-1.035596337891,-0.02511029441,0.005702401671,-0.001662090826,0.000696136443,-0.403624305364,0.24051922652,305318900.0,91.984001159668,-0.018207089791,2.689285823277,18.814454948904,39.621992090565,-0.830001831055
2020-02-28,83.99,-0.830001831055,-0.030789010885,0.006205338809,-0.001959351405,0.014494504167,-0.795073644385,0.234466378451,291134800.0,90.22200012207,-0.042603231484,2.940000261579,8.931192485679,20.2911838119,1.719999084473
2020-03-02,85.21,1.719999084473,0.003383513226,0.004406860465,-0.001400722702,-0.009186046512,-0.992935504667,0.222122758364,309584800.0,88.37200012207,0.377603764762,2.820714133126,25.368535398273,17.704727610952,3.480002441406
2020-03-03,87.9908,3.480002441406,0.00845642101,0.005564065295,0.000478346873,-0.016203041145,-0.885155465681,0.199397451745,321755900.0,87.482000732422,0.286655312693,2.952142442976,43.67322569432,25.990984526091,-0.420800305176
2020-03-04,89.23,-0.420800305176,0.019413006214,0.005224711549,-0.000266576906,-0.000448078862,-0.851090376053,0.181686106083,309095000.00000006,87.160000610352,-0.14851653938,3.159999302455,36.793601428392,35.278454173662,2.52
2020-03-05,90.77,2.52,-0.018419645138,0.003700477195,0.000114500274,0.007324381312,-0.52484051676,0.166848847847,325685400.00000006,87.82799987793,0.441975209468,3.312856401716,64.44866257939,48.305163234034,-0.159999389648
2020-03-06,88.2,-0.159999389648,-0.020748231329,0.006908599121,0.000898073386,-0.005973177054,-0.37087119546,0.159094569651,315996999.99999994,88.866000366211,0.133196154818,3.295713697161,64.777633710941,55.339965906241,0.619999694824
2020-03-09,83.985,0.619999694824,-0.05426705372,0.005261904762,-0.00027032043,-0.000178571429,-0.373591592375,0.155005746754,303332400.0,89.488000488281,0.03207267451,3.422142028809,51.936876310827,60.387724200386,1.284996643066
2020-03-10,87.64,1.284996643066,0.03424423494,0.004161242771,0.002348129733,-0.006236534755,-0.585847195221,0.168119337252,287526200.0,88.803999328613,0.15811854223,3.789999280657,26.470560868268,47.728356963345,-0.110001220703
2020-03-11,85.84,-0.110001220703,-0.019764603584,0.005045571096,-0.000409978633,0.000466200466,-0.546192394208,0.169443753389,300492000.0,88.795999145508,-0.048514482666,3.982141767229,42.682920819227,40.363452666107,-0.990001525879
2020-03-12,78.5,-0.990001525879,-0.070713024253,0.013241597971,-0.002047709112,-0.004438807863,-0.664738334681,0.173203900419,290109800.0,87.415998840332,-0.136633141003,4.136427198138,23.457660400377,30.870380695957,0.110000610352
2020-03-13,81.651,0.110000610352,0.060424881861,0.00699256238,-0.005152079436,-0.020501439539,-1.101902715232,0.195418950307,270174100.0,85.015998840332,-0.001463524232,4.5399987357,9.220717271243,25.120432830282,3.719002746582
2020-03-16,79.2,3.719002746582,-0.074616405548,0.005569620253,0.002676703697,0.00253164557,-0.883712993339,0.190969603429,292041800.0,84.325999450684,0.211482365206,4.889998844692,50.670758623824,27.783045431814,-4.930003356934
2020-03-17,72.06,-4.930003356934,0.019388750592,0.010616431119,-0.003005207395,-0.048210276053,-1.403967723074,0.237388093412,271125800.0,82.125999450684,-0.217103388789,5.349999019078,3.774588939007,21.222021611358,0.959996643066
2020-03-18,68.07,0.959996643066,-0.041358487838,0.009080262782,-0.001224135032,-0.027849185947,-1.727988211879,0.277948098687,247920800.0,79.223999023438,-0.121360688163,5.687856401716,13.854588013858,22.76664519223,2.959998779297
2020-03-19,67.2727,2.959998779297,-0.02717162239,0.006070188133,-0.00277212885,-0.026444283647,-1.955313690941,0.316205872912,224208000.0,76.459999084473,0.124028765364,5.907855987549,23.334548269877,13.654575074247,3.787297558594
2020-03-20,70.02,3.787297558594,0.027300907797,0.009725205479,-0.00409579472,-0.040821917808,-1.976747811839,0.34262261915,243947900.00000003,74.949998474121,0.169926789288,6.292855943952,23.444959684369,20.211365322701,-1.200000305176
2020-03-23,65.7143,-1.200000305176,-0.020924185524,0.00874146631,0.001609756367,-0.024720985456,-2.008370080699,0.367598149501,225103400.0,71.63999786377,-0.29266883877,6.361427852086,15.200579799768,20.660029251338,-1.2143
2020-03-24,68.47,-1.2143,0.056744242823,0.008924882629,0.001452859894,0.004548122066,-2.172883767667,0.409872387226,205884400.0,69.685998535156,-0.236612688712,6.434999465942,6.65302173834,15.099520407492,-0.98000213623
2020-03-25,68.22,-0.98000213623,0.006371318992,0.008367932862,-0.001262198451,0.004416961131,-1.940607733314,0.435977929937,224260700.00000003,68.579998779297,-0.035782832508,6.651427950178,16.941010467728,12.931537335279,-0.309996337891
2020-03-26,70.505,-0.309996337891,0.01340002921,0.00792996222,0.001217010127,0.024484161581,-1.631395734349,0.455238949276,244278000.0,67.955999755859,0.036796432453,6.852142061506,19.698654368814,14.430895524961,3.325001831055
2020-03-27,71.9,3.325001831055,-0.029798246283,0.0043915957,0.000330470788,0.003769370376,-0.935456222212,0.458565049432,260257400.0,68.510000610352,0.488938231078,7.069998877389,43.942351857793,26.860672231445,0.769998168945
2020-03-30,74.33,0.769998168945,0.011696690457,0.007698857454,-0.004253524046,0.011017410229,-0.483302778917,0.461671951142,247964099.99999997,69.280000305176,0.149470187011,6.92428452628,39.423444290885,34.354816839164,0.90999786377
2020-03-31,76.25,0.90999786377,0.002126577175,0.005370340999,0.00077287228,0.007798043881,0.031489293769,0.450960537976,258635699.99999997,71.42799987793,0.328877650609,6.860713141305,52.677453490257,45.347749879645,-0.059997558594
2020-04-01,73.1333,-0.059997558594,-0.053419078152,0.010580282862,0.000234900304,0.014050194121,0.455099720498,0.439421066615,279110100.0,73.168000793457,0.136343631954,6.826427187238,57.383268578427,49.82805545319,0.286698168945
2020-04-02,72.355,0.286698168945,-0.008716962757,0.004099340478,0.000178167319,-0.005839516351,0.560913360956,0.410141208727,266162099.99999997,74.269999694824,0.271339523488,6.609998703003,45.729906277209,51.930209448631,2.774997253418
2020-04-03,74.7721,2.774997253418,-0.006388869228,0.005046477364,0.001166901765,0.001501473346,0.746616119768,0.375615131871,274239900.0,74.529998779297,0.317728066075,6.34785597665,64.085569695409,55.732914850348,-1.402097253418
2020-04-06,74.505,-1.402097253418,0.032301963043,0.004643882979,0.000817592951,-0.009242021277,0.749508411158,0.342765849267,266177200.0,74.669999694824,-0.201758429487,5.712141581944,70.396904754311,60.070793575643,1.225003356934
2020-04-07,78.02,1.225003356934,0.03499265521,0.004208876951,-0.00025194881,-0.002046559222,0.898887206541,0.319883518966,276443700.0,74.768000793457,0.019778648123,5.438570022583,85.751496648929,73.41132369955,-2.630000610352
2020-04-08,76.24,-2.630000610352,0.013927617194,0.003385249117,-0.000586159364,-0.003007715444,0.95789349121,0.277170197909,264852000.0,74.608000183105,-0.426863211692,5.081427710397,80.09980083595,78.749400746396,2.319997558594
2020-04-09,79.15,2.319997558594,0.0,0.004414205703,0.001085548585,0.007510183299,1.178979733324,0.248781073769,277070500.0,75.636000061035,0.279111286823,4.701428277152,97.443665891683,87.764987792187,0.6
2020-04-13,80.9603,0.6,0.011410704227,0.003310066948,-0.001393541761,0.003723034962,1.36101901162,0.252524909934,286496400.0,76.560000610352,0.400976878318,4.36785697937,98.117502662841,91.886989796824,-0.660296948242
2020-04-14,80.93,-0.660296948242,0.003985052088,0.002840486232,-0.000170649238,0.003845199702,1.46509630616,0.222318140696,295789900.0,77.946000671387,-0.05079074721,4.11071395874,93.472757541763,96.344642032095,1.199997253418
2020-04-15,80.84,1.199997253418,-0.019724767702,0.004594584524,0.00058827263,0.004098869706,1.593199429951,0.245224709487,306862599.99999994,79.225999450684,0.310506117012,3.770713806152,95.838142126149,95.809467443584,0.979999694824
2020-04-16,82.59,0.979999694824,0.011122019867,0.003895805633,-0.000472170702,-0.001692251904,1.589445602129,0.261982164986,297885300.0,80.511999511719,0.212419737843,3.648571014404,91.456573347986,93.589157671966,-0.729999389648
2020-04-17,84.24,-0.729999389648,0.026142186339,0.003389761905,0.002472551423,0.002857142857,1.521956590306,0.272087762515,308212199.99999994,81.17200012207,-0.190200634473,3.344285692487,85.703302799399,90.999339424511,-0.790003051758
2020-04-20,83.02,-0.790003051758,0.001078537694,0.003225520709,0.001193605602,-0.006224563084,1.513505725281,0.284343132372,318947000.00000006,81.911999511719,-0.106367157624,3.242857251848,89.970030636476,89.043302261287,0.96999786377
2020-04-21,81.79,0.96999786377,-0.017621094954,0.003408920131,0.000188934088,-0.008726215004,1.472043994646,0.286536357602,328073300.0,82.649998474121,0.099405996603,3.180714743478,90.359684740365,88.677672725414,-1.429999389648
2020-04-22,81.5,-1.429999389648,0.010826315828,0.003129631909,0.000314810731,0.003323895113,1.142590558111,0.248797601734,318445799.99999994,82.295999145508,-0.346051541417,3.215715135847,64.244599454954,81.524771610598,-0.029998779297
2020-04-23,82.89,-0.029998779297,0.008714852999,0.002873083475,0.000529173591,0.008639571672,0.949791388347,0.223280919495,325479100.0,82.225999450684,0.080323074179,3.025000435965,72.170152511149,75.591478902156,-0.849999084473
2020-04-24,82.91,-0.849999084473,0.010117038296,0.002723904911,0.000798200239,0.000482683721,0.81612495304,0.193128142264,333348700.0,82.261999511719,-0.026036040702,2.905000414167,74.256641388733,70.223797784945,0.679996337891
2020-04-27,84.85,0.679996337891,0.005263816972,0.002176841604,8.8882384e-05,0.009758419612,0.787209709542,0.192833237818,340119399.99999994,82.289999389648,0.28062058786,2.815000261579,84.601725450513,77.009506450132,-0.159997558594
2020-04-28,84.98,-0.159997558594,0.011925782002,0.002852975496,-5.6692479e-05,-0.008401400233,0.79495479131,0.187618641856,349329100.0,82.430000305176,0.296205869954,2.632143293108,93.933656820306,84.264007886518,-2.21999786377
2020-04-29,82.515,-2.21999786377,0.011599795308,0.003517439083,0.000326750371,-0.01439321548,0.630092051614,0.183446518239,340988100.0,82.910000610352,-0.386583158014,2.651428767613,71.313687356243,83.283023209021,1.24500213623
2020-04-30,82.72,1.24500213623,-0.009431720336,0.002913352615,-0.00274394906,-0.003133285129,0.551234117853,0.182503121347,349219800.00000006,83.368000793457,0.023243241315,2.537857055664,70.175465681952,78.474269952834,-0.520003051758
2020-05-01,80.92,-0.520003051758,-0.003041362643,0.007640024405,4.9458699e-05,-0.012568639414,0.36578626894,0.164490834011,333684000.0,83.4,-0.17730841379,2.609999520438,48.42673690755,63.305296648582,1.919996337891
2020-05-04,81.82,1.919996337891,-0.007484248486,0.004308787731,0.000590754554,-0.004138266796,0.262816860512,0.152276438383,346389300.0,83.25,0.141816059709,2.685714176723,50.708572670125,56.436925086542,0.040000610352
2020-05-05,83.12,0.040000610352,0.013315371729,0.00388185654,-0.001856796135,0.002049427366,0.112957850684,0.123218583117,339556300.0,82.683999633789,-0.094146027801,2.625713893345,35.275565380775,44.80362498615,2.250002746582
2020-05-06,85.88,2.250002746582,0.010659435439,0.003416067702,0.001417084467,-0.004405286344,0.227848924448,0.11089617067,350483300.0,83.205999755859,0.33458066316,2.711428506034,82.817345858217,56.267161303039,-0.460001831055
2020-05-07,85.5247,-0.460001831055,0.012877528655,0.002962552011,-2.2834987e-05,-0.011503698567,0.28132858255,0.088220850372,367525900.0,83.537998962402,-0.131300932619,2.765714372907,66.420643075267,61.504518104753,-1.304698779297
2020-05-08,83.49,-1.304698779297,0.002374696573,0.003632077707,0.000167521172,-0.011016346837,0.213100465374,0.0781614042,355584100.0,83.941999816895,-0.331136386885,2.790714263916,51.660541877401,66.966176936962,0.469999084473
2020-05-11,84.71,0.469999084473,0.013339718423,0.004185189546,0.003279103636,-0.002707793737,0.131667477008,0.071443041865,335396000.0,84.166000366211,-0.090910805658,2.755714416504,48.462485542304,55.514556831658,3.190001525879
2020-05-12,88.58,3.190001525879,0.023890767209,0.004351222222,-0.001164988025,-0.015777777778,0.313961166366,0.083145376479,354615800.00000006,85.374000549316,0.340215888116,2.793571472168,92.964853970702,64.362627130136,1.879999084473
2020-05-13,92.11,1.879999084473,0.003095277273,0.003879215341,0.000665147371,0.015098082433,0.56321322298,0.111607014963,378108100.0,86.391999816895,0.08195273464,2.953571864537,84.910453821279,75.445931111428,-3.239997253418
2020-05-14,88.4081,-3.239997253418,-0.014065488482,0.003528646428,0.001057864958,0.008994521799,0.575240690122,0.121731782748,354545500.0,87.082000732422,-0.181942673989,3.107142857143,71.29475527163,83.05668768787,1.531902441406
2020-05-15,89.973,1.531902441406,0.000778293228,0.002705477169,0.000352274143,-0.000411065437,0.606393523365,0.133471219706,367924999.99999994,88.226000976562,0.397283202934,3.208571842739,80.408894023181,78.871367705363,0.736999084473
2020-05-18,92.3,0.736999084473,0.014221154542,0.004580659197,-0.00032834286,0.004024801479,0.627373095162,0.147685434795,381996199.99999994,89.576000976562,0.211846766217,3.237143380301,86.967640046271,79.557096447027,-0.829998779297
2020-05-19,90.84,-0.829998779297,-0.00229582466,0.002284571554,-0.000144485946,-0.004602235371,0.638808743686,0.162312524463,398296400.0,90.290000915527,-0.099919629831,3.190715244838,83.358648686813,83.578394252088,0.359996948242
2020-05-20,91.62,0.359996948242,0.010197372109,0.002832844893,0.001753527893,-0.005535656138,0.576474393344,0.163690026331,388403900.0,90.438000488281,-0.002896925408,3.153572627476,81.306945059877,83.877744597654,-0.429997558594
2020-05-21,90.38,-0.429997558594,0.000986910138,0.001991893076,-0.000264358067,-0.00985977213,0.486449420583,0.165121258865,377742400.0,90.902000427246,-0.163554093871,3.16142981393,81.23099898044,81.965530909044,2.639996643066
2020-05-22,92.55,2.639996643066,-0.001612490883,0.001892449989,-0.000150296154,-0.004624650462,0.500102824176,0.171634058667,388135600.0,91.517999267578,0.327892410361,3.093572344099,94.896276130256,85.811406723524,-0.450001525879
2020-05-26,92.69,-0.450001525879,0.014657964131,0.002362878221,-0.001084882815,-0.008981075591,0.401386167401,0.175482208438,382628600.00000006,91.795999145508,-0.293834243544,3.062858036586,86.083815749019,87.403696953238,-1.980000915527
2020-05-27,90.88,-1.980000915527,-0.001874084121,0.003283318623,6.3956555e-05,0.002647837599,0.206503803864,0.176208200349,370758800.0,91.643998718262,-0.402275430782,2.965715135847,73.684185445453,84.888092441576,-0.899996643066
2020-05-28,90.804,-0.899996643066,0.009891079756,0.002887971828,0.000731427507,-0.000726312314,0.003211921777,0.169509392069,358229300.0,91.4,-0.101194901575,2.932858058384,67.172184640218,75.646728611563,-0.774001220703
2020-05-29,91.16,-0.774001220703,0.010774200087,0.003577032967,0.001166585312,0.001758241758,-0.144924094868,0.164338529472,366995200.0,91.167999267578,-0.346333197214,2.785000937326,67.618173867833,69.491514651168,1.509998168945
2020-06-01,91.22,1.509998168945,-0.006690354262,0.003720973173,-0.002756216957,-0.009232106006,-0.085105635027,0.156363313369,380754000.0,91.097999572754,0.271550208439,2.862143380301,89.772670838322,74.854343115458,-0.520003051758
2020-06-02,90.53,-0.520003051758,0.002976893953,0.002453995823,0.001134157938,-0.004836759371,-0.192086616776,0.1438545202,372267500.0,90.817999267578,-0.271746977774,2.710000174386,52.487879302701,69.959574669619,0.510000915527
2020-06-03,91.2,0.510000915527,0.004723201899,0.002188695747,0.000144220358,-0.002951787471,-0.250149198471,0.122277539702,381680800.0,90.883999633789,0.030274024366,2.518571036203,57.945403925897,66.735318022307,-0.310000610352
2020-06-04,91.38,-0.310000610352,-0.006711416156,0.002329087284,0.000136328498,0.012184315463,-0.305207803452,0.114311587458,373092400.0,91.065998840332,-0.14217973472,2.332142966134,55.537676076314,55.323653101637,1.660000915527
2020-06-05,93.3,1.660000915527,0.004944100171,0.002848877005,0.000476893986,-0.002139037433,-0.208020859114,0.108257399335,382618100.0,91.667999267578,0.444602611969,2.34500013079,87.843097932117,67.108725978109,0.549998474121
2020-06-08,93.5819,0.549998474121,-0.010015927835,0.002612594187,-0.000294446727,0.0073401507,-0.105545855247,0.093879445928,392248199.99999994,91.903999328613,0.078646709794,2.416428702218,75.787942272472,73.056238760301,1.008096337891
2020-06-09,95.7901,1.008096337891,0.003805905744,0.002980410742,-0.001302465372,0.008847814639,-0.009354963787,0.071429064801,398869600.0,92.681999206543,0.393444883509,2.362857273647,86.389625764908,83.340221989833,0.379898168945
2020-06-10,98.24,0.379898168945,0.008526564526,0.003938550366,0.000212606267,0.01288792659,0.131483094927,0.077900530037,408425500.0,93.707998657227,0.330931043372,2.361428941999,93.950554013893,85.376040683758,-1.339998474121
2020-06-11,96.27,-1.339998474121,-0.012487090458,0.004391263455,0.001577221427,0.006061239419,0.238377575917,0.091909081043,419563800.00000006,94.909999084473,-0.004488501525,2.400000435965,77.293820749455,85.878000176085,-4.00999786377
2020-06-12,94.22,-4.00999786377,0.016041574824,0.003366251198,0.000251453576,0.003728560776,-0.024851046038,0.086168914921,406979000.00000006,94.753999328613,-0.326542034464,2.549286433629,34.291049706672,68.511808156673,-1.760000915527
2020-06-15,91.0739,-1.760000915527,-0.012870456989,0.003086118111,-0.001097341961,-0.002148570176,-0.197332879383,0.083144793883,414989100.0,94.475999450684,-0.152443891476,2.722143990653,36.144589384651,49.243153280259,2.006101831055
2020-06-16,95.38,2.006101831055,0.019123321275,0.004211469534,-0.000392548718,0.005481762598,-0.276641050581,0.081865692921,422109300.0,94.174000549316,0.295920436743,2.721429552351,41.890675519198,37.442104870174,0.679997558594
2020-06-17,96.22,0.679997558594,0.00822403639,0.002250825764,-0.000513610523,-0.00681255161,-0.14215255045,0.08846095926,431475399.99999994,94.152000427246,0.234745978997,2.770000457764,66.256400859591,48.097221921147,-0.48000213623
2020-06-18,95.6,-0.48000213623,-0.001880095145,0.002335705316,0.000368755177,0.000418585182,-0.090984552115,0.091984304323,425263200.0,93.919999694824,-0.293721407988,2.814286368234,62.974352707884,57.040476362224,0.630003356934
2020-06-19,97.67,0.630003356934,0.015483714141,0.003387228817,-8.0765464e-05,-0.000511665984,-0.042822530168,0.09570806432,429834800.0,94.713999938965,0.287699344207,2.664285932268,68.000050073154,65.743601213543,-0.960000915527
2020-06-22,96.21,-0.960000915527,-0.000723810314,0.002783238489,0.000329346558,-0.004552509053,0.000389472591,0.101667220184,439045700.0,95.563999938965,-0.193456421668,2.670000348772,72.923083175614,67.965828652217,1.059996643066
2020-06-23,97.94,1.059996643066,0.011822777481,0.002006299533,-0.00028111352,-0.004877057509,0.043338296904,0.107557967753,445050000.0,96.401998901367,0.220444134493,2.657858167376,78.66664787855,73.196593709106,-0.630002441406
2020-06-24,97.09,-0.630002441406,-0.008734955251,0.002846983205,0.000131493238,0.006531204644,0.050586970027,0.109082228835,451765600.0,96.651998901367,-0.260199136816,2.668572017125,77.582403754192,76.390711602785,-1.950000610352
2020-06-25,94.97,-1.950000610352,0.000420442672,0.003004832948,-0.001214559694,-0.002206345871,-0.106072783959,0.102187558806,442740500.0,96.531999206543,-0.220107218713,2.649285997663,50.875154785315,69.041402139352,2.01999786377
2020-06-26,96.38,2.01999786377,-0.001031018418,0.002564764166,-0.00019217099,-0.005263701104,-0.100466245806,0.096708279989,449152199.99999994,96.68399810791,0.343267184641,2.650714329311,72.462068901805,66.973209147104,-0.250002746582
2020-06-29,96.41,-0.250002746582,0.003848983222,0.002058190101,-0.001670144443,-0.001760198799,-0.166165070976,0.096053318354,434583800.00000006,96.567997741699,-0.180604959377,2.635713849749,62.427055589371,61.921426425497,0.030002441406
2020-06-30,96.013,0.030002441406,-0.004873509009,0.002382708333,-8.4845893e-05,0.000135416667,-0.198066914975,0.088776138942,441260199.99999994,96.401998901367,-0.009626512159,2.605713435582,66.044385799305,66.977836763494,2.167000305176
2020-07-01,97.82,2.167000305176,0.003259316499,0.002524873096,0.000775800746,-0.006903553299,-0.115402892145,0.084744851352,449372700.0,96.575999450684,0.377828147208,2.596427372524,88.942329283893,72.471256890856,1.319999389648
2020-07-02,99.15,1.319999389648,0.003126866658,0.002569130216,-0.000515195858,-0.003016591252,-0.014779261509,0.080105293754,455895600.0,97.375999450684,0.159041459855,2.402856009347,94.144099240206,83.043604774468,-0.270002746582
2020-07-06,98.65,-0.270002746582,0.00768610596,0.002737555199,-0.000178802287,-0.009935768768,0.01400230354,0.080722664334,449736800.0,97.753999328613,-0.123032300258,2.2899987357,87.947874901503,90.344767808534,0.36000213623
2020-07-07,98.88,0.36000213623,-0.003333015089,0.002535974868,0.001309530183,0.002026753141,0.021103299237,0.082375760562,456775800.00000006,98.330000305176,-0.160926444829,2.189999171666,84.94628947291,89.012754538206,0.469998474121
2020-07-08,100.31,0.469998474121,0.004026185526,0.00318378595,0.001655402562,0.00521094298,0.027596153556,0.085342644731,463121400.00000006,98.911999511719,0.167995907511,2.119285583496,78.963840026697,83.952668133704,-1.030001220703
2020-07-09,99.61,-1.030001220703,-0.002014473718,0.002162394025,-0.000787703499,0.005349212757,0.00713958429,0.088988539355,456967000.00000006,99.131999206543,-0.106163898495,2.132856641497,77.864944192613,80.59169123074,-1.669997558594
2020-07-10,97.675,-1.669997558594,0.001225190057,0.002183104326,0.002065275255,-0.005852417303,-0.110200485791,0.08974401667,451149700.0,98.891999816895,-0.176756660075,2.259999956403,56.828904005672,71.219229408327,-0.844998168945
2020-07-13,97.71,-0.844998168945,0.005473497566,0.002339461791,-0.000500046625,0.003594905505,-0.267185137652,0.078566054264,444947200.0,98.482000732422,-0.302008989814,2.225714547294,39.403470229008,58.032439475764,0.150000610352
2020-07-14,96.9,0.150000610352,-0.009094618681,0.003782200681,0.000732207562,-0.000721872744,-0.30361011988,0.06576065545,453454599.99999994,98.252000427246,0.108185645617,2.314999716622,55.572988832243,50.601787688974,1.970002746582
2020-07-15,99.83,1.970002746582,0.011429121291,0.00243,-0.000637607822,-0.0017,-0.26314532922,0.053989467678,460220199.99999994,98.156001281738,0.316614090223,2.394285474505,71.428588527453,55.468349196235,0.650003356934
2020-07-16,99.4,0.650003356934,-0.007862269995,0.00276898385,0.000390625366,-0.002909017956,-0.137718487363,0.058660897552,465881799.99999994,98.396002197266,0.152839373602,2.301428658622,96.703312482049,74.568296613915,0.519998168945
2020-07-17,100.4,0.519998168945,0.003702989926,0.001811446804,-0.000601420944,0.001096819224,-0.10378497234,0.058764222345,461612600.00000006,98.792001342773,0.088089794056,2.224286215646,86.371609462444,84.834503490649,0.430001831055
2020-07-20,100.9116,0.430001831055,-0.000694234787,0.002261016276,0.001231949201,0.001504565304,-0.034927475439,0.06207281119,468503500.0,99.592001342773,0.205273686612,2.17928641183,91.964338003995,91.679753316163,-1.371599084473
2020-07-21,98.66,-1.371599084473,0.002712443647,0.003373209097,-0.000696676274,-0.011521891594,-0.088109472805,0.061689101801,463680199.99999994,99.928001403809,-0.296537328238,2.203571864537,68.073415802343,82.136454422927,-1.259998474121
2020-07-22,98.045,-1.259998474121,0.004106791782,0.002658691207,-0.001545478674,0.002505112474,-0.269039670256,0.061512458861,455441200.0,99.634001159668,-0.442886389862,2.174286433629,27.340825570228,62.459526458855,-0.345003051758
2020-07-23,98.12,-0.345003051758,0.005527133392,0.001946864821,-0.000221832149,-0.001221498371,-0.364227340243,0.06106721253,459883000.00000006,99.07799987793,-0.030130442218,2.116428920201,32.958721226419,42.790987532997,-0.090001220703
2020-07-24,97.2,-0.090001220703,0.000204062764,0.002335441101,0.000828937597,-0.008669046405,-0.397938273487,0.053130158133,465010200.00000006,98.7,-0.063930489558,2.069286346436,39.138535033618,33.146027276755,-0.089999389648
2020-07-27,96.67,-0.089999389648,-0.00782619845,0.002897145823,0.000211827214,0.003321224702,-0.47021469427,0.052852813,459840800.0,97.955999755859,-0.262769037064,2.06071472168,21.910093091719,31.335783117252,0.490003662109
2020-07-28,97.27,0.490003662109,-0.001646805847,0.002360853432,-0.000216135038,0.002576788291,-0.499899439887,0.04963731219,464871500.0,97.480000305176,0.256856478754,2.024999891009,22.846480470745,27.965036198694,-0.560000915527
2020-07-29,96.68,-0.560000915527,0.001654468655,0.001806544854,-0.000364461658,-0.001961391556,-0.532102372088,0.048711255508,458929700.0,97.341999816895,-0.119002669352,1.96357182094,14.419422677476,19.72533207998,0.33000213623
2020-07-30,96.38,0.33000213623,-0.007215797982,0.002206209116,-0.000158897761,0.000726819645,-0.515119020243,0.050555704919,464441700.0,97.204000854492,0.09602173547,1.805714743478,20.037461206322,19.101121451514,-0.339999084473
2020-07-31,97.03,-0.339999084473,-0.005206164049,0.007049901442,0.000723278603,0.006639692914,-0.548071599084,0.054663688918,458030200.00000006,96.806001281738,-0.094578771837,1.779285975865,10.732500466074,15.063128116624,-2.119996337891
2020-08-03,96.26,-2.119996337891,0.002950150337,0.002903666352,-0.001432145063,0.011240676542,-0.619557030214,0.062495730288,443417200.0,96.36600189209,-0.065642700542,1.848571777344,17.593808044815,16.121256572404,-0.319997558594
2020-08-04,95.425,-0.319997558594,-0.00020850815,0.001939324437,-0.000108701832,-0.005160550459,-0.572188725771,0.064907005266,450336199.99999994,96.122001647949,0.188721526009,1.784285954067,30.918508542309,19.748272351066,-1.134999084473
2020-08-05,94.54,-1.134999084473,0.001909007354,0.002048163438,0.000337293758,0.000740975971,-0.622535551902,0.071601820531,442471100.0,95.63800201416,-0.403258128866,1.806428636823,9.573069504262,19.361795363795,-1.29
2020-08-06,93.27,-1.29,0.000750666969,0.002166095156,-0.000286044455,-0.000535790827,-0.69114136667,0.080781535047,435552199.99999994,94.886001586914,-0.356314103422,1.806428636823,1.472426062575,13.988001369715,-0.700000305176
2020-08-07,92.84,-0.700000305176,0.001296345976,0.001924587334,0.000244113864,0.001618297551,-0.743045482701,0.092092774387,428282900.0,94.192001342773,-0.190433985332,1.84285736084,8.342141643201,6.462545736679,0.079998168945
2020-08-10,92.81,0.079998168945,-0.003120974185,0.002346863867,0.000571288365,0.001943214941,-0.714334731213,0.100110855119,433509500.0,93.794000244141,0.148051575992,1.75785773141,14.196756697469,8.003774801082,-0.430002746582
2020-08-11,92.459,-0.430002746582,-0.00075773649,0.002229769256,0.000653548771,0.001614126314,-0.691770776066,0.108300551704,425885900.0,93.081999206543,-0.07401015266,1.677857535226,8.403340690854,10.314079677175,0.210998168945
2020-08-12,93.8426,0.210998168945,0.008416950412,0.002500374292,-0.000754407391,0.003556838841,-0.619696890246,0.112354807671,433094300.0,92.757998657227,0.161430974417,1.664286477225,12.46497850986,11.688358632727,1.66740213623
2020-08-13,94.4364,1.66740213623,-0.003873968572,0.002769182258,-0.000156461786,-0.00739541728,-0.356221719182,0.105256107392,440799900.0,93.209999084473,0.46955780152,1.767143794468,58.190346729447,26.352888643387,0.243600305176
2020-08-14,95.14,0.243600305176,0.007393292628,0.001890018872,0.000279729267,-0.002516250786,-0.219991029318,0.099273344813,434795700.0,93.631999206543,-0.146493731343,1.750714983259,47.463195347167,39.372840195491,-0.070000305176
2020-08-17,95.74,-0.070000305176,0.002314097206,0.001768286284,0.000611790395,0.004722426278,-0.092297121193,0.086668449082,440283800.00000006,94.061999511719,-0.131224419653,1.715000697545,56.335593835108,53.996378637241,0.609998474121
2020-08-18,95.73,0.609998474121,0.002802327729,0.001804077831,0.000110771697,-0.009211343407,0.08036021751,0.077922717353,447535200.0,94.855999755859,0.275378216873,1.788572038923,81.316680793269,61.705156658515,-0.079998474121
2020-08-19,96.995,-0.079998474121,0.015263973457,0.001838121718,0.000116483488,-0.001184224076,0.145606921524,0.07549124317,442977799.99999994,95.452000427246,-0.304802110669,1.84500013079,70.620444802817,69.424239810398,-0.895001525879
2020-08-20,95.57,-0.895001525879,-0.006347561083,0.001863964813,-0.000541665213,0.000837784061,0.213168436817,0.072251782558,450649799.99999994,95.569999694824,-0.313488220659,1.857142857143,76.595747545418,76.177624380502,-0.370003051758
2020-08-21,95.13,-0.370003051758,0.0,0.001531092437,-0.000455642185,-0.000735294118,0.191999541939,0.066795903361,443851800.00000006,95.673999023438,-0.100317539465,1.694285801479,60.638271958255,69.284821435497,-0.269999389648
2020-08-24,94.64,-0.269999389648,0.000421683695,0.001603477345,-0.00022827628,-0.002739726027,0.151626470438,0.063770394241,438582800.0,95.631999206543,-0.164727243235,1.604286193848,54.609967443641,63.947995649105,-0.12999786377
2020-08-25,94.29,-0.12999786377,-0.003174299492,0.001958390829,0.000301225506,0.000849166755,0.100349115834,0.06010516722,434479200.0,95.263999938965,-0.17835454064,1.539285932268,48.404320068902,54.550853156933,-0.230002441406
2020-08-26,93.43,-0.230002441406,-0.005953620807,0.001857647059,-0.000684567972,-0.000748663102,0.038314339665,0.057567856903,427769200.0,94.945999145508,-0.080550554901,1.482856750488,40.425514638837,47.813267383793,0.919998474121
2020-08-27,93.71,0.919998474121,-0.000211941106,0.001946358529,-0.000968679787,-0.006572670412,0.019927081195,0.052899605268,433452000.0,94.595999145508,0.296905036651,1.454285212926,41.965989339761,43.598608015833,0.590003051758
2020-08-28,94.53,0.590003051758,0.002332911815,0.001809035125,0.000902379195,0.000105797715,0.008117941858,0.050899717308,428180500.0,94.416000366211,-0.00342084057,1.496427808489,41.020896453159,41.137466810586,-0.360001831055
2020-08-31,94.35,-0.360001831055,-0.000530906056,0.001502443689,0.000451374818,0.002443688908,-0.004073624528,0.050809769656,423242200.00000006,94.27799987793,-0.150302228643,1.467856815883,38.563337657539,40.516741150153,1.419996643066
2020-09-01,94.83,1.419996643066,-0.002610420891,0.002152428811,-0.001299406046,-0.00722361809,0.094548270527,0.05036443624,433174500.0,94.529998779297,0.42294015748,1.527856554304,63.169573659014,47.584602589904,-2.59000213623
2020-09-02,92.52,-2.59000213623,-0.001842998405,0.0024641034,-0.000542032026,0.004887585533,-0.070143961043,0.054547280374,417390900.0,94.165998840332,-0.329114184043,1.650713239397,15.497510175188,39.076807163914,1.429996948242
2020-09-03,94.0,1.429996948242,-0.000745073945,0.00177354069,-0.000590565919,0.001278227524,-0.056678652668,0.053611274732,426530100.0,94.085998535156,0.41416285693,1.710712977818,43.393103166527,40.686729000243,-2.129997253418
2020-09-04,92.225,-2.129997253418,0.002285828651,0.002447871416,-0.000224920936,0.001574717637,-0.173992858747,0.056198254455,417608199.99999994,93.599998474121,-0.294586060476,1.859998975481,12.322372558275,23.737661966663,-0.354997253418
2020-09-08,91.51,-0.354997253418,-0.003809797464,0.003380681818,-0.000574492193,-0.000109265734,-0.233990390705,0.05951154501,417608199.99999994,93.139999389648,-0.027298084001,1.885712759835,18.859672602348,24.858382775716,-1.289998779297
2020-09-09,90.66,-1.289998779297,0.007093763921,0.00265507374,-0.000757599004,-0.002201188642,-0.359683703213,0.068914845303,409044300.0,92.030000305176,-0.256351923489,1.947856358119,9.661281736873,13.614442299165,0.969997253418
2020-09-10,91.15,0.969997253418,-0.006111509062,0.003018557154,0.000896942018,0.000878445152,-0.323863119696,0.071755071663,414417799.99999994,91.908000183105,0.210997058621,1.979285103934,33.130694501571,20.550549613597,-1.499998474121
2020-09-11,90.125,-1.499998474121,0.001784674066,0.00175370226,0.000314684293,0.003507404521,-0.404289734314,0.082103906205,404014200.00000006,91.048001098633,-0.35711103088,2.031427655901,3.048847857201,15.280274698548,-0.425003051758
2020-09-14,89.61,-0.425003051758,0.003901963383,0.002729261521,0.000650271926,-0.004886174348,-0.422890993763,0.090685203033,412400000.0,90.613999938965,-0.035061724462,2.052855900356,9.469094935877,15.216212431549,0.87999786377
2020-09-15,91.53,0.87999786377,0.010056400526,0.0017904814,-0.000339445537,0.001422319475,-0.353576933687,0.094167388397,417612300.0,90.337998962402,0.132166441299,2.105713435582,20.80339589794,11.107112897006,-0.619996337891
2020-09-16,90.6,-0.619996337891,0.001209910643,0.002225444957,-0.000278994988,-0.004614370468,-0.255599162751,0.092066592519,421463600.0,90.475999450684,-0.175464534524,2.149285452706,26.829302995805,19.033931276541,-0.820001220703
2020-09-17,89.57,-0.820001220703,-0.005346354801,0.001732026876,0.000232721334,0.003023516237,-0.243127188179,0.093674303533,415159200.0,90.105999755859,-0.383606572111,2.157142094203,10.616897188846,19.41653202753,0.059997253418
2020-09-18,89.85,0.059997253418,-0.001561970255,0.002836965024,0.000519045005,0.004022795843,-0.221806730946,0.092324245393,409554500.0,90.101998901367,0.110318308327,2.174284798758,8.464795329641,15.303665171431,0.260000610352
2020-09-21,88.48,0.260000610352,-0.010764634493,0.003392977339,0.001664032487,-0.007404083464,-0.155346887582,0.090796052792,419630800.0,90.183999633789,0.198125283304,2.21142741612,17.482513749135,12.188068755874,0.609996337891
2020-09-22,88.73,0.609996337891,-0.002132616678,0.002677241534,-0.000371708958,-0.0017999775,-0.159451401932,0.09161150266,412302500.0,89.903999328613,0.001621203798,2.278570447649,21.94283621401,15.963381764262,-0.130001525879
2020-09-23,88.37,-0.130001525879,0.004514689986,0.002622192349,6.5116835e-05,-0.010026326108,-0.173381930404,0.093266153901,406996400.0,89.441998291016,-0.141304614509,2.030713217599,20.028017187911,19.817789050352,-1.230000610352
2020-09-24,86.15,-1.230000610352,-0.00160660306,0.002821061102,-0.000782683502,-0.009599356211,-0.254248992158,0.099744128927,400743399.99999994,88.913998413086,-0.420223074132,2.017141614641,0.278117628544,14.082990343488,-0.239996337891
2020-09-25,86.37,-0.239996337891,0.00104756529,0.002360465116,0.001523563518,0.004302325581,-0.357573629403,0.107923326767,390762599.99999994,88.169999694824,-0.3146259372,1.91714150565,7.554470571638,9.286868462698,-0.139996643066
2020-09-28,87.58,-0.139996643066,0.012292676764,0.003004582426,-0.000171208408,0.003322259136,-0.369825722254,0.111314024352,400698200.00000006,87.394000244141,0.090261799414,1.834999084473,12.79892523014,6.877171143441,-0.300001220703
2020-09-29,87.03,-0.300001220703,-0.001947733402,0.002179198714,0.000473739202,-0.000918379061,-0.276923504138,0.108828388821,407005100.0,87.032000732422,0.003858905646,1.802855355399,27.566792066704,15.973395956161,-0.140000610352
2020-09-30,86.99,-0.140000610352,0.001265975499,0.00149816092,0.000658244243,-0.000114942529,-0.214248629002,0.09626193165,401496199.99999994,86.690000915527,-0.107820771137,1.714284079415,23.573556025512,21.313091107452,0.599996337891
2020-10-01,87.85,0.599996337891,0.006621781657,0.002990813202,0.00042612345,-0.003629352387,-0.103755851548,0.094607377534,409705500.0,86.780000305176,0.190284672905,1.67714200701,34.084014932908,28.408121008374,-0.710000610352
2020-10-02,87.19,-0.710000610352,-0.007344496146,0.002924855491,0.0004711704,0.007976878613,-0.042237396588,0.084601219614,400928199.99999994,87.025999450684,-0.349377217003,1.687141963414,27.32730771464,28.32829289102,-1.069997253418
2020-10-05,86.8,-1.069997253418,0.004296273867,0.002245693144,0.000460130978,0.003584229391,-0.050919778569,0.084496233572,395373900.0,87.003999328613,-0.138605723136,1.651427132743,12.012051227376,24.474457958308,1.130000305176
2020-10-06,87.85,1.130000305176,0.000454917723,0.001704444697,-0.000337563872,-0.001364101398,0.077572134724,0.078469551563,401358100.0,87.133999633789,0.376684725969,1.692140851702,43.865578967801,27.734979303272,-1.960000610352
2020-10-07,86.4333,-1.960000610352,0.003143605477,0.002052808728,0.000278639237,0.003172005571,0.039431769463,0.081223475706,392614300.0,86.933999633789,-0.428873588286,1.747141156878,10.382512140524,22.0867141119,0.636699694824
2020-10-08,87.8341,0.636699694824,0.00229696737,0.002352469348,-0.000158034363,0.006463847829,0.104251983596,0.074603318414,398514000.0,86.830000305176,0.365557956294,1.731427328927,33.783781786916,29.343957631747,-0.494103662109
2020-10-09,87.4,-0.494103662109,0.000801549429,0.001589978263,1.375305e-05,-0.000114403386,0.17189599234,0.073361340702,404049100.0,86.869999694824,0.030587311633,1.732856205532,49.148329503585,31.104874477008,0.299996948242
2020-10-12,87.499,0.299996948242,0.005359193125,0.002157876829,-9.245734e-06,-0.007610298287,0.243115947315,0.07131456824,410054900.0,87.185998535156,0.115101726949,1.619998931885,60.253141559377,47.728417616626,0.820999694824
2020-10-13,88.35,0.820999694824,-0.003509936138,0.001664469947,0.001448092809,0.003863197364,0.328882386884,0.066178291585,417369799.99999994,87.263998413086,0.065840771807,1.628570556641,75.949425747672,61.783632270211,-0.519998168945
2020-10-14,86.5691,-0.519998168945,-0.011385631096,0.001856929098,-0.000110743189,-0.003578499079,0.347683027426,0.057499844228,409518100.0,87.651998901367,-0.060097739344,1.569999694824,72.12642857106,69.442998626036,-0.499100305176
2020-10-15,85.112,-0.499100305176,-0.007668130999,0.002377941693,2.2782265e-05,-0.003489052804,0.241684096181,0.055174052062,403654200.00000006,87.451998901367,-0.307021549863,1.577856881278,18.263469628892,55.446441315875,0.118003356934
2020-10-16,86.21,0.118003356934,0.007743705347,0.002607754104,0.000987472226,0.003725695657,0.121181624047,0.054907082481,397463300.0,87.030000305176,-0.110809145209,1.557142530169,7.031353995749,32.473750731901,0.059996643066
2020-10-19,86.395,0.059996643066,0.00370928141,0.001673056935,0.000434913299,-0.002251992147,0.117605900547,0.046529731999,402821799.99999994,86.744000244141,0.144745819134,1.553571428571,34.114484500878,19.803102708507,-2.085002441406
2020-10-20,84.515,-2.085002441406,-0.001423260831,0.002275534442,0.001061102263,0.003741092637,-0.004215509022,0.049569768909,392533799.99999994,85.941999816895,-0.412795471108,1.674285888672,3.854391469947,15.000076655525,-0.265
2020-10-21,83.61,-0.265,-0.007952500522,0.002707944484,-0.000847755763,0.000358937545,-0.0725016776,0.052644515799,385601700.0,85.225999450684,0.02964364898,1.658571515765,15.427529323477,17.798801764768,-0.720000610352
2020-10-22,83.5901,-0.720000610352,0.001568310464,0.002015417972,-0.000482169025,0.006867019995,-0.186451232211,0.065015634112,375824800.0,84.589999389648,-0.208824235331,1.676429203578,5.288486225907,8.19013567311,0.719897558594
2020-10-23,84.04,0.719897558594,0.00391414827,0.002020912098,0.00047118812,-0.007088846881,-0.14521030101,0.068494549506,383904900.0,84.40599822998,0.339094278781,1.726429530552,28.044847102085,16.253620883823,0.299996337891
2020-10-26,83.86,0.299996337891,-0.002964192683,0.001914615293,0.000479671902,-0.002735164704,-0.09723644771,0.071624891398,388143600.0,84.019998168945,-0.116794956037,1.66571535383,28.525596347016,20.619643225003,0.059998168945
2020-10-27,83.97,0.059998168945,0.000953310686,0.0020475,-0.000143602098,-0.000357142857,-0.076053530368,0.074657519953,380157300.0,83.941998291016,-0.047294028333,1.607143947056,21.794862386315,26.121768611805,-1.260000915527
2020-10-28,81.8,-1.260000915527,-0.016443001153,0.004211756026,0.000149288787,0.005902606985,-0.123015767651,0.081941271722,373451700.0,83.63399810791,-0.398676208492,1.61928667341,2.403868490488,17.574775741273,-1.31000213623
2020-10-29,79.4376,-1.31000213623,0.00012426558,0.003364223602,-0.000518062841,-0.013197515528,-0.274403828549,0.097257604288,361971500.0,83.153997802734,-0.206036578279,1.677143641881,2.920558977249,9.039763284684,1.232398168945
2020-10-30,84.53,1.232398168945,0.031362325979,0.006409760202,0.00184384067,0.016046637418,-0.329520047943,0.108134890955,370848199.99999994,82.425997924805,0.051617877993,1.741429465158,16.099041954487,7.141156474074,0.569998474121
2020-11-02,86.39,0.569998474121,0.010928323406,0.002503196559,-0.000212479441,0.004184586772,-0.049429544814,0.107702878949,388937300.0,82.577998352051,0.320996952799,2.04071535383,61.816267842778,26.945289591504,1.86
2020-11-03,87.9817,1.86,0.01008497892,0.003351020866,-0.000802136639,-0.01299416648,0.344505359106,0.108696096218,399718700.0,83.443998718262,0.451398896654,2.19142968314,96.924698758096,58.280002851787,-0.021700915527
2020-11-04,96.05,-0.021700915527,0.058890408812,0.010967520266,0.000512808387,0.031298652494,0.568826892561,0.112310997291,391199900.0,84.493998718262,-0.289879203636,2.19357245309,86.089489534604,81.610152045159,-1.55
2020-11-05,93.88,-1.55,0.009100535559,0.005259857383,-0.000457130093,-0.015520134228,1.109657035087,0.147080040821,417048900.0,87.295999145508,0.16658155428,2.795000893729,83.732326923766,88.915505072155,-0.189997558594
2020-11-06,92.37,-0.189997558594,-0.007578173401,0.003679333117,-0.001357319411,0.0,1.348928567712,0.168305790147,409035900.0,89.9,-0.317900695466,2.837857927595,79.325375457007,83.049063971792,0.479998474121
2020-11-09,95.5287,0.479998474121,0.031125465128,0.004976916649,-7.5489937e-05,-0.00220701901,1.381656576725,0.18184477964,402028999.99999994,91.45,-0.023059400135,2.789286477225,74.755168205843,79.270956862205,-0.408697253418
2020-11-10,96.91,-0.408697253418,0.0093565955,0.002870117696,0.00140204553,0.009374023539,1.478535835735,0.202467269209,413057900.0,92.824000549316,-0.123979059758,2.981428963797,87.105574144643,80.395372602498,1.960002746582
2020-11-11,99.12,1.960002746582,0.002831989193,0.002548103323,-0.00112448069,-0.000302571861,1.701625272129,0.237692855369,425325100.0,95.006001281738,0.42627152527,3.147142682757,98.70132591699,86.854022755826,-0.969998474121
2020-11-12,97.08,-0.969998474121,-0.006622532,0.002044615385,-0.000316432595,-0.004307692308,1.70298270235,0.261159401808,415848600.00000006,95.736001586914,-0.227396603689,3.154285975865,91.71483119157,92.507243751068,0.519998474121
2020-11-13,97.84,0.519998474121,-0.001946668186,0.00189959963,0.001055221067,0.004414331177,1.572259091968,0.276344034857,408202000.0,96.518000793457,0.041543802244,3.201429094587,89.065491137932,93.160549415498,1.200000915527
2020-11-16,100.09,1.200000915527,0.009289157517,0.002379154986,-0.001133502404,0.002102523028,1.48901639689,0.293614949793,415090599.99999994,97.756001281738,0.389923067422,3.245715005057,96.001918368948,92.260746899483,-1.729999389648
2020-11-17,99.445,-1.729999389648,0.010268423444,0.003232665795,0.000242444003,0.000754754956,1.301210147154,0.301410719548,406479300.0,98.404000854492,-0.350756517963,3.290714808873,89.827343560291,91.631584355724,-0.235000915527
2020-11-18,100.1,-0.235000915527,0.007962916267,0.0030859,0.001576477373,0.001,1.152385827645,0.30757127834,418072800.0,98.47200012207,-0.044972095917,3.250000544957,93.79373862318,93.207666850806,-1.379998779297
2020-11-19,99.44,-1.379998779297,0.000405195655,0.002696435804,0.000840085683,0.006885378696,0.947654287331,0.304942490835,409192199.99999994,98.586000061035,-0.389360618902,3.203571864537,89.623719494169,91.081600559213,0.229998168945
2020-11-20,98.97,0.229998168945,0.002809258397,0.003170985493,0.001500236628,-0.009804902451,0.808350758766,0.304477562656,416742500.0,99.0,0.299490276338,2.924286433629,94.016487670279,92.477981929209,1.869996337891
2020-11-23,101.8618,1.869996337891,0.010908430617,0.002457916421,0.000218461291,-0.000767117912,0.72955633062,0.302925980376,426424999.99999994,99.359999084473,0.154545527007,2.907857622419,93.124962575066,92.255056579838,0.318200305176
2020-11-24,102.93,0.318200305176,0.006850625819,0.002333203808,-0.000451724348,-9.7143967e-05,0.702004934921,0.29884822044,433966500.0,100.123999023438,0.079274914545,2.905000959124,94.751116092136,93.96418877916,1.029999084473
2020-11-25,103.89,1.029999084473,-0.001346665938,0.002343575419,-0.000198805401,0.000674243884,0.734495398651,0.289397022291,443288700.0,101.073999023438,0.251845431281,2.412858145578,93.440117686898,93.772065451367,0.309996948242
2020-11-27,105.13,0.309996948242,0.00748566633,0.003703269469,0.000140902567,0.002097035554,0.70296240858,0.26199315099,449656800.0,102.169998168945,0.182703216179,2.309286934989,95.270764922427,94.487332900487,-0.240000610352
2020-11-30,104.74,-0.240000610352,0.002192805399,0.00233380898,0.000848418268,-0.003614916286,0.660069816778,0.225028673762,454075600.0,103.213998413086,-0.022850974383,2.28214427403,91.823870046698,93.511584218675,-0.159998168945
2020-12-01,105.62,-0.159998168945,0.004494178739,0.003276688868,0.001263277249,0.004947668887,0.546983650775,0.200202975454,433349100.0,103.961999511719,-0.144080515812,2.115715571812,88.003927964502,91.699520977876,-1.579999084473
2020-12-02,104.19,-1.579999084473,-0.000384476309,0.002894230769,0.001836334559,0.001826923077,0.379904712733,0.181579696326,425725600.0,104.333999633789,-0.204567102885,1.996429988316,76.831715919021,85.553171310074,0.79999786377
2020-12-03,104.97,0.79999786377,9.5267515e-05,0.001962380952,0.000588914779,-0.000285714286,0.281965008279,0.155354627,431217799.99999994,104.539999389648,0.250101475009,1.993572235107,86.237627717743,83.691090533755,-0.23000213623
2020-12-04,105.59,-0.23000213623,0.002673274632,0.001956198819,-0.000779068684,0.005427537612,0.15527094002,0.152275658901,426524199.99999994,104.647999572754,-0.086175123979,1.960000174386,81.737191862615,81.602178499793,1.689998779297
2020-12-07,106.0703,1.689998779297,-0.002237116578,0.002314056525,-0.001363703817,-0.010630538196,0.194893152599,0.150209960165,433760000.0,105.125999450684,0.5041230602,1.990000043597,99.665937699708,89.213585760022,-0.230303662109
2020-12-08,106.69,-0.230303662109,-0.001322745602,0.002624597919,-0.000408587323,0.009366130558,0.082243408927,0.134744032701,427227500.0,105.377998352051,-0.256038431732,1.99785723005,83.142190186345,88.181773249556,1.000002441406
2020-12-09,107.94,1.000002441406,0.001950033241,0.001830398517,-0.000751195518,0.000370713624,0.089831048695,0.129898975959,433915700.0,106.107998657227,0.3745873109,2.058571406773,93.237747036989,92.015291641014,0.729998168945
2020-12-10,107.94,0.729998168945,0.003588841412,0.003401705483,0.000484058546,-0.01026957638,0.11665662158,0.136816869087,441266400.0,106.843998718262,0.260281327592,2.052143096924,95.454515889499,90.611484370944,-0.45000213623
2020-12-11,106.92,-0.45000213623,-0.004465492019,0.002280438669,-0.000390765686,0.00022358159,0.016022132683,0.13540376785,434980700.0,107.393998718262,-0.315919225152,2.112142835345,84.235480955463,90.975914627317,-0.580003662109
2020-12-14,106.73,-0.580003662109,0.010250178718,0.003036488876,-0.001437254852,-0.0065158708,-0.157348493097,0.127261099403,429775500.0,107.20599822998,-0.173415677009,2.019285474505,65.222715942458,81.63757092914,-2.530003051758
2020-12-15,104.54,-2.530003051758,0.011900245005,0.00277977997,-0.000574263489,-0.008535660091,-0.430041067464,0.119948600106,421502800.0,106.877998352051,-0.386681068498,2.166428157261,24.657461068334,58.038552655418,-1.720000305176
2020-12-16,102.14,-1.720000305176,-0.003112232015,0.002070439024,-5.9747752e-05,-0.003512195122,-0.701210008256,0.109357598353,409401799.99999994,105.903997802734,-0.40331039646,2.201428004674,7.320642253028,32.40027308794,2.499999389648
2020-12-17,104.8598,2.499999389648,0.002102458161,0.002426664124,0.001344866207,-1.907305e-06,-0.75139431217,0.099714566919,418583900.0,105.097998046875,0.321614831577,2.375713893345,37.793073977815,23.257059099726,0.030199389648
2020-12-18,104.82,0.030199389648,0.001334725812,0.001662382177,0.000369617582,-0.001999428735,-0.758920115825,0.085373433616,424944500.0,104.577998352051,0.017416918796,2.360713413783,41.241349839409,28.785022023417,-0.370003051758
2020-12-21,102.27,-0.370003051758,-0.016179941229,0.002684507591,0.000210506805,-0.004768392371,-0.781618494268,0.072386763511,411037700.0,104.199998474121,-0.147010634571,2.36714226859,35.172350648435,38.068924821886,1.439999084473
2020-12-22,102.68,1.439999084473,-0.002892637402,0.00163794604,-0.000581994548,-0.0070592786,-0.830000402499,0.063474617926,404373100.0,104.101998901367,0.211847778481,2.407142094203,28.421006132905,34.944902206916,0.120003051758
2020-12-23,103.28,0.120003051758,0.002529129369,0.001353386377,0.000326433015,0.002134678828,-0.900901137238,0.061484928031,400370200.00000006,104.097999572754,-0.197451413628,2.381427764893,16.447371721086,26.680242834142,-1.220703e-06
2020-12-24,102.9515,-1.220703e-06,-0.001645993135,0.001318009892,-0.000249676601,-0.001537193289,-0.891440139706,0.062735446505,404029300.0,103.825999450684,0.1127821068,2.362142290388,22.76310624538,22.543828033123,0.30850213623
2020-12-28,103.2,0.30850213623,0.003776867922,0.00171712494,-0.000479043663,-0.004341534009,-0.861982498998,0.064258855459,402650700.0,103.5,0.098762864189,2.234999520438,22.49999246803,20.570156811499,0.249996948242
2020-12-29,104.95,0.249996948242,0.004833252922,0.002197306397,-0.000451991895,0.00962000962,-0.806169771386,0.065698367853,406599600.0,103.3,-0.080602610224,2.152142116002,24.999924706618,23.421007806676,-0.250003051758
2020-12-30,105.51,-0.250003051758,0.003915985426,0.001585577015,-0.000254290357,0.003805537056,-0.667279502582,0.065649782182,411696000.0,103.497999572754,0.27086473625,2.092856815883,41.447296427703,29.649071200784,-0.240003356934
2020-12-31,104.9835,-0.240003356934,-9.4941647e-05,0.001574793428,-0.000496774053,-0.002911007693,-0.525473863743,0.065123272865,417024400.0,103.991998291016,0.076161573269,2.093571254185,49.468021960406,38.638414364909,2.166501525879
2021-01-04,106.3,2.166501525879,0.000279969938,0.002800597182,-0.001003235218,-0.008117943454,-0.304475481441,0.067515451959,423172500.0,104.765998840332,0.400227959616,2.095714024135,85.889591357649,58.934969915253,-0.889996337891
2021-01-05,106.06,-0.889996337891,0.0,0.002544540366,0.000767173055,0.006166397875,-0.275751879228,0.067437046932,413649100.0,105.195999145508,-0.237026940205,2.208571297782,59.202493821287,64.853369046448,0.44
2021-01-06,105.19,0.44,-0.016431924883,0.003077482686,0.001539632725,0.00690638805,-0.187816010005,0.065909089467,420472900.0,105.805999755859,0.239253419222,2.094999585833,85.3448423132,76.812309164046,0.390001831055
2021-01-07,106.05,0.390001831055,0.005019878482,0.002422410546,9.3313751e-05,-0.001412429379,-0.195221865559,0.065740094092,409455399.99999994,105.982000732422,0.152128563961,2.086428506034,69.482792401239,71.343376178575,0.659999084473
2021-01-08,107.14,0.659999084473,0.001218229356,0.001519561962,-0.000364940505,0.002807937102,-0.130726971129,0.063327554711,417651399.99999994,106.270001220703,0.208323587171,1.942142486572,88.965519040404,81.264384584948,0.129996643066
2021-01-11,108.203,0.129996643066,-0.00186442579,0.002564143277,-0.000776722186,0.010629057115,-0.060625104185,0.058198986935,422997300.0,106.294000244141,0.12971943743,1.969285147531,95.652135067762,84.700148836469,0.816996643066
2021-01-12,110.18,0.816996643066,0.001834567821,0.002563633034,0.001456210768,0.008789598975,0.085397601425,0.064295638025,429331500.0,107.015998840332,0.402985901538,2.014284951346,93.258410901542,92.625355003236,-0.400001220703
2021-01-13,111.1,-0.400001220703,0.000182221467,0.003189981785,0.000719716539,0.011839708561,0.207977277102,0.075087299747,435438400.0,107.671998596191,0.176234924162,1.932856968471,88.597487073423,92.502677680909,1.349996948242
2021-01-14,110.62,1.349996948242,-0.015562472632,0.003596459323,0.000699720871,0.003355098998,0.430854949058,0.095768736646,445259700.0,109.045997619629,0.373637639006,2.076429094587,91.119276095768,90.991724690245,1.009997253418
2021-01-15,111.35,1.009997253418,-0.003852013937,0.002063758993,-0.001072069012,0.001348920863,0.481208330157,0.104269718598,436990900.0,110.029997253418,0.160056246353,2.223572322301,83.533713642389,87.750158937194,-0.830003356934
2021-01-19,111.0734,-0.830003356934,0.006605169916,0.002369438202,0.000420394279,-0.00158741573,0.4011832686,0.109455930765,427794700.0,110.679997253418,-0.154052031839,2.320714678083,72.9653287208,82.539439486319,1.106600305176
2021-01-20,111.74,1.106600305176,0.00650742873,0.002161101762,5.763412e-06,-0.010362235409,0.419495394611,0.118371440171,435518500.0,111.31199798584,0.235966929784,2.384286063058,87.120387803663,81.206476722284,0.880002746582
2021-01-21,112.041,0.880002746582,8.8745397e-05,0.003261938576,-0.000510962354,-0.005494407953,0.419669670157,0.125666186877,442073100.0,111.879998779297,-0.081720772992,2.363571166992,91.727741738269,83.93781942091,-0.78099786377
2021-01-22,109.78,-0.78099786377,-0.005482658625,0.002267419792,0.000475339705,-0.007862629914,0.292637854912,0.12580212655,436656100.0,111.641999816895,-0.335277241446,2.396427699498,77.486902203052,85.445010581661,1.080000610352
2021-01-25,109.55,1.080000610352,-0.010193011431,0.002567885475,0.000665938386,-0.001094191666,0.153132861988,0.121012395813,431470599.99999994,111.488000488281,0.059089787173,2.374284471784,73.298405888766,80.837683276696,0.95
2021-01-26,110.429,0.95,0.007239846622,0.002761904762,0.001261947839,-0.007825696316,0.015326749403,0.115177127707,424542400.0,111.484001159668,0.199733116094,2.269284929548,68.472344480697,73.085884190838,-1.628996948242
2021-01-27,106.125,-1.628996948242,-0.023161803325,0.006873353406,0.000469997001,-0.001458411743,-0.199740882335,0.106242178855,418987800.00000006,110.808001708984,-0.443611528141,2.294285365513,50.054182728015,63.941644365826,-3.334999084473
2021-01-28,103.14,-3.334999084473,0.011771564099,0.002192211538,-0.000613972234,-0.008269230769,-0.7265595491,0.108664926522,407099900.0,108.842001342773,-0.404581666277,2.522857121059,1.848469891241,40.124999033318,1.069999084473
2021-01-29,103.62,1.069999084473,-0.002015152925,0.003001057692,0.001716607005,-0.003653846154,-0.94533978214,0.109997605783,415634200.00000006,107.432000732422,0.06146388592,2.584285736084,14.972288815426,22.291647144894,-1.139996643066
2021-02-01,103.16,-1.139996643066,0.005074127889,0.003730776699,0.000539996751,0.001553398058,-1.15844930221,0.118164757971,406253799.99999994,105.756001281738,-0.270505707708,2.649285997663,5.775909015074,7.532222573914,-0.859996948242
2021-02-02,103.1269,-0.859996948242,0.005669542369,0.002403382582,0.000382510122,0.002399883359,-1.25527554899,0.128444338168,398735600.0,104.11600189209,-0.162491352662,2.616428920201,4.224183062915,8.324126964472,0.343101220703
2021-02-03,104.3,0.343101220703,0.02638441766,0.006711676083,-0.00119955646,-0.017890772128,-1.18512712533,0.132478516017,409216900.0,103.050001525879,0.171731225769,2.634285518101,14.310368866644,8.103486981544,2.649996948242
2021-02-04,105.46,2.649996948242,-0.000747958896,0.003941049874,0.000126101619,-0.013193599701,-0.863879717299,0.132124042292,421318800.0,103.882000732422,0.12198043118,2.662142072405,45.527005955545,21.353852628368,3.069998779297
2021-02-05,109.78,3.069998779297,0.010135432475,0.003293259144,1.4583926e-05,0.001368238621,-0.521372865546,0.130183409796,430396600.00000006,104.746000671387,0.245373238352,2.693570273263,59.521706600269,39.786360474153,-1.049996643066
2021-02-08,107.41,-1.049996643066,0.001471498462,0.003006517947,-0.000583766642,-0.013953915358,-0.270375668032,0.129450827259,437647600.0,105.996000671387,-0.237485436889,2.670713152204,61.293226187517,55.447312914444,-0.570003662109
2021-02-09,106.34,-0.570003662109,-0.007862189879,0.001832641509,1.1585615e-05,0.00320754717,-0.222656053417,0.129774679546,428448500.0,106.903999328613,-0.308508443057,2.750713893345,44.552687076699,55.122539954828,-0.939998474121
2021-02-10,105.7101,-0.939998474121,0.005502863593,0.002324872617,0.001821102631,-0.002546706926,-0.275622224747,0.131974057298,422941600.0,107.289999389648,-0.209232958964,2.757856641497,32.815385427789,46.220432897335,-1.660096948242
2021-02-11,104.51,-1.660096948242,0.0049975649,0.001962704409,-0.00029259449,-0.00057377833,-0.382548167037,0.135598459786,415495600.0,106.710000610352,-0.388834708779,2.787856510707,22.880544264123,33.416205589537,-0.76
2021-02-12,103.65,-0.76,9.6406132e-05,0.002781804163,-0.000104243835,-0.001060138782,-0.44980965428,0.13384673011,410405500.0,105.754000854492,-0.294916120711,2.73357118879,20.442585018515,25.379504903476,0.790002441406
2021-02-16,105.775,0.790002441406,0.008521633175,0.002695908098,0.001280114499,0.004224817241,-0.424479226292,0.131024499194,414143900.0,104.896000671387,0.246235188453,2.690713609968,27.713417915615,23.678849066084,-1.575003051758
2021-02-17,105.385,-1.575003051758,0.004798464632,0.002771000382,0.000741451749,0.005966017564,-0.400825302229,0.12967992312,408506599.99999994,104.368000793457,-0.249956396754,2.649999346052,28.250586855884,25.468863263338,0.905000915527
2021-02-18,105.865,0.905000915527,-0.009125987509,0.002446923661,-0.000786911572,0.005174705659,-0.22985283375,0.120733443355,415447000.00000006,104.546000671387,0.31800085538,2.392141614641,52.955128146841,36.306377639446,0.194997558594
2021-02-19,105.5619,0.194997558594,0.001602921009,0.00255972889,-0.000577649283,-0.006289183846,-0.123040181353,0.10790369942,410060400.0,104.947999572754,0.27088470817,2.324284689767,50.236412049949,43.814042350891,-0.55189786377
2021-02-22,104.42,-0.55189786377,-0.003333001305,0.001986814447,0.00033667719,-0.00229313969,-0.114090498933,0.098217051739,403358000.0,105.2,-0.332260776224,2.260712759835,37.455446034111,46.882328743634,2.639997558594
2021-02-23,107.19,2.639997558594,-0.000840615916,0.002680658128,0.000760097787,0.002056651398,0.031145621576,0.088335817433,413630500.0,105.723999023438,0.363937956381,2.362141200474,58.687252613886,48.793036899316,-0.920003356934
2021-02-24,106.37,-0.920003356934,-0.002540666713,0.002702421175,-1.8360103e-05,0.007276404903,0.072877005037,0.077302100884,406571900.0,106.137998962402,-0.205699917093,2.335712977818,43.820186185489,46.654294944495,2.320002441406
2021-02-25,108.77,2.320002441406,-0.001932092003,0.002058628319,-0.000879018868,0.002673303835,0.25223502434,0.076942023816,414198100.0,106.617999267578,0.367925309026,2.317141941616,77.809054972184,60.105497923853,-1.439998168945
2021-02-26,107.16,-1.439998168945,0.003260956565,0.002312128529,-0.000561163083,-0.004829123328,0.266646436109,0.074834264765,407960500.0,106.87200012207,-0.247458950647,2.217142377581,58.707909707667,60.11238362178,0.57999786377
2021-03-01,108.44,0.57999786377,0.007332475693,0.002695107344,0.000795542011,-0.000829263798,0.289266349365,0.075711686598,417210500.0,107.417999267578,0.024259775729,2.316428593227,72.972904118824,69.829956266225,-0.029996337891
2021-03-02,108.65,-0.029996337891,0.004058618182,0.002023059256,0.00080930608,-0.001837390905,0.331779338387,0.072606979959,421920000.0,107.688000488281,-0.047371650943,2.194999694824,83.624823049064,71.768545625185,-0.800001525879
2021-03-03,106.48,-0.800001525879,-0.009179396178,0.002540052405,-0.00015448402,-0.003556054651,0.305279700931,0.065592840442,416432999.99999994,108.004000854492,-0.311192772869,2.183571406773,74.721721198683,77.106482788857,0.229999084473
2021-03-04,107.34,0.229999084473,-0.001967941957,0.002070422535,0.000351586211,0.007887323944,0.19920377181,0.060354645244,409214300.0,107.608000183105,-0.036771499559,2.182143075126,56.597727183785,71.648090477177,-1.689998474121
2021-03-05,105.37,-1.689998474121,0.003407483248,0.002299783039,-0.001107408521,-0.006037166305,0.053463144478,0.060683537554,401710599.99999994,107.27200012207,-0.138533960602,2.285000392369,39.745622189515,57.021690190661,1.329996948242
2021-03-08,105.8975,1.329996948242,0.001405825025,0.002137856809,0.000178024558,-0.008914365934,0.025034386646,0.057957647753,408988400.0,107.063999938965,0.131833086429,2.392143249512,49.446447188344,48.596598853882,0.212500610352
2021-03-09,107.79,0.212500610352,0.003486973372,0.002714969947,0.000782028662,0.012302779865,-0.033092782881,0.054100578661,402939000.00000006,106.603999328613,-0.145658629707,2.405714307513,37.988824427434,42.393631268431,-0.999999084473
2021-03-10,107.1562,-0.999999084473,0.005618489268,0.002124033895,-0.000333849585,-0.002177111463,-0.025663575265,0.054061268174,409796500.0,106.391999816895,0.079423040493,2.404285975865,50.651765903246,46.029012506342,0.8438
2021-03-11,107.52,0.8438,0.001203678272,0.002137242208,-0.000387024633,-0.005641357625,0.056347424567,0.055443734622,415559100.0,106.65,0.238889897683,2.416428702218,73.184325779821,53.941638703501,0.350002746582
2021-03-12,107.839,0.350002746582,-0.000648926421,0.001799536178,-0.000617502523,0.000361781076,0.095161831756,0.052770543841,410887700.0,107.094000244141,-0.094793569304,2.380714961461,70.763521554414,64.866537745827,0.381001220703
2021-03-15,109.795,0.381001220703,0.00415816802,0.002537810488,0.001761913031,0.010073597056,0.135282049081,0.048254239926,416228900.0,107.398001098633,0.179143553124,2.220715114049,77.281180679983,73.743009338073,0.46500213623
2021-03-16,110.55,0.46500213623,-0.002811583366,0.002210095498,-0.000627764868,0.005457025921,0.281661227316,0.05184021489,422871100.0,108.228001403809,0.406570463604,2.256429399763,98.410199355324,82.15163386324,0.289996337891
2021-03-17,103.15,0.289996337891,-0.063875806889,0.006319965211,0.002189728691,-0.003189022033,0.39315184472,0.054359176669,428441300.0,109.038000488281,0.382441277236,2.066429138184,96.576242211263,90.75587408219,1.890000915527
2021-03-18,103.93,1.890000915527,-0.009900998729,0.003445769231,0.003531236491,-0.000673076923,0.068878360137,0.057170318331,408995700.0,108.446000671387,0.290377112495,2.481428418841,27.053118281851,74.013186616146,-0.160003356934
2021-03-19,104.17,-0.160003356934,0.001541906787,0.002140479169,0.000664557692,0.002309246608,-0.222588204932,0.063770376096,400320600.00000006,107.625999450684,-0.065684685363,2.367142813546,11.714900171444,45.114753554853,-0.750001831055
2021-03-22,103.7001,-0.750001831055,0.000773562488,0.002351014493,0.000115442337,0.001933333333,-0.418992925167,0.069018590427,389421500.0,106.665998840332,-0.16157430131,2.370000021798,7.487864837165,15.418627763487,2.199901525879
2021-03-23,105.175,2.199901525879,-0.005004709836,0.00166071937,-0.000662949795,-0.001850621619,-0.363959787647,0.069825843932,397048700.0,105.793998718262,0.357528366019,2.509286063058,37.439600613201,18.880788540603,-0.335003662109
2021-03-24,105.1,-0.335003662109,-0.00019073487,0.00192558672,-0.00050924577,0.002671245945,-0.379300737309,0.072076975902,390937100.0,104.593998718262,-0.178496968682,2.440714699881,24.637603703363,23.188356384576,-2.040002441406
2021-03-25,102.54,-2.040002441406,-0.001552455235,0.003088435374,0.000687609209,-0.003498542274,-0.483030409369,0.077767074736,381516999.99999994,104.197998046875,-0.374904075325,2.403571537563,3.140030738345,21.739078351636,1.339997253418
2021-03-26,104.26,1.339997253418,-9.6212044e-05,0.0018999519,-0.001262120749,0.002982202982,-0.46969598688,0.081219612315,387798500.0,104.219998168945,0.243440295146,2.34500013079,20.265719256276,16.014451232662,1.720003356934
2021-03-29,105.94,1.720003356934,-0.002075874823,0.002028460666,0.000280898213,0.001701966717,-0.300929519461,0.080720155365,394395399.99999994,104.731999206543,0.473474907721,2.339286259242,43.521603942527,22.309117979049,0.790003356934
2021-03-30,106.51,0.790003356934,0.001218001024,0.001863185476,0.001149559572,-0.003275313494,-0.129056631012,0.078988996956,399868100.0,104.897999572754,0.328265937219,2.262857709612,51.827252904921,38.538192034575,0.280000915527
2021-03-31,107.015,0.280000915527,0.000842741241,0.001264891676,-0.000397122986,0.00149735623,-0.007986756534,0.078057814452,405222200.00000006,105.288000488281,-0.024741183888,2.233571733747,52.491677785295,49.280178210914,1.205001220703
2021-04-01,107.4713,1.205001220703,0.006468277031,0.002333822989,-0.000912071555,-0.013300587587,0.162342668271,0.079569466832,414270200.00000006,106.320001220703,0.292509869464,2.312143053327,68.327785186505,57.548905292241,1.048696643066
2021-04-05,108.065,1.048696643066,0.005160387074,0.001944169417,0.000478672547,-0.009305097176,0.282133791496,0.081079480617,419361900.0,107.248001098633,-0.112833744587,2.344286237444,71.649994077805,64.156485683202,-1.925000610352
2021-04-06,105.534,-1.925000610352,-0.002732249079,0.002286348607,0.000212668638,-0.002985356637,0.19229492616,0.081158683319,408777500.0,107.280000305176,-0.382121224182,2.454286302839,45.293431786667,61.757070350326,-0.154002746582
2021-04-07,105.97,-0.154002746582,0.001423434521,0.001930162039,-0.000461530781,0.004169430494,0.078719571714,0.081689639585,400255000.00000006,107.009999084473,-0.161214761655,2.470000675746,46.704003982565,54.549143282346,-0.760000915527
2021-04-08,105.7,-0.760000915527,0.001805935206,0.001740607211,-0.000354907109,0.00284629981,-0.006306289491,0.082384663328,392217700.0,106.693998718262,-0.072317913644,2.035715375628,44.319737020331,45.439057596521,0.399998474121
2021-04-09,106.25,0.399998474121,0.002733279168,0.001576463953,0.00074605265,-0.00131591315,-0.001319744134,0.081258006788,398099500.0,106.269998168945,0.230327686758,2.042143685477,56.802201709878,49.275314237591,1.290000915527
2021-04-12,107.7585,1.290000915527,0.002603670977,0.002074290484,0.000775890728,-0.000570395103,0.094926348697,0.080844347369,404076999.99999994,106.073999023438,0.352076755552,2.053571973528,76.998597164505,59.373511964905,0.4915
2021-04-13,108.07,0.4915,-0.00203234384,0.001869850967,0.000798861043,0.000370267518,0.196523313501,0.080896906541,409724500.0,106.495999145508,0.183275121136,1.888571602958,86.956512422224,73.585770432202,0.150001220703
2021-04-14,106.1,0.150001220703,-0.018480872089,0.002256260591,-0.00010885714,-0.001129730748,0.248475369137,0.075123908349,403559399.99999994,107.063999938965,0.077574289287,1.881428854806,86.535772017615,83.496960534781,-0.199998474121
2021-04-15,106.3297,-0.199998474121,0.000849823764,0.002063968299,8.4705993e-05,0.003205019341,0.119878710689,0.062957009036,395792700.0,107.202000427246,-0.141642996745,1.907143184117,53.997194343034,75.829826260958,0.560299389648
2021-04-16,107.89,0.560299389648,0.00561323302,0.002055633082,0.001427551729,0.003721276398,0.095821948995,0.062845345237,401523200.0,107.360000610352,0.344569235089,1.852142878941,57.116119573545,65.883028644731,0.020003662109
2021-04-19,107.97,0.020003662109,0.000555996261,0.0,0.0,0.0,0.14024640581,0.061225313254,409730900.0,107.434001159668,0.155471078305,1.807856968471,74.650776401296,61.921363439292,0.640000610352
2021-04-20,109.23,0.640000610352,-0.004511535411,0.001742045875,0.001577812863,0.010266370699,0.204522990486,0.058769350618,414273799.99999994,107.506001281738,0.206169342251,1.814999716622,88.622765415838,73.46322046356,-0.200001220703
2021-04-21,110.755,-0.200001220703,0.006970578233,0.002249749522,0.000786379272,0.008789507241,0.259538002294,0.06207244899,419685600.0,107.668000793457,0.308248960126,1.839999607631,90.166997398619,84.480179738584,0.045003051758
2021-04-22,110.2604,0.045003051758,-0.001353804348,0.001852025625,0.000404206836,-0.005139402689,0.391426757885,0.068692348144,425866700.0,108.648001098633,0.251058272127,1.841428484235,91.196712318523,89.995491710994,-0.210396948242
2021-04-23,110.21,-0.210396948242,-0.003089540735,0.001763193875,6.0769503e-05,0.004557469693,0.402871734048,0.064009918026,420820700.0,109.280001831055,-0.195978575561,1.828570774623,80.880349744461,87.414686487201,1.169997253418
2021-04-26,111.17,1.169997253418,0.001616091844,0.001752689136,0.000441176831,-0.003495876658,0.470047062615,0.064929507001,425431700.0,109.974000549316,0.3860926534,1.724284580776,94.868428040807,88.981830034597,0.219999389648
2021-04-27,110.73,0.219999389648,-0.001256839846,0.00153258427,-3.1941543e-05,-0.004674157303,0.483321512458,0.069805449919,430634000.0,110.530000305176,-0.066086051886,1.70928464617,91.740771283992,89.163183023087,0.710002441406
2021-04-28,111.96,0.710002441406,0.002153606053,0.001763968481,0.000507179215,0.002507163324,0.463567244641,0.074424437387,434156900.0,111.012001037598,0.080502426796,1.659998757499,91.031416202215,92.546871842338,-0.029999694824
2021-04-29,112.29,-0.029999694824,0.004020342598,0.001568250578,-0.000102767958,-0.000800854245,0.451169645302,0.079249773376,439272900.0,111.238000488281,0.105583846952,1.627141680036,90.844068867687,91.205418784631,-1.400000610352
2021-04-30,111.05,-1.400000610352,0.005230425054,0.005422983762,8.7715933e-05,-0.003767829909,0.345363711265,0.081626153712,432506200.00000006,111.405999755859,-0.316473639629,1.670713152204,75.533406541637,85.802963870513,0.45
2021-05-03,111.7,0.45,0.008071762564,0.002159430605,0.000460417796,-0.006227758007,0.291069853476,0.084973427264,443081600.0,111.430000305176,0.016683371007,1.741427285331,84.210514879994,83.529330096439,2.980000305176
2021-05-04,114.55,2.980000305176,-0.000523173687,0.001692287559,8.2582114e-05,-0.000610713663,0.435256910328,0.094534784771,452219800.00000006,112.088000488281,0.340089415496,1.903569902693,95.588252962178,85.110724794603,-0.649998474121
2021-05-05,114.67,-0.649998474121,0.003599613935,0.002026244423,0.00131527962,0.003149330767,0.442579506653,0.095877594951,444068400.0,112.580000305176,-0.111881147193,1.92142704555,80.232548675822,86.677105505998,1.109998779297
2021-05-06,114.61,1.109998779297,-0.006736904366,0.001586434783,0.000555827488,-0.003391304348,0.532480252376,0.100292183409,451089799.99999994,113.35,0.325512852614,1.996427263532,94.541482341699,90.120761326567,1.470001831055
2021-05-07,116.596,1.470001831055,0.002584385059,0.001775820588,-2.9802879e-05,0.001855989002,0.567381467692,0.10474864744,456893600.0,114.388000488281,0.276028511367,2.022141047886,97.816626246277,90.863552421266,-0.846
2021-05-10,116.85,-0.846,0.00544274085,0.001648307269,0.00011649624,0.004038494587,0.524481846541,0.108737513951,450085400.00000006,115.238000488281,-0.151387956399,2.047855377197,86.711704155216,93.023270914397,-0.629998779297
2021-05-11,115.8,-0.629998779297,-0.006367216107,0.001745843436,0.000450142088,0.002771042605,0.484925962962,0.113308583438,457178700.0,115.546000671387,-0.059747593812,2.043569837298,87.515975555346,90.681435318946,-0.910000610352
2021-05-12,115.475,-0.910000610352,-0.000348167079,0.001797910318,0.000851245761,0.005441880714,0.333562220108,0.112853920891,451394100.0,115.744000244141,-0.125173085614,2.02785546439,69.803929381521,81.343869697361,-0.515000915527
2021-05-13,115.35,-0.515000915527,0.005132254454,0.002128083081,-7.975662e-06,-0.001730852445,0.208638785606,0.103719740878,457602400.0,115.580000305176,0.042041619156,2.033569880894,70.718958801965,76.012954579611,1.249998474121
2021-05-14,117.05,1.249998474121,0.006518028698,0.001877300613,0.000503961667,-0.002641445126,0.20655449973,0.098800671766,464160600.00000006,115.683999633789,0.249116608555,2.034998757499,91.537393724311,77.353427302599,-0.619999694824
2021-05-17,117.1994,-0.619999694824,0.002920178107,0.001836944421,-0.000580928101,0.003677314379,0.165592078942,0.094163175025,457892100.0,115.819999694824,-0.379101685907,2.036427089146,84.492022778984,82.249458435087,-0.309400610352
2021-05-18,116.095,-0.309400610352,-0.006672929963,0.002019550426,0.000724250418,-0.000129187839,0.14223644925,0.090458470042,464075300.0,115.953999328613,0.057094199249,2.037141527448,89.210528153282,88.413314885525,1.114999084473
2021-05-19,115.055,1.114999084473,-0.006398771486,0.002880989181,-0.000203131125,-0.012064228061,0.121882136197,0.086443614526,472250200.00000006,116.417999267578,0.22418374225,2.132141658238,91.142460061303,88.281670331189,0.794998474121
2021-05-20,115.705,0.794998474121,-0.004402262779,0.00159528351,-8.8570868e-05,0.003164556962,-0.003015491739,0.083408491685,465816600.00000006,116.595999145508,-0.134718107424,2.171427590506,73.684174434325,84.679054216303,1.405000610352
2021-05-21,117.92,1.405000610352,0.003500948088,0.001732556161,-0.000463014826,0.00340367597,-0.019682176666,0.078743121005,471342700.0,116.697999572754,0.408129002443,2.172855922154,87.480185944918,84.102273480182,-1.799997253418
2021-05-24,116.415,-1.799997253418,0.004047481745,0.001769877348,-0.000548657277,-0.001500986362,-0.11118299206,0.07497981478,465764900.0,116.636000061035,-0.30575468528,2.074284689767,58.699850901824,73.288070427023,-0.504996337891
2021-05-25,114.85,-0.504996337891,0.00051762192,0.001901267569,-0.000174858405,-0.009657670087,-0.194760658307,0.069884972952,460943600.0,116.440000915527,-0.273422534865,1.954999106271,45.26572481696,63.815253887901,-0.290002441406
2021-05-26,114.07,-0.290002441406,-0.000261860858,0.001884047848,0.000797259997,-0.004016414913,-0.341299654551,0.063597099291,454369400.00000006,115.910000610352,-0.381604519213,1.914284842355,9.708601224274,37.891392314353,0.629996948242
2021-05-27,114.31,0.629996948242,0.003661776892,0.002124826268,-0.001226400664,-0.007036136206,-0.423753215746,0.057983463611,460172000.0,115.680000305176,0.091006133147,1.839999062674,20.796360839022,25.256895626752,-1.990000305176
2021-05-28,114.31,-1.990000305176,0.008992184286,0.00190593841,-0.000843632011,0.008647313156,-0.62157139516,0.051794005858,433766000.0,114.72200012207,-0.426096025472,1.926427568708,4.792379382326,11.765780481874,-1.110003051758
2021-06-01,113.1,-1.110003051758,0.00441696125,0.00178355321,-0.000331331386,-0.005277044855,-0.671866006023,0.04494728309,440870300.0,114.137998962402,-0.032969406421,1.977142333984,18.849838695068,14.812859638805,-0.890000915527
2021-06-02,112.345,-0.890000915527,0.001782413147,0.001783649142,0.000500842644,-0.00057824037,-0.74486657671,0.051330394096,434024100.0,113.397998046875,-0.373362280398,1.959999084473,3.035181733825,8.89246660374,-0.944998474121
2021-06-03,111.335,-0.944998474121,-0.002513453999,0.002064949104,-0.000730341498,0.002927664174,-0.815087092023,0.058926044457,425923399.99999994,112.765998840332,-0.270881414024,1.977856772287,7.402463379452,9.762494602782,0.874999084473
2021-06-04,112.2185,0.874999084473,0.001693275492,0.001782918149,-0.000615793477,-0.001614768683,-0.774641994907,0.063201053132,432209500.0,112.267999267578,0.317500122377,1.943571363177,20.445584796121,10.294409969799,0.141500610352
2021-06-07,112.82,0.141500610352,0.003114973943,0.001417797888,-0.000384039658,0.000975955993,-0.707307873829,0.065942310181,436464900.0,112.275999450684,-0.016825711557,1.924999782017,22.411529486233,16.753192553935,0.19000213623
2021-06-08,112.44,0.19000213623,-0.002920111714,0.00162770678,-0.000584290209,-0.002129925453,-0.593129069723,0.067065944671,442035000.00000006,112.238000488281,0.092145981607,1.960714067732,30.930556481984,24.595890254779,-0.100003662109
2021-06-09,113.32,-0.100003662109,0.004806844696,0.001399096386,5.5562565e-05,0.00389794472,-0.538462289936,0.0683961926,437920800.0,112.263999938965,-0.128207714586,1.86714226859,22.149350198431,25.163812055549,0.68
2021-06-10,115.505,0.68,0.003157900091,0.002166744394,0.000272512665,0.010012242043,-0.374039192065,0.068461850591,442804800.0,112.783999633789,0.34070251241,1.813570840018,43.905631449361,32.328512709925,0.73499786377
2021-06-11,115.81,0.73499786377,0.0,0.001840158293,-0.000273381766,-0.003699242946,-0.111575904881,0.069730299393,449068600.00000006,113.589999389648,0.343201947705,1.868571145194,73.263412180835,46.439464609542,-0.390001831055
2021-06-14,114.4,-0.390001831055,-0.003032390224,0.001528808551,-0.000150335787,-0.0058225428,0.003550722975,0.068109716782,444597200.0,114.201998901367,-0.268713399076,1.81642804827,75.236583557729,64.135209062642,1.000001525879
2021-06-15,114.845,1.000001525879,-0.00034662838,0.001501647018,-9.3055905e-05,-0.004464285714,0.071340692073,0.066699596678,440169600.0,114.679998779297,0.133496854238,1.821428026472,74.921178910825,74.47372488313,0.985001831055
2021-06-16,116.1609,0.985001831055,0.003366998044,0.001682154535,-0.00044165749,-0.000508518327,0.134462452423,0.06469139707,443760100.0,115.37799987793,0.171622409421,1.793571472168,81.703522025727,77.287094831427,-0.630901220703
2021-06-17,115.6,-0.630901220703,-0.004760628652,0.002125239172,-0.000898214976,0.005392242129,0.144455747039,0.061227213115,437089900.0,115.683999633789,-0.247791334349,1.820714678083,76.971609959508,77.865436965353,-0.699998474121
2021-06-18,113.75,-0.699998474121,-0.010966075888,0.002455033439,1.0136366e-05,0.000967969025,0.099236580694,0.060128741494,432917600.0,115.416000366211,-0.013411864168,1.726428985596,67.034739025475,75.236623670237,-0.629997253418
2021-06-21,113.76,-0.629997253418,0.005038893927,0.002349459055,-0.000799457052,0.000615709385,-0.051834814125,0.05588979775,425502200.00000006,114.956001281738,-0.221003626228,1.704285757882,38.959032287633,60.988460424205,0.970003356934
2021-06-22,114.015,0.970003356934,-0.002091915682,0.00155908813,3.4049311e-05,-0.004148833959,-0.044872939488,0.053585577569,430168300.0,114.822001647949,0.220485318309,1.742143358503,64.353378345461,56.782383219523,0.684996948242
2021-06-23,114.62,0.684996948242,-0.001307706194,0.001052116979,0.000478120656,0.000611086862,-0.043782968234,0.051574791428,425808400.0,114.596000671387,0.081102475114,1.712857382638,63.880090868821,55.730833833972,-0.62
2021-06-24,114.86,-0.62,0.003684194464,0.001485754239,0.000499840522,0.003845481559,-0.089087971131,0.051315382314,421971100.0,114.290000915527,-0.249893760402,1.664285932268,42.166365122695,56.799944778993,-0.12000213623
2021-06-25,112.45,-0.12000213623,-0.016036224265,0.002068201949,-1.6220279e-05,-0.003985828167,-0.068997327571,0.051356878768,429683399.99999994,114.258000183105,0.09131178266,1.752857753209,56.479675097761,54.175377029759,0.530003356934
2021-06-28,113.31,0.530003356934,0.002478303868,0.00147995762,-0.000373657874,0.000441462123,-0.168357558258,0.050288868016,417974000.0,114.230000305176,0.034003947608,1.811429159982,22.437216106822,40.361085442426,-0.31
2021-06-29,112.33,-0.31,-0.003097331629,0.002241455837,-0.000156122689,-0.002840656902,-0.223400057564,0.050502167922,423115800.00000006,113.883999633789,-0.096743213385,1.811429704939,17.731976922531,32.216289375705,-0.029996948242
2021-06-30,112.37,-0.029996948242,-0.000801460061,0.001120666607,-0.000695262469,0.00142589787,-0.293218777691,0.050308583763,417320700.0,113.404000854492,-0.148432497477,1.762143816267,12.825330734874,17.664841254742,0.269999389648
2021-07-01,112.98,0.269999389648,0.002752109022,0.001637892873,0.000125719468,0.00026560425,-0.301600687274,0.047109155715,422363300.0,113.132000732422,0.172392878019,1.640715462821,20.934942325564,17.164083327656,1.28000213623
2021-07-02,114.02,1.28000213623,0.002275463872,0.001526894866,-0.000195620382,-0.004366049598,-0.188661373036,0.044788560206,427670200.00000006,113.036001586914,0.401843155505,1.670715876988,53.861839666261,29.2073709089,1.149998168945
2021-07-06,115.06,1.149998168945,0.0,0.001681332986,-0.000290312009,-0.001475310249,-0.05048170391,0.043164019583,433389700.0,113.474000549316,0.210071917277,1.692858559745,72.357700869497,49.051494287107,0.670003356934
2021-07-07,115.52,0.670003356934,0.001555346928,0.001725476663,-0.000220995125,-0.003364679493,0.074053984035,0.043462722291,440561799.99999994,114.020001220703,0.252670909265,1.672144208636,83.73992437131,69.986488302356,1.23
2021-07-08,115.98,1.23,-0.00847963909,0.001979526607,0.001124378862,0.00190048376,0.212696318384,0.043918646077,447256900.0,114.910000610352,0.260119610224,1.693572998047,95.895500063243,83.997708434683,0.369998474121
2021-07-09,117.03,0.369998474121,-0.000429698522,0.002062027491,0.00040278543,0.005412371134,0.261806821446,0.045701855906,443308100.0,115.652000427246,0.265916986882,1.641429901123,88.432785879372,89.356070104641,-0.449998168945
2021-07-12,117.6699,-0.449998168945,0.001887126585,0.001568407534,0.00027359423,0.007447773973,0.291834782565,0.046503219565,448131500.0,116.116000366211,0.11998594671,1.596430097307,86.888114671124,90.405466871246,-0.039902746582
2021-07-13,117.45,-0.039902746582,-0.000340057098,0.001703716302,-0.000517960611,-0.00119057743,0.359992888208,0.051538610245,456279900.0,116.608000183105,0.247236857806,1.545715332031,89.31748590802,88.212795486172,0.460003662109
2021-07-14,116.69,0.460003662109,-0.00882029415,0.001684777958,0.000247854715,-0.001540172842,0.398517872581,0.056731458392,462820199.99999994,117.044000244141,0.120225533595,1.545714787074,93.471884979199,89.892495186114,0.670000610352
2021-07-15,115.92,0.670000610352,-0.00468646088,0.001853094769,-0.000116256324,-0.007619210684,0.362572279735,0.059402063267,456276800.0,117.166000366211,0.216147383007,1.577143532889,85.311599726992,89.366990204737,1.260000305176
2021-07-16,117.585,1.260000305176,0.006229760668,0.002563147174,0.00083893088,-0.001994567985,0.304620634524,0.061604648226,451732199.99999994,117.332000732422,0.113747224833,1.545000348772,82.640971207706,87.141485304632,-0.085
2021-07-19,116.63,-0.085,-0.007063845371,0.002726095532,0.000323503403,0.000171511877,0.267128482886,0.064244877265,458558300.0,117.516000366211,-0.13939097624,1.460000719343,87.388742664681,85.113771199793,-1.210001831055
2021-07-20,116.8216,-1.210001831055,0.001126363584,0.001925573345,0.000395399967,0.011004759844,0.090654015607,0.061826354106,451796300.0,117.074000549316,-0.177595320427,1.637857709612,56.528171596446,75.519295156278,-0.771596948242
2021-07-21,115.98,-0.771596948242,0.005083983821,0.001598079561,0.000260328143,-0.005658436214,0.009058887174,0.061805180889,457377700.0,116.702000427246,0.119912236535,1.703572409494,65.773883850867,69.896932703998,1.00999786377
2021-07-22,116.44,1.00999786377,-0.002991695705,0.002066015089,-4.0946451e-05,-0.001714677641,0.010971827727,0.06261589639,461511500.0,116.62799987793,0.142188832153,1.702857971191,75.0915597226,65.797871723304,1.100000915527
2021-07-23,117.89,1.100000915527,0.003743427242,0.001296829971,-0.000316347428,-0.00076284116,0.040212358531,0.063067985679,467768500.0,116.7,0.302518203244,1.675000871931,82.429556351918,74.431666641795,0.300002441406
2021-07-26,118.2395,0.300002441406,-0.000507701047,0.0014009989,0.000340179705,0.000926944891,0.091338473445,0.065251261477,472179600.0,116.838000488281,0.100107779065,1.641429356166,90.263778930444,82.594965001654,-0.449499084473
2021-07-27,117.01,-0.449499084473,0.0,0.001982001868,8.2119383e-05,-0.006621954325,0.086285012437,0.062229841195,468449500.0,117.312001037598,-0.136570769851,1.646429334368,82.150158219755,84.947831167372,0.949999084473
2021-07-28,118.2,0.949999084473,-0.002797574039,0.001296437984,0.000260380809,0.004845702627,0.0824635803,0.058194352744,472222599.99999994,117.694000244141,0.061721818266,1.637857709612,85.598396726604,86.004111292268,0.350003051758
2021-07-29,118.72,0.350003051758,0.004048888361,0.001915567504,-0.000196263697,-0.002604385449,0.106230523439,0.050207843771,477872999.99999994,118.006001281738,0.289085567584,1.673571995326,92.678283707285,86.808946217881,0.150002746582
2021-07-30,118.19,0.150002746582,0.001093608567,0.00425210084,0.001880600839,-0.006806722689,0.128570260552,0.040997391827,482505200.0,118.272001647949,-0.077508852554,1.656428745815,95.176353669223,91.151011367704,-1.889996948242
2021-08-02,116.78,-1.889996948242,0.005073055223,0.002784156044,-0.000753353934,-0.000941055693,-0.03588168047,0.035168237646,473488000.0,117.89400177002,-0.432517580603,1.746428898403,47.31984204456,78.391493140356,-1.330003051758
2021-08-03,115.925,-1.330003051758,0.001905597458,0.001837122849,-0.000665969818,0.002204547419,-0.198942429711,0.034278624995,464242500.0,117.426000976562,-0.385519052437,1.777143205915,31.608094762173,58.034763491985,0.325
2021-08-04,115.75,0.325,-0.004043021253,0.002456037312,-0.000292933603,-0.000259112109,-0.24683013337,0.033203880339,470145200.0,117.084001159668,0.210333779057,1.769999912807,46.395571843067,41.774502883267,-0.669998168945
2021-08-05,114.6263,-0.669998168945,0.000434440577,0.002751672023,0.000929402074,-0.004375054286,-0.345177550593,0.036676207727,465543200.0,116.390000915527,-0.210396201001,1.760713849749,24.769002956922,34.257556520721,0.493702746582
2021-08-06,115.26,0.493702746582,0.001216116976,0.001965295853,-0.000142899931,0.0,-0.391990560338,0.0392501463,470675600.0,115.640000915527,0.000319031198,1.739285060338,25.50839091335,32.224321904446,-0.810003051758
2021-08-09,114.86,-0.810003051758,0.001135909884,0.00148839239,-0.000123265319,0.002443707453,-0.448466330532,0.043768585281,465335200.0,115.269999694824,-0.356715593335,1.550713675363,0.423657582427,16.900350484233,-0.800002441406
2021-08-10,113.47,-0.800002441406,0.001227418838,0.002250350263,-0.000143250826,-0.006392294221,-0.489146478241,0.048361848493,460057300.0,114.991999816895,-0.17295492798,1.489285060338,5.914962627591,10.615670374456,1.349999694824
2021-08-11,114.8,1.349999694824,0.002961191153,0.001558527266,-0.000734973354,-0.003126085446,-0.44328844069,0.049438956806,465178100.0,114.705999755859,0.156108336964,1.548570905413,30.497600349755,12.278740186591,-1.079998779297
2021-08-12,114.41,-1.079998779297,0.002110427904,0.001453229203,-0.000739126394,0.003948753949,-0.463284448873,0.053538330719,458337700.0,114.433999633789,-0.394366649376,1.567855834961,12.841133556358,16.417898844568,1.229999389648
2021-08-13,116.45,1.229999389648,0.001556557473,0.001529183215,-0.000222166174,0.005439475047,-0.329723223858,0.053423205117,463201300.0,114.537998962402,0.469407870631,1.63071332659,43.659707137065,28.999480347726,0.030003356934
2021-08-16,117.24,0.030003356934,0.004464256766,0.002239316239,-0.000136103957,0.002051282051,-0.17508800105,0.052573566114,467617700.0,114.944000244141,0.315871117628,1.624998910086,57.142909617453,37.881250103625,1.170003662109
2021-08-17,118.7,1.170003662109,-0.002786942157,0.002380589431,1.1331215e-05,0.005250677507,0.054609842227,0.054601611661,475798200.00000006,115.814001464844,0.377175410821,1.667855943952,88.1220310447,62.974882599739,0.960003662109
2021-08-18,119.11,0.960003662109,-0.004094981432,0.002168091202,0.001456488183,-0.00050348242,0.275793843558,0.059908675766,482349900.0,116.782002258301,0.461294662708,1.675713130406,98.82706442481,81.364001695654,-1.819999084473
2021-08-19,117.03,-1.819999084473,-0.009207961656,0.002409775407,0.001490657615,0.007056191378,0.248397994601,0.060076347036,476763000.00000006,117.496002197266,-0.331385018606,1.801427568708,62.428610656539,83.125902042016,0.900000305176
2021-08-20,118.62,0.900000305176,0.001441517583,0.002132853514,0.00045444686,0.004403048264,0.258158402093,0.060524518404,482908199.99999994,117.954002380371,0.324386953531,1.781427655901,71.571459078782,77.609044720044,0.199999694824
2021-08-23,119.57,0.199999694824,0.008247798009,0.002924707846,-0.000241766407,-0.001919866444,0.306061995338,0.061713230552,487020700.0,118.422001647949,0.20546120828,1.780713762556,84.285736071944,72.761935269088,-0.209999389648
2021-08-24,118.55,-0.209999389648,0.003016090889,0.002224015386,0.00041868218,-0.008696379296,0.352328150786,0.064597693111,491768999.99999994,118.612001037598,-0.173710940235,1.795713697161,85.524614668694,80.46060327314,1.130000305176
2021-08-25,119.09,1.130000305176,0.001504013241,0.001650008343,-0.001366858672,-0.006424161522,0.380299652559,0.06786341815,495600500.0,118.616000366211,-0.009953768914,1.773571559361,89.77427929894,86.528210013192,1.310001525879
2021-08-26,121.07,1.310001525879,0.003820590354,0.001704947874,0.000331033806,0.001737547576,0.419998490561,0.072099305844,500841600.0,119.238000488281,0.117226239288,1.875,88.207551827625,87.835481931753,-0.669998474121
2021-08-27,120.06,-0.669998474121,-0.000498381954,0.001514542131,0.000396375609,-0.002326740901,0.41806065966,0.075507788737,500841600.0,119.732000732422,-0.204522682877,1.873571123396,88.207551827625,88.729794318063,-0.479998168945
2021-08-30,119.87,-0.479998168945,0.002174230664,0.001711541314,0.00070146777,0.000250333778,0.336844045962,0.077747290031,496561700.0,119.884001159668,-0.306371654116,1.857142312186,78.537747934716,84.984283863322,0.699999694824
2021-08-31,120.5861,0.699999694824,0.002156441378,0.001763634859,-1.9131192e-05,-0.002018538442,0.324936616173,0.080553729906,499822599.99999994,120.126000976562,0.274023346258,1.803570883615,89.4267262002,85.390675320847,0.193898779297
2021-09-01,120.81,0.193898779297,0.00182150375,0.001963801653,0.00093210715,-0.001570247934,0.306576751111,0.083810346071,505844400.0,120.346000671387,-0.017211852862,1.757142748152,91.722257352057,86.562243828991,-8.540003356934
2021-09-02,111.52,-8.540003356934,0.01140114409,0.004522148833,-0.000826987692,-0.017877586966,-0.272053777733,0.091472795937,454901200.0,118.719999694824,-0.214172304397,2.715714045933,39.987025576894,73.71200304305,0.499996643066
2021-09-03,111.5,0.499996643066,-0.007498628487,0.002520957007,0.000288773949,0.002878215506,-0.643764230872,0.099197837352,440182000.0,117.043998718262,-0.248954183831,2.844285147531,38.366805259076,56.692029396009,0.120002746582
2021-09-07,109.561,0.120002746582,-0.010482044164,0.004204617474,0.001088660275,-0.008048890901,-0.87440050425,0.106423196898,434817200.0,115.451998901367,0.214227834646,2.766428266253,35.774492306728,38.042774380899,-0.531001220703
2021-09-08,108.16,-0.531001220703,-0.00889664525,0.002729207142,0.000424542216,0.000647608474,-1.142292271089,0.121596770447,422123000.00000006,113.143998718262,-0.203557101707,2.877857208252,18.988984102632,31.043427222812,2.200000610352
2021-09-09,109.48,2.200000610352,-0.008336337114,0.002297423246,-0.000719987273,0.000365497076,-1.166722603034,0.1310390796,432946200.00000006,111.059999084473,0.376043060429,2.909285954067,27.60856806027,27.457348156543,-2.210003356934
2021-09-10,107.48,-2.210003356934,0.00195773954,0.002594582015,0.000364917262,0.000558555204,-1.316690593143,0.148710585395,422609100.0,110.059999084473,-0.415327052911,2.938571929932,7.582619220539,18.060057127814,-0.799999694824
2021-09-13,108.61,-0.799999694824,0.006655409472,0.003230375268,0.000295944292,0.011360461868,-1.374935934834,0.167014964227,414988999.99999994,108.991999816895,-0.194896158998,2.948571886335,3.758923004185,12.983370094998,-1.129996643066
2021-09-14,107.85,-1.129996643066,0.004745017593,0.002529771275,-0.000592351739,-0.001296416335,-1.28079770953,0.179850910633,422387900.0,108.163999938965,0.032078177343,2.981428963797,8.943647799282,6.761730008002,-1.369996643066
2021-09-15,106.73,-1.369996643066,0.0010329919,0.001833192607,-1.1964628e-05,0.001313444038,-1.20803609049,0.191964053511,416285200.0,107.654000854492,-0.406287520897,3.018571581159,2.462766528011,5.055112443826,1.039996643066
2021-09-16,107.61,1.039996643066,0.004361150926,0.002631097561,-0.000350281497,-0.005820399113,-1.003591818135,0.196395082379,423729500.0,107.136000061035,0.225847579485,3.035714830671,11.225792668757,7.544068998683,0.470001831055
2021-09-17,107.845,0.470001831055,-0.005366412114,0.002658139535,-0.000247831374,0.003209302326,-0.787581878618,0.201317979224,429551300.0,107.298001098633,-0.025764946955,3.115715026855,13.22582613952,8.971461778762,-0.114996643066
2021-09-20,106.185,-0.114996643066,-0.015130463492,0.002714891612,0.000538623999,0.000801131008,-0.615971234371,0.204670165108,415394100.0,107.508001708984,0.105338751296,3.110715048654,10.967771467916,11.806463425398,0.215001525879
2021-09-21,107.16,0.215001525879,-0.001409788757,0.002154447059,0.000494841612,0.008564705882,-0.542322923519,0.207386394878,408290700.0,107.292001342773,0.086790535711,3.168572562081,5.259886681434,9.81782809629,-0.009998474121
2021-09-22,107.1383,-0.009998474121,-0.001306573847,0.001702457714,2.8039312e-05,0.001198953369,-0.399959350307,0.205103788993,414691100.0,107.426000976562,0.377545714624,3.17357308524,9.956191895116,8.727950014822,-0.728296337891
2021-09-23,107.59,-0.728296337891,0.005450560866,0.001570801009,-0.000413556942,0.005608000748,-0.316165910133,0.200622048697,408372000.0,107.154002380371,-0.174064513547,2.189287458147,10.391272270172,8.535783615574,-0.229999389648
2021-09-24,107.3583,-0.229999389648,-0.004564063534,0.002234584074,-0.000261187763,0.004569102648,-0.164903558421,0.189063688126,414219800.00000006,107.01000213623,0.121743409314,2.113572801862,27.649807385833,15.99909051704,-0.288300305176
2021-09-27,107.305,-0.288300305176,0.000560358259,0.001848128442,0.000393827282,0.001633529357,-0.058040340713,0.173421275547,408383700.0,106.878001403809,0.069629278655,2.153572627476,25.124818623214,21.055299426406,0.415001220703
2021-09-28,107.62,0.415001220703,-0.000928318539,0.002149507526,0.001073870787,0.0,0.075513458972,0.154932907376,413353300.0,107.142001342773,0.189619188705,2.033572605678,40.449476722075,31.074700910374,-0.280003662109
2021-09-29,107.74,-0.280003662109,0.004751277749,0.002396012981,-0.000428774677,-0.001019935095,0.152890574323,0.12377551293,406907700.0,107.180000305176,-0.081249720161,1.919287000384,42.58369973483,36.052665026706,1.099996337891
2021-09-30,109.335,1.099996337891,0.003307613216,0.001953937729,0.000754645981,0.001236263736,0.310630047051,0.068935220333,413177799.99999994,107.665998840332,0.245361130096,1.853572845459,81.591922698953,54.875033051953,-1.464997253418
2021-10-01,107.82,-1.464997253418,0.003522733325,0.002857182448,-0.000584151241,-0.003972286374,0.35213291534,0.059569781499,405291399.99999994,107.767999267578,-0.239655950618,1.902144295829,47.530964967222,57.235529133669,1.269996337891
2021-10-04,109.76,1.269996337891,-0.002291685841,0.002287761852,-0.000590030667,0.008452774715,0.45756256655,0.049581789401,413902900.0,108.171998596191,0.161860643712,1.954287392753,72.633710601843,67.252199422673,-1.029996643066
2021-10-05,109.7,-1.029996643066,0.006070045179,0.00256869915,0.000266898928,0.002833897066,0.495659560747,0.038412605139,404123700.0,108.373999023438,-0.010368673326,2.003572736468,65.226448550966,61.797041373343,-0.18999786377
2021-10-06,109.25,-0.18999786377,-0.001917624695,0.002298261665,-0.000784153499,-0.000457456542,0.561178545101,0.039753359815,411270599.99999994,108.808000183105,0.047298765408,1.937858036586,78.685283168364,72.181814107057,0.069999694824
2021-10-07,110.158,0.069999694824,0.00420782186,0.002131535799,0.001140108076,0.003443250137,0.577268236983,0.035566547181,405560300.0,108.904000854492,0.013529909628,1.887857709612,74.900377199046,72.937369639459,0.712002746582
2021-10-08,111.1209,0.712002746582,0.001623525757,0.002089149032,9.8614037e-05,0.000638451148,0.671260532236,0.043813388442,413402900.0,109.504000854492,0.254451978546,1.9821434021,85.232782117625,79.606147495012,0.059100305176
2021-10-11,110.995,0.059100305176,-0.000359785172,0.00125211445,-0.000346751203,-0.001304660788,0.728489246394,0.050097074184,418422700.0,109.922001647949,0.063549196858,1.906428745815,89.590434339377,83.241197885349,-0.655003662109
2021-10-12,109.85,-0.655003662109,-0.001993779215,0.001861242281,0.000104544383,-0.002451870687,0.684624451271,0.052899592078,413808900.0,110.244000244141,-0.352068108736,1.899999891009,75.255897143972,83.359704533658,-1.280000305176
2021-10-13,108.3,-1.280000305176,0.000184182031,0.001363016852,0.000566174481,-0.002670595819,0.518785310535,0.050557924811,407503100.0,110.055999755859,-0.359377440751,1.937856401716,39.813044121844,68.219791868398,0.229998779297
2021-10-14,107.97,0.229998779297,-0.005252001301,0.001703316043,0.000298987209,9.2626899e-05,0.394410443881,0.050284710757,402032000.0,109.897999572754,-0.024053648457,1.8792855399,39.065363244675,51.378101503497,0.940003662109
2021-10-15,109.4,0.940003662109,0.002203634705,0.001889326615,-0.001505508819,0.002290426019,0.328449364613,0.05034669062,409321500.0,109.505999755859,0.404626529637,1.849285125732,41.463448665267,40.113952010595,-0.069998168945
2021-10-18,108.27,-0.069998168945,-0.003109887145,0.002513074594,-0.000525354226,-0.006606110652,0.304362379935,0.05040726298,413956000.0,109.136000061035,0.106297720073,1.80857031686,49.999999989837,43.509603966593,-0.839999694824
2021-10-19,107.5,-0.839999694824,0.002978680945,0.001977540603,-0.000341009254,-0.002320185615,0.159033282037,0.047932199996,406006599.99999994,108.554000854492,-0.401682368817,1.855713435582,11.382068432761,34.281839029288,-0.050003051758
2021-10-20,108.19,-0.050003051758,0.000465361128,0.001969767442,7.1351796e-05,0.006418604651,0.067497696537,0.0473472494,410621500.0,108.330000305176,-0.118337775176,1.782141549247,11.967470613573,24.44984634539,0.220003662109
2021-10-21,107.755,0.220003662109,0.0,0.002019001937,0.000398692603,-0.006041878056,0.074312694882,0.043427541185,416248300.0,108.306001281738,0.290035242456,1.712141854422,31.440222221003,18.263253755779,1.00500213623
2021-10-22,108.7001,1.00500213623,-0.000827546575,0.001753013711,0.00056728523,0.000276985369,0.103316005905,0.041836311877,421060100.0,108.276000976562,0.105497125494,1.63928440639,38.53958230994,27.315758381505,0.439899389648
2021-10-25,107.92,0.439899389648,-0.000549730245,0.002456382002,-0.000486401549,-0.008999081726,0.146385093902,0.039217697706,425674500.0,108.238000488281,0.262410363537,1.524999346052,46.247436870151,38.742413800365,0.58
2021-10-26,108.745,0.58,0.002857120356,0.00162990534,0.00020806204,-0.000597371565,0.130585141544,0.038090951997,419977100.0,108.452000427246,-0.202228316498,1.49214226859,33.265705634826,39.350908271639,0.74499786377
2021-10-27,109.15,0.74499786377,0.000822029126,0.001742745026,-0.001473820981,-0.003924073736,0.182440461576,0.035806052652,425024500.0,108.860000610352,0.252678018046,1.482142857143,53.346796959087,44.286646488021,-0.749998474121
2021-10-28,109.14,-0.749998474121,-9.2270628e-05,0.002423563059,0.000306535203,0.006919457515,0.140826264657,0.036144877867,420149200.0,108.858000183105,-0.373495049577,1.416428702218,31.49286518261,39.368455925507,0.529998168945
2021-10-29,111.9209,0.529998168945,0.022066182268,0.003936124722,0.000152032252,-0.002931848552,0.193096937413,0.035162456918,425342500.0,109.039999389648,0.384219760554,1.458571842739,61.89420685719,48.911289666296,2.749098168945
2021-11-01,114.65,2.749098168945,0.005058008549,0.003031149675,0.000587348701,-0.005206073753,0.539072705883,0.0576153336,441887500.0,110.145999145508,0.383832874557,1.753571646554,96.898262075744,63.428444705181,0.159997558594
2021-11-02,115.45,0.159997558594,0.003832440125,0.001396963124,0.000232111031,0.001735357918,0.739617976006,0.07227263189,448984300.0,111.407998657227,-0.09296277377,1.751429421561,89.729079003184,82.840515978706,1.079998779297
2021-11-03,117.06,1.079998779297,0.0,0.002486655797,-0.000567096637,0.004548185017,0.937643599486,0.091084705083,459342100.0,112.815998840332,0.263819876133,1.882858276367,89.288979991896,91.972107023608,0.509999694824
2021-11-04,117.41,0.509999694824,0.0,0.001768223186,0.000464528778,-0.001360891384,1.078176016559,0.109120396138,465528999.99999994,114.649998474121,0.385387944639,1.895715985979,98.891941576345,92.636666857142,-0.350002441406
2021-11-05,116.56,-0.350002441406,-0.002819017671,0.003274136897,-3.9420203e-05,-0.001456352266,1.073930909255,0.121310453176,460616800.0,116.127998352051,-0.177516962484,1.920001983643,93.922618545532,94.034513371258,0.620000305176
2021-11-08,116.73,0.620000305176,0.000170648942,0.002315101273,0.000399319848,-0.002392957867,1.016922324056,0.131663913318,465252600.00000006,116.629998779297,0.131391384917,1.890001569475,95.027616149829,95.947392090569,-0.670002441406
2021-11-09,115.77,-0.670002441406,0.001550924599,0.001788713008,-0.001109935371,-0.004043358568,0.848379071976,0.13717249112,458237600.0,116.879998779297,-0.334123009756,1.922858646938,84.295139915991,91.081791537117,-0.159999389648
2021-11-10,116.18,-0.159999389648,-0.001816443935,0.002102253033,-0.00012050536,0.006759098787,0.659587944539,0.138777747379,455090800.0,116.695999145508,-0.2618463124,1.888572147914,80.037836593457,86.453530886425,0.57
2021-11-11,116.69,0.57,0.001627429905,0.001924491192,-0.000187401672,-0.002137848469,0.567969101374,0.141260968141,460071900.0,116.531999206543,0.402059943602,1.882143838065,90.270801375715,84.867925961721,-0.060002746582
2021-11-12,117.032,-0.060002746582,0.006602111726,0.001507666099,-0.000301015043,-0.003134582624,0.460353865392,0.142555533607,456951000.00000006,116.445999145508,-0.124024695699,1.902857644217,89.067163142243,86.458600370472,-0.061998779297
2021-11-15,116.4257,-0.061998779297,-0.000171020537,0.001743138093,-0.000681669624,-0.004483112441,0.37666108303,0.143792391564,459691300.0,116.403999328613,-0.217502995189,1.872857775007,92.14659935859,90.494854625516,0.414296337891
2021-11-16,117.13,0.414296337891,-0.001968467432,0.001902709888,-0.000994289155,0.004459308807,0.281496391504,0.139020527818,455750300.0,116.559999084473,-0.028048888232,1.88714327131,90.031087975034,90.414950158622,-0.710001831055
2021-11-17,116.87,-0.710001831055,0.001546128741,0.001668181818,0.000203378396,0.002315608919,0.164981738683,0.131493904985,452273900.0,116.721998596191,-0.079218374307,1.8571434021,85.624958267856,89.267548533827,0.479998474121
2021-11-18,117.38,0.479998474121,0.000511335226,0.002418567052,-0.000596466302,-0.00119128659,0.126970956393,0.125962077214,456635399.99999994,116.841998291016,0.279559329585,1.833571842739,92.946642097744,89.534229446878,-0.310000305176
2021-11-19,117.24,-0.310000305176,0.004783442044,0.002602907422,-0.000155468831,-0.003315480745,0.06264876001,0.118911761153,453475100.0,116.929998779297,-0.090878095697,1.582143511091,72.916620292337,83.829406885979,-1.00000213623
2021-11-22,115.1018,-1.00000213623,-0.002494846188,0.002127899957,-0.000994667409,-0.007315222078,-0.050035744219,0.110147586117,447589300.0,116.78399810791,-0.349901999841,1.567143576486,33.644688764799,66.50265038496,0.548201525879
2021-11-23,117.37,0.548201525879,0.00786853455,0.003012277892,0.000389254297,0.006949210707,-0.1716950667,0.096210508497,443613500.0,116.545999145508,-0.054303387835,1.527857099261,19.047597416686,41.869635491274,1.509997253418
2021-11-24,119.06,1.509997253418,-0.001682343143,0.002043496985,-0.000299356017,0.003201887428,-0.048427751468,0.086793108117,452561799.99999994,117.037998962402,0.378154624464,1.692856924874,89.583226612916,47.425170931467,-0.399996337891
2021-11-26,117.0,-0.399996337891,-0.008848837176,0.003666780036,4.9660586e-05,-0.00518663379,0.001833077028,0.06494392617,446768999.99999994,117.3,-0.003731373989,1.676428113665,84.490782011097,64.373868680233,-0.48999786377
2021-11-29,117.055,-0.48999786377,0.002746542691,0.002194546682,-0.000123191861,0.001925875203,-0.11947267716,0.036132126491,441752300.0,117.188000488281,-0.231443302169,1.748571123396,34.722224667051,69.598744430355,-0.165000610352
2021-11-30,116.15,-0.165000610352,-0.001796553046,0.002326105588,0.000740358315,-0.004542338019,-0.180223079541,0.032295848116,446124800.0,117.318000793457,0.028119078938,1.729999542236,43.518458004412,54.243821560853,-0.870001220703
2021-12-01,116.4,-0.870001220703,0.004337265834,0.002365597589,0.000662371435,0.00535498359,-0.326420173897,0.030676198504,437952700.0,117.244000244141,-0.40687104642,1.773571559361,6.249922733268,28.16353513491,-0.489996337891
2021-12-02,116.34,-0.489996337891,0.00293327864,0.002610864983,-1.2205455e-05,0.000817239451,-0.374813811024,0.031389938865,444240199.99999994,116.650001525879,0.033825694829,1.915714808873,20.833370121504,23.533916953061,0.530002746582
2021-12-03,118.81,0.530002746582,0.00744412678,0.003447061825,0.000522459506,0.01037503189,-0.337455525987,0.030757765723,449160000.0,116.292001342773,0.163557202154,1.972857883998,43.055572715652,23.379621856808,0.039998474121
2021-12-06,120.64,0.039998474121,0.006562884218,0.002768954276,0.000835652972,0.00844269832,-0.182445048194,0.034680408477,455588100.0,116.760000610352,0.285914119743,2.055714743478,88.888810376594,50.925917737917,0.709998474121
2021-12-07,121.8185,0.709998474121,0.005191634864,0.002159018143,-0.000621792851,6.9780806e-05,0.07178292634,0.048917512557,464528000.0,117.652000427246,0.278782268023,2.200000217983,85.215063951425,72.38648234789,-0.30849786377
2021-12-08,121.96,-0.30849786377,0.003703373717,0.002081010167,0.000600639331,0.0,0.225374747717,0.058780487303,470651300.0,118.898001098633,-0.201450027117,2.200714111328,87.365652307072,87.156508878364,-0.089997253418
2021-12-09,122.925,-0.089997253418,0.002789827933,0.002438425661,0.000485173249,0.005850585059,0.320087904235,0.06637547179,475929400.00000006,120.090000915527,-0.019692469341,2.223571232387,92.204373561581,88.261696606693,1.225001525879
2021-12-10,124.18,1.225001525879,-0.00346355457,0.001868092884,-0.001318841385,0.003758638807,0.494732286714,0.082105670598,484011700.0,121.546000671387,0.420521993762,2.284999302455,96.719601484965,92.096542451206,1.290001220703
2021-12-13,125.56,1.290001220703,-0.002151942854,0.002550798722,-0.000238036667,0.002875399361,0.647928372191,0.098483958541,491071200.0,122.870001220703,0.391221607918,2.309999193464,95.090900759289,94.671625268612,0.95000213623
2021-12-14,126.225,0.95000213623,-0.006402696817,0.00247008751,0.000197884268,0.004176610979,0.760304660894,0.114470578385,498905400.00000006,123.902001953125,0.26791367952,2.324999673026,90.269020665863,94.026507636706,1.065000915527
2021-12-15,128.19,1.065000915527,0.007541826362,0.002224405458,0.000136292854,-0.000467836257,0.822879324007,0.128664049282,505286800.0,125.058001708984,0.331565251493,2.238571166992,95.607862278041,93.655927901064,2.039995727539
2021-12-16,130.95,2.039995727539,-0.000998154252,0.002467409685,0.000420803194,0.006533435819,0.986929418009,0.148578748785,514872400.0,126.730000305176,0.323529222939,2.40499986921,96.492327538149,94.123070160684,0.829998779297
2021-12-17,130.11,0.829998779297,-0.007133119215,0.003217211862,0.000938078459,-0.005579333537,1.115027130535,0.169108829891,524441400.00000006,128.255999755859,0.262043878512,2.44357081822,91.749175050946,94.616454955712,-0.580001220703
2021-12-20,129.77,-0.580001220703,-0.007874656698,0.00297393199,0.001266856806,0.00980468446,0.968826803464,0.177055771145,511810300.0,129.067999267578,-0.390597537994,2.514999934605,79.372937635616,89.204813408237,1.090000610352
2021-12-21,130.35,1.090000610352,0.002827411856,0.00189743199,-0.000188901785,-0.006705783738,0.884625043,0.183845896126,518929500.0,129.937998962402,0.383909963868,2.612857273647,86.312227782598,85.811446823054,-0.400003051758
2021-12-22,130.67,-0.400003051758,-0.000307759039,0.002291047648,0.000615370412,0.005850203987,0.698728621467,0.183820061074,512843600.0,130.469998168945,-0.282442357883,2.505714961461,81.165148334916,82.28343791771,1.380003051758
2021-12-23,132.8,1.380003051758,0.002120399643,0.001669613844,-0.000272418238,0.003551726744,0.64933620157,0.191448830299,519914500.0,130.833999633789,0.392744387503,2.562858036586,92.44474311615,86.640706411221,0.289996337891
2021-12-27,133.785,0.289996337891,0.000751417133,0.0020400931,0.000169389977,0.00446730235,0.618963567472,0.198185039318,525616800.0,131.095999145508,0.243508370373,2.533572605678,95.329617491589,89.646502980885,0.625003662109
2021-12-28,134.835,0.625003662109,0.001041584598,0.001339725009,-0.000373813562,0.002118171683,0.618563448878,0.200232466074,530053600.0,132.07200012207,0.467034771289,2.375715528216,99.490225140535,95.754861916091,-0.445000610352
2021-12-29,134.28,-0.445000610352,0.001637035655,0.001865537479,-0.000382672987,-0.002451526632,0.550044256405,0.198889330096,525816400.0,132.77799987793,-0.04697802215,2.402857644217,94.004166454249,96.274669695457,1.080000610352
2021-12-30,136.62,1.080000610352,0.002881201152,0.001988213628,9.915344e-05,0.006408839779,0.504347413021,0.190571171537,531410700.0,133.860000610352,0.21610996517,2.409999847412,96.29633527866,96.596908957815,-0.690007324219
2021-12-31,135.87,-0.690007324219,0.000809244584,0.001098573949,-0.001099327427,-0.001249632461,0.448673520374,0.179877606647,537765000.0,134.635998535156,0.079411164556,2.330000196184,93.13494191988,94.478481217596,-0.470006103516
2022-01-03,134.45,-0.470006103516,7.3927371e-05,0.002463628979,0.000773502269,-0.007089579795,0.318443260345,0.165500532708,533801600.0,135.097998046875,-0.34828617351,2.231428963797,87.704150171418,92.378475789986,0.969998168945
2022-01-04,135.4799,0.969998168945,-0.000664571992,0.002331190423,0.000298650059,0.00110766275,0.182683512315,0.15254449063,540641400.0,135.299996948242,0.010367812262,2.206429072789,87.685562451738,89.508218181012,-0.319896337891
2022-01-05,136.55,-0.319896337891,-0.001183809247,0.002751185185,-0.000535158344,0.011481481481,0.03228949801,0.142848963436,534343100.0,135.453997802734,-0.039388512694,2.161428724016,81.906851978446,85.765521533867,-0.680004882813
2022-01-06,136.38,-0.680004882813,0.003900778673,0.002515322581,-0.000113860036,-0.000146627566,-0.057564444411,0.130813060749,542068000.0,135.555996704102,0.149686671439,2.137142726353,77.016137087559,82.202850505914,-1.150004272461
2022-01-07,134.64,-1.150004272461,0.000147927776,0.001830240296,1.3294889e-05,-0.004510166359,-0.190784811367,0.114164453454,537401000.0,135.415997314453,-0.38445328258,2.003571646554,70.56452914687,76.495839404292,0.240004882813
2022-01-10,135.14,0.240004882813,0.001482776846,0.002328546047,-3.1810443e-05,0.000444181226,-0.3252602763,0.100947703258,528770700.0,135.311999511719,-0.101847311261,1.953570774623,67.036394980606,71.539020405012,1.249999389648
2022-01-11,134.98,1.249999389648,-0.00395918534,0.002304011778,0.000766352144,-0.006404122194,-0.334031732413,0.090841733289,538565100.0,135.505999755859,0.289658608625,1.894283839634,80.444505470662,72.681809866046,1.990001220703
2022-01-12,137.14,1.990001220703,-0.003285368652,0.002183050103,0.001025748471,0.004541459127,-0.322143170916,0.081836966133,545724500.0,135.867999267578,0.25290060564,1.90071105957,85.902110334363,77.794336928544,0.149993286133
2022-01-13,134.25,0.149993286133,-0.016679972308,0.002080148148,0.000270419476,-0.005555555556,-0.313787515033,0.072589674825,552313800.0,136.151998901367,0.288037090572,1.797853742327,85.618708601291,83.988441468772,-0.729995727539
2022-01-14,132.39,-0.729995727539,-0.001273203741,0.002281404773,-0.000164592589,-0.006528590725,-0.568382085541,0.067631736746,543927400.0,135.810000610352,-0.32501882203,1.988567897252,11.809721444923,61.110180126859,3.479995117188
2022-01-18,135.62,3.479995117188,-0.002649596109,0.001734189359,0.000331012054,0.00081174821,-0.582584220755,0.066241994345,554411900.0,136.007998657227,0.348940843753,2.157854352679,61.092175043801,52.840201696672,1.159998779297
2022-01-19,137.31,1.159998779297,-0.002705038167,0.002131441976,0.00091969292,0.006597756763,-0.535937325946,0.058477654378,566753800.0,136.085998535156,0.245056095069,2.242140633719,76.621246155954,49.841047548226,-2.099993286133
2022-01-20,133.38,-2.099993286133,-0.00525114029,0.00350929368,-0.000742101448,-0.008327137546,-0.6106427693,0.051755760033,560557100.0,135.733999633789,-0.215726461906,2.304284232003,49.82957547953,62.514332226428,-0.350001220703
2022-01-21,133.47,-0.350001220703,0.000225503868,0.002076732301,0.001036023909,0.003081316699,-0.795031333712,0.040805412795,553944300.0,134.882000732422,-0.350831308702,2.374998910086,12.628078770684,46.359633468723,-1.490004272461
2022-01-24,132.52,-1.490004272461,0.00636468877,0.003410630929,-0.000201528952,-0.00225869598,-0.964574891303,0.041050745616,546361300.0,134.573999023438,-0.199528316345,2.494284493583,4.783916094705,22.41385678164,-0.359996337891
2022-01-25,131.9415,-0.359996337891,-0.005069598595,0.002583550925,0.000956640878,0.003433721196,-1.035231243859,0.043561585068,560095100.0,133.832000732422,-0.047253906439,2.694284711565,39.433866487,18.948620450796,1.148496337891
2022-01-26,134.505,1.148496337891,0.001502719616,0.002773726461,0.00051464709,0.009115462525,-0.989981313815,0.045338228762,570391600.0,133.094000244141,0.239888452802,2.815000261579,48.837230825532,31.018337802412,-0.275004272461
2022-01-27,135.7904,-0.275004272461,0.009461404402,0.002624206642,-0.00071015675,0.002143173432,-0.858797141887,0.045452084796,578431900.0,132.897998046875,0.187230453957,2.779285975865,61.419757925268,49.896951745933,0.179601220703
2022-01-28,134.87,0.179601220703,0.000147122691,0.0020973601,0.000392183109,-0.008235899699,-0.640379582828,0.045850016568,587301000.0,133.485998535156,0.090743331224,2.962857927595,76.792830191354,62.349939647384,3.049998168945
2022-01-31,136.33,3.049998168945,-0.007975571776,0.003004896945,-0.000537780027,-0.003581347756,-0.363874917381,0.049395297105,595315400.0,134.673999023437,0.297756194297,3.082143511091,96.215094020345,78.142560712322,0.559999389648
2022-02-01,136.925,0.559999389648,0.00350643385,0.003443182645,-0.000355703264,-0.003239426367,-0.254804231426,0.050725066507,585015400.0,135.619998168945,0.028239532347,3.080001831055,85.9561507676,86.321358326433,0.075
2022-02-02,135.84,0.075,-0.011605812685,0.007126504689,0.001724634437,0.00317554095,-0.183062737484,0.052078599277,592429300.0,136.401998901367,-0.096206892931,3.045002528599,87.051773444099,89.741006077348,2.779995117187
2022-02-03,139.86,2.779995117187,0.006348325738,0.00329390681,0.000145087542,0.002580645161,-0.041697706757,0.056495431704,603792399.9999999,137.279998779297,0.275298210186,3.402145385742,92.914727379597,88.640883863765,0.869995727539
2022-02-04,142.44,0.869995727539,-0.004121380293,0.003553335712,0.000672461167,0.016339636104,0.167261462829,0.066299092391,614065100.0,138.231997680664,0.239821418359,3.309289114816,92.713679570172,90.893393464623,-1.790006103516
2022-02-07,140.55,-1.790006103516,0.003697151049,0.002583693419,-0.000233606034,-0.004391867961,0.267491281906,0.073642776284,607143600.0000001,138.777996826172,0.082718971245,3.295717511858,85.21315066987,90.280519206546,1.979998779297
2022-02-08,141.86,1.979998779297,-0.003508033427,0.00190100683,0.000494908566,-0.001196930226,0.418790820589,0.084638013641,616741400.0,139.905996704102,0.263133654379,3.294288635254,96.745791671142,91.557540637062,1.649994506836
2022-02-09,143.1669,1.649994506836,0.00327504173,0.002521965619,0.000158322825,-0.005612779997,0.535777507611,0.096580519668,624300900.0,141.207995605469,0.323079494328,3.272145952497,99.413223405298,93.790721915437,0.033096948242
2022-02-10,143.195,0.033096948242,-0.00034918333,0.002159832344,0.000105231227,0.000314355571,0.54157942534,0.105317953469,618311800.0,142.12399597168,-0.338124465742,3.177859715053,95.038176083473,97.065730386638,-0.484993286133
2022-02-11,143.16,-0.484993286133,0.001051039797,0.001473960521,0.000557645246,0.002099958001,0.464667656434,0.111495548555,610978400.0,142.519998168945,-0.096869719157,3.144288199289,89.418372101104,94.623257196625,-1.150005493164
2022-02-14,141.08,-1.150005493164,-0.00161957423,0.002133587248,-0.000324589816,-0.004937226689,0.325482209966,0.112073205412,604503200.0,142.791998291016,-0.198026512174,2.935716901507,82.318394720668,88.924980968415,1.92
2022-02-15,144.9,1.92,0.002447595129,0.003081037089,-0.000981864532,0.010812696198,0.261672301584,0.116075602422,614435100.0,142.885998535156,0.175778717496,2.951430184501,87.748070591011,86.494945804261,-0.140005493164
2022-02-16,145.34,-0.140005493164,-0.000138083824,0.003054511538,0.001204007406,0.004145364101,0.296993836955,0.123106837329,623965199.9999999,143.135998535156,0.319749046741,2.937859671456,94.359290883111,88.141918731597,0.529995117187
2022-02-17,143.82,0.529995117187,-0.007335244404,0.002247651934,8.5962054e-05,-0.006767955801,0.350439426528,0.129323686133,631994100.0,143.669998168945,0.19512775808,2.865716116769,90.47278561137,90.860049028497,1.150001220703
2022-02-18,144.77,1.150001220703,-0.001931425653,0.0019354482,-0.000172215968,0.000552906213,0.283371239979,0.127597144396,626507500.0,144.121997070312,0.05149166296,2.787859235491,84.121381146172,89.651152546884,-0.740001220703
2022-02-22,143.13,-0.740001220703,-0.019301526091,0.004200637168,-0.000990710386,0.013309734513,0.141084066216,0.119137065446,618921600.0,144.525997924805,-0.13163850831,2.792144775391,77.487629820784,84.027265526109,2.429997558594
2022-02-23,145.88,2.429997558594,0.004534237931,0.003092121461,0.000101052163,-0.002325263302,0.116418165675,0.110283007483,630498400.0,145.037997436523,0.440066844791,3.027859279088,88.285082021886,83.298030996281,0.879994506836
2022-02-24,145.105,0.879994506836,-0.021463573279,0.002948958986,0.000908767633,0.01041013857,0.145442741289,0.10283548556,639769400.0,145.437997436523,0.100486433167,2.787145342146,82.921488630604,82.898066824425,0.165004272461
2022-02-25,147.6,0.165004272461,0.005920015041,0.002399507288,-8.8555843e-05,0.01005953603,0.034597759864,0.092655986606,627699200.0,145.317999267578,0.379874191633,2.801429748535,66.228088513691,79.144886388727,1.939993286133
2022-02-28,147.17,1.939993286133,-0.019325929647,0.002864780089,0.001456218188,0.003545857484,0.209405490855,0.094127431248,636019900.0,146.231997680664,0.410001378455,2.910000392369,92.490774151633,80.54678376531,0.600004272461
2022-03-01,148.6927,0.600004272461,-0.000676768631,0.002451005621,0.001567358105,0.006925577301,0.168156533173,0.093034972534,624929300.0,146.979998779297,0.249230846181,2.988572256906,76.282080833869,78.333647833064,-1.002697558594
2022-03-02,148.472,-1.002697558594,6.7672196e-05,0.002000677048,0.000575186514,0.005226811104,0.101117538391,0.086556926765,617439400.0,147.405999755859,0.014178341145,3.055714198521,75.549463210591,81.440772732031,1.098007324219
2022-03-03,150.15,1.098007324219,0.001604534483,0.001927775182,0.000647958706,0.002269541419,0.146280725095,0.081095052977,625686600.0,147.968002319336,0.245483231311,3.262142726353,85.774826215637,79.202123420032,0.260003662109
2022-03-04,148.72,0.260003662109,-0.012033757825,0.001763122476,-0.000382566067,0.000807537012,0.192698217512,0.079485537029,631095000.0,148.996002197266,0.161090766479,3.249998910086,92.887413103585,84.737234176604,1.839997558594
2022-03-07,148.635,1.839997558594,-0.0103613017,0.00255033557,-0.000225084724,-0.00244966443,0.192995060741,0.081033197958,636484500.0,149.200003051758,0.388413250322,3.286425999233,94.157471761324,90.939903693515,0.814996948242
2022-03-08,149.0,0.814996948242,-0.003011020123,0.0,0.0,0.0,0.08351903292,0.077767982856,629346800.0000001,149.536001586914,0.096454842115,3.201425824847,81.999969474222,89.681618113043,-1.850006103516
2022-03-09,148.32,-1.850006103516,0.0075433276,0.002786523675,0.000999008078,0.000404694456,-0.165155122061,0.074695894295,620529300.0,149.42799987793,-0.250046055398,3.27785382952,58.999938958944,78.385793398163,0.519996337891
2022-03-10,148.62,0.519996337891,-0.005173266814,0.002436482745,0.000308532789,0.003714459377,-0.233030805187,0.074144135071,625898200.0,149.281997680664,0.13129872827,3.270711626325,75.899963371316,72.299957268161,0.549998168945
2022-03-11,149.74,0.549998168945,0.001139627077,0.002239855364,0.000208337773,0.002678451855,-0.270288290734,0.072655440222,630533900.0,149.033996582031,0.275161415553,3.253569466727,79.199981681533,71.366628003931,-0.680002441406
2022-03-14,149.94,-0.680002441406,0.011203530097,0.002343196444,-0.000726502623,-0.00524115969,-0.313865670452,0.068903151407,625362500.0,148.733996582031,-0.093828069985,3.186426435198,78.099975578128,77.733306876992,2.160006103516
2022-03-15,153.61,2.160006103516,0.001051863227,0.002111454092,-0.000654600187,0.008866412715,-0.1573782505,0.067120404041,634009700.0,149.263998413086,0.186404036689,3.104282924107,90.842156651622,82.714037970428,2.270004882812
2022-03-16,155.68,2.270004882812,0.003977387078,0.002536741214,0.001303656454,-0.005239616613,0.163885725721,0.077383298114,642393999.9999999,151.010000610352,0.437586290824,3.199995858329,95.75626422415,88.232798817966,0.370003051758
2022-03-17,157.575,0.370003051758,0.007177155369,0.002978303748,0.000559246423,0.002576827639,0.340831932609,0.087044676153,649572900.0,152.452001953125,-0.057607749026,3.200710841588,93.037944113581,93.212121663117,1.014996337891
2022-03-18,158.1444,1.014996337891,-0.003720262006,0.00261721519,-4.7435408e-05,0.000913924051,0.568517471746,0.102532292123,656800800.0,154.336001586914,0.303400366396,3.019996643066,99.844324794103,96.212844377278,1.055596948242
2022-03-21,160.68,1.055596948242,0.004711055367,0.002356986558,-0.000832769944,0.004563926227,0.691606399086,0.113436331442,666713600.0,156.364001464844,0.268092183358,2.914282662528,98.185898929307,97.02272261233,-0.629996948242
2022-03-22,159.06,-0.629996948242,0.0,0.002095595127,3.7672738e-05,-0.00618556701,0.756423950556,0.12048416388,672538600.0,157.954000854492,0.031634932035,2.819282531738,93.831431642752,97.287218455388,0.949994506836
2022-03-23,160.385,0.949994506836,0.0,0.002099868758,0.000402506305,0.002343603525,0.722797590561,0.126314465811,666782000.0000001,158.779998779297,-0.001649257259,2.694282531738,93.557212623141,95.1915143984,-1.965001831055
2022-03-24,159.1607,-1.965001831055,0.005049886763,0.001562554955,2.6118939e-05,-0.000372440648,0.528667241582,0.127975665252,660481400.0,159.253997802734,-0.273014671,2.757140023368,81.376545308092,89.588396524662,1.119298779297
2022-03-25,161.107,1.119298779297,0.001684578703,0.001656680162,0.000808171841,0.003469324198,0.463078541299,0.128027748726,665119500.0,159.591998291016,0.287780504476,2.73785509382,93.927163432678,89.620307121304,0.223001831055
2022-03-28,159.59,0.223001831055,-0.004462909642,0.001858539319,-0.001774931616,-0.006350787622,0.428747922648,0.134447653516,670248900.0,160.017999267578,0.228280459674,2.679998125349,95.838706141927,90.380804960899,2.380001220703
2022-03-29,161.87,2.380001220703,0.006297488824,0.002741701945,0.000554795797,-0.006871587214,0.388666252638,0.137297287387,674765400.0,160.401998901367,0.279717600449,2.60642678397,99.581315059852,96.449061544819,0.309992675781
2022-03-30,163.585,0.309992675781,-0.002836302108,0.003108459065,-0.001241925459,0.011532278011,0.318753131609,0.137705941479,680919500.0,160.835998535156,-0.197385070813,2.537140982492,92.939627887255,96.119883029678,0.165
2022-03-31,163.795,0.165,-0.005007678316,0.002005216964,0.000669460974,0.005309028417,0.319873729002,0.141644179026,686071300.0,161.901998901367,0.393961159464,2.57856968471,96.096254395414,96.205732447507,-1.684999389648
2022-04-01,161.69,-1.684999389648,0.00024670462,0.003264076472,-0.000550676859,-0.002836879433,0.159873955134,0.141812484497,677401200.0000001,162.267999267578,-0.15225898734,2.659998212542,83.695632019765,90.910504767478,0.989992675781
2022-04-04,162.335,0.989992675781,-0.001106421711,0.002232984615,-0.000126315394,-0.001015384615,0.04794661315,0.141292667732,683104500.0,162.537997436523,0.098353701315,2.589998517718,84.159912102642,87.983932839274,-0.445000610352
2022-04-05,163.86,-0.445000610352,0.0,0.002649144481,6.3704778e-05,0.012168756563,-0.114882811622,0.135992390155,676212100.0,162.521997070312,-0.120801309184,2.450713021415,75.134610188702,80.996718103703,-0.430007324219
2022-04-06,165.25,-0.430007324219,0.006486036009,0.002750015198,0.000569704106,0.004620341662,-0.152124747304,0.124111951691,682895400.0,162.771997070312,0.199496735605,2.509284973145,74.051138063318,77.781886784888,3.660003662109
2022-04-07,168.79,3.660003662109,-0.007341219977,0.00218423093,-8.0993499e-05,0.006679787678,0.143090854046,0.123458485665,691706200.0,163.803997802734,0.420213738437,2.743571690151,97.032147844953,82.072632032324,4.489998779297
2022-04-08,174.31,4.489998779297,-0.001615874776,0.00244699422,0.000887718675,0.007572254335,0.560043956623,0.130434885981,699175200.0,166.037997436523,0.418215018161,3.082857404436,92.094156989684,87.725814299318,0.650006713867
2022-04-11,172.74,0.650006713867,-0.000343008774,0.002442309891,-0.001408202891,-0.012349914237,0.858497244745,0.134465168506,706379400.0,168.494000244141,0.297135799723,3.186429704939,94.689787693683,94.605364176107,-2.909998168945
2022-04-12,170.3301,-2.909998168945,-0.003061910539,0.002755182801,0.000669713366,0.006025042821,0.630475932905,0.127995664748,698216200.0,170.082000732422,-0.426341883915,3.432143075126,65.356120943242,84.046688542203,-3.020102441406
2022-04-13,163.75,-3.020102441406,-0.013806691724,0.004281818182,0.00036443811,-0.007575757576,0.249550954603,0.12343311583,689936500.0,170.858001708984,-0.216885747728,3.541428702218,49.589640476359,69.878516371095,-4.800003051758
2022-04-14,159.39,-4.800003051758,-0.006920357759,0.00349185936,0.001283576569,0.009756097561,-0.580506062882,0.11888266654,671623900.0,168.866000366211,-0.326905961537,4.152143205915,12.846860931913,42.597540783838,2.919997558594
2022-04-18,162.11,2.919997558594,-0.002156311071,0.003275314893,-1.4206201e-05,0.000926154606,-0.899291192346,0.115653835964,682698700.0,166.67200012207,0.338029661781,4.530713762556,30.113045160846,30.849848856373,-2.749999389648
2022-04-19,156.47,-2.749999389648,0.006526062262,0.005492518703,-0.001917107567,-0.024501246883,-1.281549400477,0.115458068436,676198500.0,163.551998901367,-0.309107786581,4.640713282994,14.953764943391,19.30455701205,-0.119993896484
2022-04-20,156.77,-0.119993896484,6.392393e-05,0.002925940138,-0.000442924226,0.002622154004,-1.684460691425,0.12087302923,666838600.0,160.855999755859,-0.276518010431,4.98356955392,11.891890776762,18.986233627,-0.070003051758
2022-04-21,155.52,-0.070003051758,0.001914505792,0.002233057325,-0.000203623652,-0.009426751592,-1.86093001667,0.125263617796,673088600.0,158.733999633789,0.074123013373,4.979997907366,13.468426330018,13.438027350057,3.000004272461
2022-04-22,157.57,3.000004272461,-0.007822391242,0.002681269074,-0.000800114524,0.001843845371,-1.788164637662,0.125137893068,680991900.0,158.648001098633,0.166959402352,5.156426565988,21.666658646806,15.675658584529,-2.579994506836
2022-04-25,153.95,-2.579994506836,-0.00096786341,0.002815745285,0.000237633592,-0.005747868768,-1.900347557931,0.132538330823,673053600.0,157.184002685547,-0.27484723154,5.242855616978,5.765761059443,13.633615345423,2.350003051758
2022-04-26,157.38,2.350003051758,0.000895709449,0.002423447572,0.001475894714,0.004403599464,-1.809363139435,0.137591179225,679986200.0,156.572003173828,0.204262111802,5.344285147531,14.997857023153,14.143425576467,-1.200007324219
2022-04-27,154.87,-1.200007324219,0.002433121402,0.003052376086,0.0009778973,-0.010794583546,-1.682942783601,0.142537532682,673198400.0,156.538000488281,-0.021203499883,5.32642691476,14.477656165456,11.747091416017,2.749995117187
2022-04-28,155.45,2.749995117187,0.004694870677,0.003307653448,0.001030246549,-0.018375852488,-1.437546892145,0.145254958645,679237500.0,156.72200012207,0.12295775765,5.262140546526,20.719537327895,16.731683505501,0.859997558594
2022-04-29,144.905,0.859997558594,-0.043183418242,0.009854640278,-0.001103208625,-0.031124632255,-1.302665613375,0.148925207576,671772500.0,156.279998779297,-0.236885016357,5.051426478795,15.041179535777,16.746124343043,1.975004882812
2022-05-02,145.39,1.975004882812,-0.001565978885,0.004739174906,0.000760520176,-0.008591885442,-1.75935353248,0.171252419114,646616600.0,154.657998657227,-0.101141005191,5.977855137416,19.794964642593,18.518560502089,2.479995117188
2022-05-03,148.35,2.479995117188,0.001217339153,0.003997838568,0.00012338563,0.002026342452,-1.893896339926,0.186879999909,656307400.0,152.971997070312,0.130184032759,5.959284101214,25.922302237707,20.252815472026,1.250006103516
2022-05-04,148.135,1.250006103516,-0.00949206798,0.002958293967,-0.000600044766,-0.000303684708,-1.767928907663,0.19676428713,662470799.9999999,151.655999755859,0.287102368329,5.853571210589,38.572040695046,28.096435858449,3.454996337891
2022-05-05,151.9,3.454996337891,0.007784207158,0.003017411796,0.000146334775,-0.005694835373,-1.464661389176,0.201396004717,668262300.0,150.45,0.372461242599,5.419285365513,48.705106401557,37.733149778103,0.279992675781
2022-05-06,150.42,0.279992675781,-0.016427915103,0.004007950294,0.001385936244,0.004943880278,-1.152169476219,0.197480654996,675131599.9999999,149.623999023438,-0.079163648782,5.150001525879,53.587050185454,46.954732427352,2.410001831055
2022-05-09,149.86,2.410001831055,-0.00791733756,0.003770874555,0.00057348364,-0.011607967287,-0.843821328858,0.179598084184,681277199.9999999,150.813998413086,0.36397919378,5.183574131557,62.712710556297,55.001622381103,1.100006713867
2022-05-10,152.21,1.100006713867,0.002053507848,0.003711046473,-0.000733355757,0.00621405434,-0.713132078884,0.149753889185,674308200.0,151.432000732422,-0.056313300074,5.027860369001,53.936466765307,56.745409169019,-0.120003662109
2022-05-11,152.61,-0.120003662109,-0.00703525604,0.003853794199,-0.001812729276,0.010528406834,-0.507569540473,0.127075467405,680833400.0,151.929998779297,0.11520482784,5.130717686244,59.462085100046,58.70375414055,-0.649993286133
2022-05-12,152.89,-0.649993286133,0.009344551897,0.003647476855,0.000242743193,-0.00319467988,-0.34510588176,0.105533529922,675203400.0,152.004000854492,0.135606294768,5.044288635254,60.880607753569,58.093053206307,1.399993286133
2022-05-13,154.0,1.399993286133,-0.005638700856,0.00322396037,0.000718990602,0.003780471907,-0.060395879321,0.102106755128,682118200.0,152.426000976562,0.121942411078,5.045717511858,72.672031947099,64.338241600238,-0.5
2022-05-16,153.85,-0.5,0.002801255217,0.002912947444,-0.000661408204,-0.000519716754,0.087038622977,0.089729683196,675719700.0,152.560000610352,0.024175356342,4.952146257673,68.674092191689,67.408910630786,1.620001220703
2022-05-17,153.6,1.620001220703,-0.000578866258,0.00343924572,0.001076176442,-0.011455785815,0.316640763969,0.083917780255,682285300.0,153.461999511719,0.224350751066,4.934289114816,79.407269944638,73.584464694475,1.179998779297
2022-05-18,154.76,1.179998779297,6.4572341e-05,0.002741649977,-0.000309745072,-0.00019381097,0.415230957598,0.082617374721,676253100.0,154.0,-0.092544989425,4.791430882045,80.226895019209,76.102752385179,-2.330007324219
2022-05-19,151.73,-2.330007324219,-0.00806925006,0.003380820106,4.9181882e-05,0.003505291005,0.319653188891,0.080595596362,669755000.0,154.093997192383,-0.285777727548,4.780715942383,73.702801007988,77.778988657278,-0.009998779297
2022-05-20,152.2383,-0.009998779297,0.004020568188,0.002656978271,0.000118065703,-0.000601982538,0.211318396835,0.074560332404,663760200.0,153.579998779297,0.093616230843,3.835715157645,61.561343177579,71.830346401592,-1.228305493164
2022-05-23,150.75,-1.228305493164,0.004238126038,0.003465582298,0.000659326631,-0.005934718101,0.100184227351,0.074422432987,657013800.0,153.081997680664,-0.096681139808,3.853573390416,36.774161788379,57.346101991315,-2.720001220703
2022-05-24,148.09,-2.720001220703,-0.006755387477,0.003335781813,-0.000974651801,0.007209413045,-0.151972436732,0.076241981486,650127400.0,151.593997192383,-0.360052361014,3.99214390346,8.659758784318,35.665087916759,1.020000610352
2022-05-25,152.005,1.020000610352,0.008383072865,0.003026004256,0.002457787364,0.010940409683,-0.21985486415,0.074863496235,656494600.0,150.459997558594,0.235303546103,3.989287240165,24.319069033273,23.250996535323,-0.044993286133
2022-05-26,152.8808,-0.044993286133,-0.002171636065,0.002610301392,0.000604941324,0.008249027237,-0.055220629672,0.066455802609,661537200.0000001,150.366000366211,0.260529126224,4.032143729074,52.042867103931,28.340564973841,-2.310792675781
2022-05-27,149.6599,-2.310792675781,-0.006973520626,0.002029895666,0.000846185721,0.000935660781,-0.023941240894,0.060425233104,654877900.0,150.136001586914,-0.188860611878,3.90142931257,38.521470658704,38.294468931969,0.3401
2022-05-31,148.46,0.3401,-0.009066670736,0.002680099569,0.000253600603,-0.001210979548,-0.025501258239,0.054217886093,646472900.0,149.934002685547,0.112013435632,3.773572649275,32.976651671845,41.180329811493,-1.090004882813
2022-06-01,146.1704,-1.090004882813,0.002849957134,0.003295892821,-0.001253114046,-0.010958792882,-0.178968709583,0.055550730224,635245100.0,149.802001953125,-0.279832253361,3.724286760603,7.392943550661,26.297021960403,-0.150395727539
2022-06-02,146.04,-0.150395727539,0.004314406284,0.003379952267,-0.000368064971,-0.004159563587,-0.337508368774,0.063713625918,629647200.0,149.184002685547,-0.235673846562,3.706429617746,13.524248378663,17.964614533723,0.71
2022-06-03,147.961,0.71,0.0,0.002899420784,-0.000581132881,0.008252129472,-0.357407145012,0.069444894086,635646100.0,148.142001342773,0.026198983102,3.704286847796,27.519689717932,16.145627215752,-0.791001831055
2022-06-06,146.09,-0.791001831055,-0.001155114297,0.002594353741,-0.000901917004,-0.00619047619,-0.308334091803,0.073070707208,640537900.0,147.461999511719,0.148794600761,3.630715506417,30.521819839472,23.855252645356,0.439998779297
2022-06-07,147.31,0.439998779297,0.002661566866,0.002621290498,-0.00036637173,0.002654505854,-0.285547134719,0.076546183306,636625500.0,146.767999267578,-0.101425877469,3.526430402483,28.161404611439,28.734304722948,1.829999389648
2022-06-08,149.1771,1.829999389648,-0.001609263069,0.001924311619,0.00058802961,0.001860980524,-0.072372096295,0.077024606395,641616700.0,147.12200012207,0.33063161262,3.56500353132,48.750031288622,35.811085246511,0.0729
2022-06-09,149.745,0.0729,0.003149086906,0.002109738178,-0.000183785376,0.00016697836,0.089580306415,0.076759048113,646451900.0,147.767999267578,0.114736644493,3.397147042411,59.792842738478,45.568092879513,-4.315007324219
2022-06-10,143.06,-4.315007324219,-0.00749498998,0.002553900513,-8.9346134e-05,-0.008867950672,-0.040070555964,0.081535236204,640809000.0,147.503997802734,-0.392973478916,3.545004708426,23.822940745724,44.121938257608,0.139996948242
2022-06-13,141.205,0.139996948242,-0.016340756898,0.003087428977,-5.4109887e-05,0.002876420455,-0.244134028717,0.086815728176,635344300.0,146.709997558594,-0.221178311935,3.3714327131,9.615400737465,31.077061407222,-1.785001831055
2022-06-14,139.84,-1.785001831055,0.000143482088,0.003055077453,0.000929066024,0.002868617326,-0.582501682439,0.102267213668,629347300.0,145.287997436523,-0.207045875499,3.343575613839,4.47864945351,12.6389969789,-2.220004882813
2022-06-15,137.31,-2.220004882813,-0.007629616554,0.00243150033,-0.000157902381,0.00541846672,-0.859624462492,0.114139835377,623485500.0,142.983996582031,-0.193910395815,3.31500353132,7.761121151589,7.285057114188,0.779996337891
2022-06-16,136.05,0.779996337891,-0.011224586088,0.002301743079,0.000867646682,-0.003588691958,-0.937007280626,0.120443024927,629467300.0,140.751995849609,0.27608785594,3.242146083287,11.045126658985,7.761632421361,3.099993896484
2022-06-17,138.83,3.099993896484,-0.011138971333,0.003872965116,0.001756454353,0.008938953488,-0.845352607965,0.124890984961,636430700.0,139.49599609375,0.382372749419,3.302859715053,22.967460342159,13.924569384245,-0.550001220703
2022-06-21,141.02,-0.550001220703,0.012076932193,0.002846802429,-0.000384287099,0.00764558771,-0.773794094429,0.129814865323,626000800.0,138.511996459961,0.153758887891,3.26857321603,17.073188380668,17.028591793938,2.450001220703
2022-06-22,145.45,2.450001220703,0.001742524555,0.003750695797,-0.000658177723,0.01203729474,-0.330084159438,0.12610772526,633161300.0,139.321997070312,0.427059248312,3.437144688198,52.235783280448,30.758810667759,2.109997558594
2022-06-23,148.71,2.109997558594,0.007861233948,0.002467657343,-0.000150229596,-6.7240452e-05,0.254175577621,0.125759174004,641157000.0,141.309997558594,0.31783029435,3.655717032296,79.945767234109,49.751579631742,0.739996948242
2022-06-24,150.185,0.739996948242,0.009635346074,0.002957187355,0.000541832192,-0.004672277818,0.754923363654,0.126171452357,648952000.0,143.581997680664,0.122868890111,3.590716770717,91.023900682013,74.401817065524,2.154996337891
2022-06-27,154.05,2.154996337891,0.00433243848,0.002500326797,0.001017164699,0.006862745098,1.239174491056,0.126971125297,657479600.0000001,146.219998168945,0.242610819324,3.721431187221,97.644234997422,89.537967637848,-0.910000610352
2022-06-28,154.14,-0.910000610352,0.000195891207,0.002683880655,0.001093188046,0.0063328328,1.55149757514,0.131956658677,662856900.0,149.191998291016,0.034741295238,3.789288112095,88.268170273973,92.312101984469,-1.649994506836
2022-06-29,154.215,-1.649994506836,0.009246431586,0.002725016244,-0.000573298867,0.002046783626,1.643615405726,0.136063214646,657121200.0000001,150.995999145508,-0.078921641864,3.807144165039,84.967033575866,90.29314628242,-0.075000610352
2022-06-30,151.2,-0.075000610352,-0.006292988352,0.003569628517,0.000906528722,-0.012861526409,1.735917596384,0.145259419063,663262100.0,152.311999511719,0.047305415501,3.987857273647,88.111238466649,87.115480772163,1.960003662109
2022-07-01,153.28,1.960003662109,-0.000522341533,0.002077737131,-0.000186480093,0.001306506402,1.651700405996,0.151501248327,655972600.0,153.054000854492,0.00877222723,3.848571777344,83.413272508749,85.497181517088,0.520003051758
2022-07-05,152.5,0.520003051758,-0.012353765394,0.002281698486,0.001062892475,0.003949967084,1.560878836045,0.157943153471,660592600.0,153.346002197266,0.157802956427,3.785714285714,86.48134235962,86.001951111673,1.429992675781
2022-07-06,154.315,1.429992675781,0.004417644169,0.002383416338,-0.000724200553,-0.001908026648,1.434573595336,0.163713888072,666071400.0,153.504000854492,0.245466909498,3.783571515765,87.104494901393,85.666369923254,-1.785001220703
2022-07-07,151.7071,-1.785001220703,-0.015275695599,0.003517243675,-0.001898166627,0.010033954727,1.19173934929,0.1667677302,660957800.0,153.511999511719,-0.304333946864,3.709286281041,80.393114961536,84.65965074085,0.2929
2022-07-08,152.62,0.2929,0.0,0.002089013158,-3.754409e-06,0.004078947368,0.941401593554,0.168733474722,654441700.0,153.083999633789,0.358648119566,3.688572474888,77.852373045122,81.783327636017,0.230006103516
2022-07-11,153.4,0.230006103516,-0.003729193991,0.002254925138,0.002435342822,0.007354872603,0.785406945151,0.17142366434,658520100.0,153.02200012207,0.134151320981,3.683573041643,80.597064150328,79.614184052328,-0.170004272461
2022-07-12,153.69,-0.170004272461,-0.00150098371,0.002594117647,-0.001319487701,0.004509803922,0.664936770957,0.173639276364,663011100.0,152.907998657227,0.221207175338,3.675001961844,79.96454044144,79.471325878963,-1.229993286133
2022-07-13,152.76,-1.229993286133,-0.003017228739,0.002513157895,0.001130302063,0.005,0.498143419069,0.172290496556,657691599.9999999,152.614001464844,-0.099336266149,3.44785962786,68.024672094867,76.195425562212,-0.610006103516
2022-07-14,150.09,-0.610006103516,-0.021426188877,0.002176103163,0.000121788433,0.008059641346,0.339278416595,0.162936675484,652470400.0,152.538000488281,0.037957236813,3.155002049037,50.770921588111,66.253378041473,0.350002441406
2022-07-15,151.7,0.350002441406,0.009305994907,0.0020789647,-0.000586412675,-0.000922023182,0.103594065684,0.145388843545,644893500.0,152.226000976562,0.315917024116,3.18357195173,23.985232923794,47.593608868924,1.919995117188
2022-07-18,152.85,1.919995117188,0.00117177412,0.002945773732,0.000405817221,-0.006176853056,0.143947050042,0.126469203348,649766500.0,152.379998779297,0.372695165563,3.19357081822,63.099583894102,45.951912802003,-3.279992675781
2022-07-19,149.075,-3.279992675781,0.002874858961,0.002834466667,-0.001915605653,-0.006166666667,-0.106529029113,0.104654849502,642928100.0,151.648001098633,-0.360378272284,3.369999476842,13.284172315922,33.456329711273,0.665005493164
2022-07-20,149.78,0.665005493164,-0.001402475666,0.002365411623,-4.9837281e-05,0.001671905303,-0.256608314383,0.068802388511,648575200.0,151.104000854492,-0.086132717169,3.205713544573,15.375173372333,30.586309860785,-2.089997558594
2022-07-21,147.2,-2.089997558594,-0.003046901895,0.001840192882,0.000117473037,-0.000271665308,-0.476983859449,0.053203149294,643259500.0,150.212002563477,-0.285290476538,3.132857186454,4.424853873937,11.02806652073,0.55
2022-07-22,148.41,0.55,0.004873104709,0.001764329494,4.3583868e-05,-0.000404122045,-0.594124835759,0.05265367709,647326300.0,149.674002075195,0.146268017351,3.029284885951,18.74319098751,12.84773941126,0.060001220703
2022-07-25,149.98,0.060001220703,0.000471422273,0.002110946546,-0.000166421159,0.009694358422,-0.596945638307,0.054567868026,650966000.0000001,148.644003295898,0.005758710315,2.97999899728,26.543857877061,16.570634246169,0.240001220703
2022-07-26,151.35,0.240001220703,0.006190871177,0.003467019517,-0.002220173834,0.001323188885,-0.460872223871,0.055230623234,655313000.0,148.774002075195,0.353767679842,2.842856270926,45.503779977447,30.263609614006,-0.480004882812
2022-07-27,150.405,-0.480004882812,-0.009080633403,0.002505016722,0.000975306201,0.006053511706,-0.314025196981,0.054677421139,660213600.0,149.0,-0.032638955317,2.845712934222,52.54597063063,41.531202828379,0.744993896484
2022-07-28,149.45,0.744993896484,0.001918680494,0.00298368991,0.000191552242,-0.013140517697,-0.191019939386,0.054433070794,664359400.0,149.691998291016,0.329511083889,2.845712934222,55.5795449413,51.209765183126,0.3
2022-07-29,144.99,0.3,-0.028781285867,0.005397414741,-0.001948564811,-0.003094059406,-0.196184214471,0.052807186684,657787100.0,150.091998291016,-0.126609024591,3.01214163644,43.625665447405,50.583727006445,-1.480005493164
2022-08-01,140.7668,-1.480005493164,-0.013936311592,0.004245353685,-0.001634174133,-0.005251925659,-0.589843039192,0.068784570893,640032399.9999999,149.099996948242,-0.107844430709,3.617855616978,28.737050431775,42.647420273493,-0.546798779297
2022-08-02,141.46,-0.546798779297,0.006846323254,0.003338645701,-0.000315664498,0.001983283751,-1.016759216265,0.090900901974,631508500.0,147.099996948242,-0.161637819204,3.749997820173,7.587537664082,26.650084514421,-1.070000610352
2022-08-03,141.6127,-1.070000610352,0.009473622315,0.002611275755,-0.001008791872,-0.000757126729,-1.219014834629,0.104892736644,636705600.0,145.003997802734,-0.134401377459,3.764997209821,8.689990252414,15.004859449424,-0.412703051758
2022-08-04,141.92,-0.412703051758,0.006303111961,0.002357519882,0.001070147656,-0.001196424801,-1.226233346184,0.11424361084,642179800.0,143.013998413086,-0.101312674175,3.691426958357,13.942893331044,10.07347374918,-3.000001831055
2022-08-05,139.25,-3.000001831055,0.000935825544,0.003734699748,0.000673918852,0.001438331535,-1.305229485036,0.127486882687,635108100.0,140.847998046875,-0.393453979531,3.724284580776,1.457514228875,8.030132604111,-1.210006713867
2022-08-08,138.35,-1.210006713867,0.0,0.002915821501,-0.001669841587,0.002245725877,-1.332754120131,0.138431267784,629737000.0,139.753997802734,-0.250555253598,3.465713500977,0.576530008751,5.325645856223,1.989996337891
2022-08-09,141.31,1.989996337891,0.002422661727,0.00276869491,0.000921944663,0.004478248507,-1.120596233451,0.140344674421,634591600.0000001,139.777996826172,0.390333817728,3.579999651228,16.276080798109,6.103375011911,-1.06
2022-08-10,140.13,-1.06,0.004705908464,0.002714641257,8.8247279e-05,-0.00355542914,-0.919301764623,0.141491773857,630771900.0,139.749996948242,-0.082686570162,3.526428222656,15.706122747753,10.852911184871,0.810002441406
2022-08-11,140.2,0.810002441406,-0.005037652204,0.00257826428,0.00079346075,-0.000213934251,-0.683495489772,0.140109860581,634847200.0,139.697998046875,0.014589331307,3.543571472168,20.075994405447,17.352732650436,1.880001831055
2022-08-12,142.725,1.880001831055,-0.001337291941,0.001762069209,-0.000321781167,0.005884840369,-0.408143659649,0.138563759065,640820000.0,140.329998779297,0.299460133952,3.650714329311,27.295752950737,21.025956701313,-0.124993896484
2022-08-15,141.84,-0.124993896484,0.003576398913,0.00200342394,-0.000243687077,-0.008874292502,-0.161076237537,0.128662601732,646028700.0,141.242001342773,0.135775839181,3.675713675363,30.589004968043,25.986917441409,0.449993286133
2022-08-16,143.35,0.449993286133,-0.001264970724,0.003595102385,-0.001411065029,0.008725635071,0.002708756793,0.125688688465,641515500.0,141.632000732422,-0.133307992456,3.641428266253,30.874243181725,29.586333700168,-0.799996948242
2022-08-17,141.71,-0.799996948242,-0.007927077226,0.002832979777,-9.0190157e-05,0.002050629331,0.142079394558,0.121267716304,645367800.0,142.092001342773,0.122454794816,3.593570164272,32.650266244889,31.371171464886,-0.269997558594
2022-08-18,140.295,-0.269997558594,0.000353528358,0.001388366669,-0.000226642374,-0.00844582656,0.171086858203,0.119926426248,641762600.0,142.192001342773,0.012338340653,3.337854657854,43.024603677817,35.51637103481,0.994993286133
2022-08-19,142.72,0.994993286133,0.003468083491,0.002415009169,-0.001750859887,0.006629990126,0.190274673612,0.117899934952,638237400.0,142.033999633789,-0.050593521461,2.699283054897,56.682670798631,44.119180240446,-0.869993896484
2022-08-22,142.22,-0.869993896484,0.000845929588,0.002113122491,-0.00067657049,0.001760935409,0.247180135841,0.113466072213,642768100.0,141.883999633789,0.025120232796,2.535712105887,65.700602970417,55.135959148955,-1.880003662109
2022-08-23,138.8397,-1.880003662109,-0.004916648564,0.002309344791,-0.000257446505,-0.00580236305,0.192075831195,0.104351054103,638744600.0,141.494000244141,-0.292233612254,2.532855442592,41.384792291691,54.58935535358,0.180304272461
2022-08-24,138.68,0.180304272461,0.000215787501,0.002091981302,0.000669426777,-0.002660913341,0.081343339405,0.090909424053,634976500.0,140.788000488281,-0.12261545342,2.516427176339,20.128852170586,42.404749144231,-0.769996337891
2022-08-25,138.38,-0.769996337891,0.006235955243,0.001941557974,0.000381052792,-0.002810405707,-0.045235276033,0.071008023956,629957600.0,140.082000732422,-0.317480657454,2.364285060338,3.344056602783,21.619233688353,0.950001831055
2022-08-26,139.4542,0.950001831055,-0.003157987767,0.001445964432,-0.000110841312,0.004062207502,-0.0135487627,0.043932718532,633258800.0000001,139.690002441406,0.154930006669,2.359284537179,26.307516705541,16.593475159637,-3.104193896484
2022-08-29,135.459,-3.104193896484,-0.001100177107,0.002044346549,-0.001222924774,-0.005440528634,-0.165092243062,0.048137929428,629420000.0,138.590002441406,-0.339574905171,2.399999346052,1.293740734505,10.315104680943,0.251006713867
2022-08-30,135.48,0.251006713867,-0.004200186398,0.001898401658,0.000620269349,0.002515909427,-0.27382719582,0.056659457382,625584200.0,137.664004516602,-0.117775775484,2.371428353446,10.303818667562,12.635025369203,0.070003051758
2022-08-31,135.4,0.070003051758,0.001032824688,0.002056452207,-0.000460533749,-0.002137224556,-0.318774213372,0.063840689206,621247100.0,136.970004272461,0.134027559174,2.33857182094,8.568421260751,6.721993554272,-0.939993286133
2022-09-01,135.16,-0.939993286133,0.001338633547,0.002091354724,0.000536592897,0.003862150921,-0.380007401006,0.072135443965,615457500.0,136.280004882812,-0.321922999157,2.242857796805,2.956255015968,7.276164981427,3.289996948242
2022-09-02,138.59,3.289996948242,0.001516841593,0.002226669551,2.207956e-06,-0.000504831963,-0.123179510651,0.072391239689,619978500.0,136.10400390625,0.440492025338,2.362143380301,44.028293650321,18.517656642347,-2.310001220703
2022-09-06,137.31,-2.310001220703,0.007484621967,0.002458703569,-0.000247786522,7.2833212e-05,-0.073295758902,0.074853865506,616376900.0,136.090002441406,-0.318305942739,2.414285932268,22.06472636631,23.016425010867,0.279996337891
2022-09-07,136.3317,0.279996337891,-0.000290670014,0.002881933842,-0.000961360264,-0.008857142857,0.066516680535,0.075590073157,621187500.0,136.466000366211,0.057924401603,2.500714983259,37.68890177442,34.59397393035,2.378306713867
2022-09-08,138.86,2.378306713867,0.006704582444,0.001952019479,0.000142646011,-0.005585792037,0.243089336982,0.075450787943,625329200.0000001,137.098001098633,0.170094547527,2.607143947056,49.784053397122,36.512560512617,1.660004272461
2022-09-09,140.8345,1.660004272461,-0.000854044779,0.001698076923,-0.000413172539,0.003094729345,0.476925675151,0.075097700664,629317500.0,138.310000610352,0.235998150704,2.618573869978,69.330474910246,52.267810027262,0.585498168945
2022-09-12,141.05,0.585498168945,-0.002899191539,0.002783490533,0.000665085788,0.000283667825,0.675234374533,0.074134933732,633744500.0,138.904000854492,0.253697385284,2.618572780064,85.513950377541,68.209492894969,1.190005493164
2022-09-13,141.07,1.190005493164,-0.011881344039,0.002486659552,0.001558574805,0.003699750978,0.834235816591,0.073456027806,638682900.0,140.096002197266,0.250143459249,2.607857840402,92.816528915036,82.553651400941,-2.540001220703
2022-09-14,139.13,-2.540001220703,0.004619933554,0.001739527197,0.000606073996,-0.000287418265,0.669268807791,0.070508042585,632487000.0,140.284002685547,-0.211453251706,2.775714329311,50.513092643218,76.281190645265,0.420003051758
2022-09-15,139.8625,0.420003051758,0.003153009185,0.002119437103,0.001014165393,-0.000910779341,0.610225345488,0.066475623988,637160600.0,140.452001953125,0.095333786913,2.804999215262,62.143714651461,68.491112069905,2.647494506836
2022-09-16,143.6,2.647494506836,0.006245171735,0.003207810321,-0.000394809245,0.001394700139,0.74308248874,0.068609242314,643577500.0,140.85,0.295201711974,2.992141723633,85.816315082516,66.157707459065,0.459997558594
2022-09-19,142.11,0.459997558594,-0.002915439234,0.003007518797,0.001495943603,-0.010651629073,0.897578821626,0.074813829877,657465000.0,141.37799987793,0.106669277466,2.984284537179,92.651083294434,80.203704342804,0.550003662109
2022-09-20,141.72,0.550003662109,-0.005888099792,0.002597094909,-0.000245303909,-0.000705119165,0.867231549087,0.076293585836,652422500.0,141.461999511719,-0.193127772214,3.032141549247,79.627884258581,86.03176087851,0.050004272461
2022-09-21,142.8878,0.050004272461,0.002680324558,0.001732958143,0.000715274864,0.005190291945,0.753188801719,0.077836754017,647889600.0,142.110000610352,-0.004316179287,3.081427437919,71.348820169598,81.209262574204,-2.577802441406
2022-09-22,140.45,-2.577802441406,-0.000712642338,0.001732758006,0.000219706502,0.001711718137,0.55457245602,0.07816143188,642813500.0,142.261999511719,-0.263545339071,3.186428615025,57.767362367446,69.581355598542,2.559994506836
2022-09-23,142.19,2.559994506836,-0.006572877552,0.0024751179,0.000694116741,0.000844654044,0.577576546772,0.08117325303,648974500.0,142.361999511719,0.329492843416,3.184286934989,80.651843238509,69.922675258518,0.869997558594
2022-09-26,140.82,0.869997558594,-0.006850242865,0.003433206644,-0.000849299381,-0.008868243243,0.567849287753,0.084282343489,654726100.0,142.161999511719,0.209035528251,3.104287283761,81.17763714393,73.198947583295,0.390006713867
2022-09-27,143.09,0.390006713867,0.009772605045,0.00203064731,0.000216519021,0.003506557262,0.415569156669,0.081667119475,649028300.0,141.87200012207,-0.152184153384,3.092858450753,61.724546241552,74.518008874664,-1.369998779297
2022-09-28,142.84,-1.369998779297,0.017640417573,0.002766212195,-0.000114667612,-0.011419475396,0.331584008797,0.077223475642,654626300.0,141.861999511719,-0.087358011767,3.137857709612,52.546610452109,65.149597945864,1.760006103516
2022-09-29,143.78,1.760006103516,0.001728907258,0.002098722817,-0.000909694723,-0.007386952019,0.445300251928,0.075295967364,659853000.0,142.720001220703,0.079707097814,3.257857186454,88.323122870802,67.531426521488,-1.059998779297
2022-09-30,138.81,-1.059998779297,-0.003643527663,0.003966244726,-0.002510531738,-0.023839662447,0.372183071115,0.063743930764,654343600.0000001,142.662002563477,-0.299422893542,3.354286193848,64.968989536326,68.612907619745,-4.599993286133
2022-10-03,137.37,-4.599993286133,0.012443171786,0.003387768619,0.000218647199,0.010965557845,-0.238163486267,0.075731747869,638984600.0,140.892004394531,-0.454757012764,3.788573128836,1.048125833645,51.446746080258,0.950007324219
2022-10-04,140.775,0.950007324219,0.006434350365,0.00426370232,0.001690631781,0.011242008476,-0.347318205402,0.071462453483,646422100.0,140.314004516602,0.36218569302,3.777144295829,36.943337234759,34.320150868243,1.215005493164
2022-10-05,141.82,1.215005493164,-0.003662259683,0.00255064678,-0.000280128811,0.002474022761,-0.163901838716,0.067998839411,653034400.0,140.368005371094,0.297707474737,3.976430620466,68.995731529835,35.662398199413,1.510001831055
2022-10-06,142.305,1.510001831055,-0.003767589046,0.003178163737,-0.000709709931,-0.0033965964,0.044955719391,0.067162878538,657812300.0,140.114004516602,0.288506959549,3.894288199289,80.698759433081,62.212609399225,-2.015006713867
2022-10-07,138.91,-2.015006713867,-0.009123949252,0.002219336738,0.001315377069,-0.000719372707,-0.020813477222,0.067309047109,652687500.0,139.628002929688,-0.393516282315,3.890002659389,54.148459390223,67.947650117713,-0.150005493164
2022-10-10,139.23,-0.150005493164,0.001945836575,0.002306696396,0.000413415113,0.001438538445,-0.158852939616,0.069374300221,648038700.0,140.538000488281,-0.040991639866,3.897858755929,40.786021076227,58.544413299844,-0.920002441406
2022-10-11,139.7,-0.920002441406,-0.002096690704,0.003144966346,-0.000493492923,0.011073315481,-0.265668496017,0.07152218154,644207900.0,140.535998535156,-0.12252011766,3.928572518485,36.855915677623,43.930132048025,1.809994506836
2022-10-12,142.74,1.809994506836,0.000918697533,0.003404829144,0.00056230985,0.007766167749,-0.113774469415,0.069480770189,649883000.0,140.439996337891,0.328302202336,4.094285147531,64.803494724393,47.481810492748,-2.760004272461
2022-10-13,137.8123,-2.760004272461,-0.02343191084,0.002699341624,-0.00094910788,0.008136795903,-0.109286786259,0.069092594767,645355000.0,139.769995117188,-0.253995703713,3.999285016741,51.441056410397,51.033488937471,5.107698168945
2022-10-14,144.36,5.107698168945,-0.002238959345,0.002811921459,0.000264402115,0.012342215989,0.088088326652,0.069454440412,650421199.9999999,140.29599609375,0.474247525517,4.316426958357,77.117940469312,64.454163868034,-1.419997558594
2022-10-17,143.225,-1.419997558594,-0.002028883028,0.002286435331,0.000628189801,0.004030844725,0.209466581509,0.067903858819,655711700.0,141.131997680664,0.082829779631,4.26785496303,77.292650319015,68.617215732908,1.185003662109
2022-10-18,144.515,1.185003662109,0.005678222039,0.00311306204,-0.000204089398,-0.004923225229,0.368906630424,0.070330785733,659727900.0,142.351998901367,0.320755707963,4.160712105887,91.896680563036,82.102423783788,0.085006103516
2022-10-19,145.21,0.085006103516,0.001383104701,0.002713950276,0.00067721611,0.002831491713,0.461317619031,0.073324406829,663268300.0,142.970001220703,-0.126522104837,4.070711408343,89.219107417939,86.136146099997,-2.079995117188
2022-10-20,143.25,-2.079995117188,0.000209591129,0.001899133836,0.000189320303,0.000628667225,0.399882762668,0.073637856603,659935000.0,143.600003051758,-0.254954280305,4.050711495536,76.740318174244,85.952035385073,-0.320007324219
2022-10-21,143.45,-0.320007324219,0.002868562815,0.003176084833,0.000274721669,0.000767406167,0.325377146076,0.073575024122,656054900.0,143.602001953125,-0.065799826169,3.549282618931,72.159061346229,79.372828979471,3.609997558594
2022-10-24,149.45,3.609997558594,0.011219972682,0.00455665389,-0.002803972439,0.004976128034,0.522174712363,0.080885003607,661474300.0,144.426000976562,0.367089961181,3.602140154157,93.907767239984,80.935715586819,1.439999389648
2022-10-25,148.31,1.439999389648,-0.018954209172,0.003482402216,0.000587473234,0.001891508478,0.85836776835,0.09884689174,666614000.0000001,145.72200012207,0.394535165694,3.567139761789,95.806031317247,87.290953301153,1.510007324219
2022-10-26,151.4597,1.510007324219,0.007942778831,0.003026951857,0.000489769315,0.00297794848,0.949644864245,0.109327734327,661384600.0,146.766000366211,0.281439624365,3.5842830113,88.794285245646,92.836027934292,1.050294506836
2022-10-27,153.46,1.050294506836,0.008196184152,0.002560744017,-0.000421651927,-0.001951092612,1.120417143845,0.124948687694,666112500.0,148.641998291016,0.34964523681,3.558567592076,97.713568017859,94.104628193584,0.04
2022-10-28,145.7,0.04,-0.049316008627,0.009130816145,-0.000868873777,-0.001576098129,1.221020782166,0.14046711288,672962900.0,150.755999755859,-0.061069142111,3.500711713518,97.234732164894,94.580861809467,1.910000610352
2022-10-31,145.0,1.910000610352,-0.016530061861,0.004935523869,0.001423997299,-0.001171040849,0.830521474542,0.127666723865,662150700.0,150.866000366211,0.148998332132,4.103569030762,63.995460248624,86.314586810459,1.399993896484
2022-11-01,146.97,1.399993896484,0.001776023063,0.003414564298,-0.000141607488,0.002113732442,0.449452246433,0.121874299715,653545900.0,149.967999267578,0.236998545386,3.95142691476,57.166980392848,72.799057602122,-0.059996337891
2022-11-02,145.76,-0.059996337891,0.000816793371,0.002415289397,-0.000670810688,-0.008637692988,0.203012928964,0.121151275197,659897100.0,149.385998535156,0.050403445019,3.952854701451,60.045139142636,60.402526594702,-1.239995727539
2022-11-03,143.5,-1.239995727539,-0.003598147364,0.00250625,0.000238237928,-0.003472222222,-0.131658729359,0.120708932502,654552100.0,147.788000488281,-0.33615471276,3.716427394322,20.353223658267,45.855114397917,0.919998168945
2022-11-04,144.365,0.919998168945,0.006439606331,0.002125696594,-0.00098370909,-0.006776745786,-0.35764656968,0.116783849417,650701400.0,145.97200012207,0.096140223334,3.724999564035,19.51212938879,33.303497396565,0.914998779297
2022-11-07,145.2,0.914998779297,0.0,0.002278359031,5.4210928e-05,-0.000550660793,-0.441586307812,0.108929065546,655325100.0,145.505999755859,-0.005397389876,3.701429094587,25.428075366784,21.764476137947,2.900006103516
2022-11-08,148.31,2.900006103516,0.004929072907,0.001630316468,0.000376596495,-0.003493919237,-0.306003273579,0.09916817816,659629100.0,145.846002197266,0.357744838868,3.827144077846,49.571957286852,31.504054014142,0.219998779297
2022-11-09,149.355,0.219998779297,0.000403942362,0.002170603675,-0.000405044938,0.005148394912,-0.19176281318,0.095731802401,664266600.0,146.170001220703,-0.028517970302,3.86500113351,53.133026406876,42.711019686837,-1.735004882812
2022-11-10,148.67,-1.735004882812,0.020593474092,0.003687110049,0.000234803219,-0.013208549051,-0.18196650786,0.08656972412,659692900.0,146.789999389648,-0.125436971767,4.002144949777,45.321842313348,49.342275335692,1.050001220703
2022-11-11,147.7,1.050001220703,-0.001202297175,0.003714992644,-0.001869511245,-0.01230440016,-0.045640784247,0.084650654305,665300600.0,147.85,-0.151794090986,3.838574000767,63.347631609701,53.934166776642,2.460003662109
2022-11-14,152.5514,2.460003662109,0.005460788795,0.002864816532,-0.002002962653,0.01040800106,0.057011176705,0.082174494576,672087000.0,148.826000976562,0.080873619133,3.860002790179,67.124473631918,58.597982518322,-0.811394506836
2022-11-15,152.745,-0.811394506836,0.01087382257,0.002481256927,0.00057530214,-0.004204967729,0.20579804797,0.08362901489,679164100.0,149.554000854492,0.118473601116,3.915715898786,77.049274638198,69.173793293272,0.294993286133
2022-11-16,155.28,0.294993286133,0.002613755703,0.002499152763,0.000107791113,0.011991657977,0.357362836461,0.086576349363,685073600.0,150.455999755859,-0.039274834824,3.943572998047,87.704914950055,77.292887740057,-3.410004882813
2022-11-17,151.42,-3.410004882813,-0.005926081026,0.002649731735,-0.001020546379,0.002980724647,0.344280257046,0.082723029348,677714900.0,151.305999755859,-0.125797464549,4.195715767997,66.411113067736,77.05510088533,0.740003662109
2022-11-18,153.88,0.740003662109,0.009923728118,0.002651656146,-0.000395892077,0.001366564717,0.3210752409,0.076678572124,682784399.9999999,151.794000244141,0.202122165134,3.620001656669,66.837499520364,73.651175846052,1.099995727539
2022-11-21,154.53,1.099995727539,0.00271001536,0.002258116413,-2.5288948e-05,-0.005566459667,0.45346796516,0.082948994641,688475500.0,152.757998657227,0.338842146714,3.616430010114,87.481652589265,73.576755059122,2.580000610352
2022-11-22,158.11,2.580000610352,0.003691692628,0.002130636058,0.000206677328,0.002663453612,0.631379178025,0.094261842529,694967600.0000001,153.831997680664,0.216938106085,3.691431318011,90.256386675253,81.525179594961,1.679993286133
2022-11-23,160.53,1.679993286133,0.001001337185,0.001793372929,0.000920281759,0.003626133167,0.86215399316,0.111182482486,700318700.0,155.181997680664,0.459842356136,3.632145472935,99.465806735491,92.401282000003,-1.140000610352
2022-11-25,159.85,-1.140000610352,0.001254764722,0.001812997431,-0.000149323961,0.001754715799,0.915442521933,0.122894441041,697097600.0,156.685998535156,-0.125424860845,3.612859453474,91.32137178219,93.681188397645,-0.230004882812
2022-11-28,160.47,-0.230004882812,0.002380684716,0.00202625,-0.000307346152,0.0029375,0.892810599515,0.132851552058,698759500.0,158.177996826172,0.014663373407,3.542144775391,91.871878826069,94.21968578125,-2.040007324219
2022-11-29,159.21,-2.040007324219,-0.00075740152,0.001559535089,0.000163332998,0.005685048323,0.731123750164,0.137672859533,694856700.0,158.86799621582,-0.261539199416,3.456429617746,83.475909394078,88.889720000779,-1.010003051758
2022-11-30,158.215,-1.010003051758,0.003729433308,0.002764657724,0.000620945964,-0.003621134832,0.550354865181,0.138744352016,691167700.0,159.085995483398,-0.017758678235,3.352857317243,81.961783715619,85.769857311922,2.964992675781
2022-12-01,161.91,2.964992675781,-0.001116718476,0.00192621118,-0.000397365353,0.005652173913,0.570701719077,0.143968010601,703510200.0,159.363995361328,0.267820626645,3.437855311802,99.999999993519,88.479231034405,-0.279995117187
2022-12-02,160.87,-0.279995117187,-0.005630165406,0.002557242409,-0.000219744081,0.000933300149,0.553279023704,0.142543745393,709337999.9999999,159.811996459961,0.107787833603,3.450711931501,91.002909221151,90.988230976763,2.790003662109
2022-12-05,164.5221,2.790003662109,-0.004704901963,0.003541408312,0.000113456597,0.010019645159,0.612666450142,0.141227955031,713642900.0,160.619998168945,0.462237188896,3.342140197754,99.275428013275,96.759445742648,-0.582097558594
2022-12-06,163.86,-0.582097558594,0.000548958988,0.002690361519,-0.000722351016,-0.001036395781,0.604006483395,0.138203298335,718502300.0,161.72200012207,0.235276000724,3.193569728306,91.792512465006,94.023616566477,-0.139998779297
2022-12-07,163.5,-0.139998779297,-0.00018323222,0.002444498748,-0.00042892298,-0.001160730649,0.5198642138,0.137418876747,713021900.0,162.826000976562,-0.045903771834,3.149284362793,90.341648464476,93.803196314252,1.899993896484
2022-12-08,164.96,1.899993896484,0.0,0.002254836759,0.000724833927,-0.002660217654,0.512890271967,0.137598712144,717659700.0,163.670001220703,0.383511556691,2.92142704555,99.164492903584,93.766217944355,1.030005493164
2022-12-09,167.21,1.030005493164,0.004638767324,0.001901655073,-0.00038958562,0.002698488846,0.483920501781,0.133026692965,721934100.0,164.542001342773,0.157159099909,2.839283534459,98.089249347093,95.865130238385,-4.150002441406
2022-12-12,164.015,-4.150002441406,0.000919962943,0.001726548618,-0.000410044275,0.004932295815,0.216940439948,0.125451326409,717289300.0,164.42200012207,-0.359345627019,2.943569728306,64.789790816956,87.347844355878,1.305007324219
2022-12-13,166.725,1.305007324219,0.009859602902,0.002491943696,4.3402693e-05,-0.001347708895,0.145496027995,0.119127944771,721398700.0,164.698001098633,0.393322810539,2.839283534459,78.476579967938,80.451873377329,-1.935006713867
2022-12-14,164.28,-1.935006713867,-0.001152904851,0.002805710814,0.001517724882,-0.001944106926,0.021970391336,0.112820872337,716348300.0,164.911999511719,-0.373039149668,2.843569074358,73.782032995177,72.34946792669,0.580000610352
2022-12-15,164.42,0.580000610352,-0.00588378756,0.002041186161,0.000543300732,0.00323387638,-0.08948144338,0.107108794954,720833700.0,164.804000854492,0.05082259134,2.917140415737,74.402115952167,75.553576305094,-1.319993896484
2022-12-16,162.76,-1.319993896484,-0.00643778671,0.002688799753,0.000419062244,0.004381363777,-0.304105658937,0.09387151183,715565400.0,164.226000976562,-0.140340256744,3.017141069685,58.813138509268,68.99909581887,-2.280004272461
2022-12-19,161.95,-2.280004272461,0.001869410891,0.002982149521,0.000600007833,0.007277024506,-0.626336453298,0.077320878962,696659900.0,163.710000610352,-0.267560120409,3.012856619699,35.606655481837,56.27396998109,-0.459994506836
2022-12-20,161.185,-0.459994506836,0.000743049806,0.001882433018,5.1911991e-05,-0.002629787761,-0.766034143346,0.066531501823,700693300.0,162.944000244141,0.170314831361,3.009286063058,44.552717183894,46.324170391666,-0.604998168945
2022-12-21,160.63,-0.604998168945,0.005417829787,0.00231173738,-0.000678347973,-0.005078971818,-0.904785260803,0.06069811116,696472300.0,162.102001953125,-0.283783293152,2.799286978585,7.722082027226,29.293818230986,1.580006713867
2022-12-22,162.055,1.580006713867,-0.002096119737,0.001717612899,0.000511841249,0.001142892445,-0.871509922004,0.058982946377,700179500.0,161.572003173828,0.167645272845,2.738572256906,27.958497690681,26.7444323006,1.215004272461
2022-12-23,162.87,1.215004272461,0.000734948944,0.001829977355,-0.000887748073,-0.003182569313,-0.766546269765,0.056513760684,703785500.0,161.606002807617,0.382042511375,2.639286586217,41.742596805506,25.807725507804,0.230006103516
2022-12-27,162.79,0.230006103516,0.002391167229,0.001931371949,-0.000417369805,-0.004281607438,-0.698900479421,0.053898801133,701100400.0000001,162.130004882812,-0.092745057923,2.581429617746,39.531958119517,36.411017538568,0.200005493164
2022-12-28,164.105,0.200005493164,0.004356042893,0.001612095296,-0.000105238611,0.002474037874,-0.652769066466,0.047775108771,698431200.0,162.430004882812,-0.116925411397,2.523572649275,38.101521508145,39.792025477723,-1.875004272461
2022-12-29,163.47,-1.875004272461,0.004499852096,0.001665132548,0.00041766994,0.003129602356,-0.662535006356,0.039422242337,695486700.0,162.760003662109,-0.276932075802,2.545715332031,28.218432766405,35.283970798022,-0.910002441406
2022-12-30,162.25,-0.910002441406,-0.002030030979,0.001325217284,-0.000423580134,0.00012328176,-0.635752332461,0.037922508755,698599200.0,162.830001831055,-0.113147644597,2.527144295829,32.50974260052,32.94323229169,-0.639999389648
2023-01-03,161.32,-0.639999389648,0.00266068111,0.002619538386,-2.0077703e-05,-0.004443347322,-0.66770321115,0.037949385987,694918799.9999999,162.498001098633,-0.092935050375,2.390715462821,23.307226470989,28.011800612638,1.060004882813
2023-01-04,161.84,1.060004882813,0.000123100216,0.001863362069,0.000409132966,-0.003448275862,-0.623503934535,0.038140915623,699856300.0,162.354000854492,0.083730512594,2.352858407157,33.333333328993,29.716767466834,1.850002441406
2023-01-05,162.92,1.850002441406,-0.003665502441,0.002127659574,0.000439936892,-0.001042369244,-0.498010013377,0.038005216028,704296700.0,162.494000244141,0.241314297174,2.348572867257,62.824714320457,39.821758040146,0.570005493164
2023-01-06,164.77,0.570005493164,0.008257329496,0.002084748847,-7.8994791e-05,-0.00042465421,-0.423370038922,0.037917932026,700780700.0,162.746002197266,0.099600342265,2.277145385742,75.359380859322,57.172476169591,1.780003051758
2023-01-09,165.14,1.780003051758,-0.003902786811,0.002386109437,-0.00029604894,-0.004581072936,-0.17550690441,0.040516502637,705879800.0,163.544003295898,0.226264661695,2.399287632533,81.182161365377,73.122085515052,-3.479996337891
2023-01-10,160.1899,-3.479996337891,0.003525869433,0.005315231462,0.0020622578,-0.012575355976,-0.339014461008,0.037962944789,698046799.9999999,163.55400390625,-0.375890431632,2.601429530552,22.195389961854,59.578977395518,-0.549900610352
2023-01-11,156.21,-0.549900610352,-0.002630908109,0.003488443663,0.000410981204,-0.018904660219,-0.56786079484,0.04216539522,692110600.0,163.006002807617,-0.301416297526,2.740715026855,13.659497158388,39.012349495206,0.959998168945
2023-01-12,153.675,0.959998168945,-0.013806694625,0.003163032258,0.00135539896,-0.008548387097,-0.853087189794,0.04990173135,684618600.0,161.702001953125,-0.225870579802,2.940715244838,16.168583270221,17.341156796821,-1.454998779297
2023-01-13,152.03,-1.454998779297,-0.000854059137,0.002847918995,-0.000218856255,-0.000394503255,-1.315022651199,0.073487827117,676953500.0,159.448001098633,-0.381028054575,3.160715375628,3.050640747951,10.95957372552,1.570006103516
2023-01-17,153.78,1.570006103516,0.001302063413,0.002555916775,-0.000266225113,-0.000130039012,-1.456537380391,0.084155242621,682972800.0,156.858001708984,0.31371021009,3.204286847796,13.476500833107,10.898574950426,-0.949998168945
2023-01-18,152.026,-0.949998168945,-0.004645728622,0.001487378385,-0.000145690689,-0.000617933211,-1.523688984425,0.095515477871,674465800.0,155.092001342773,-0.184215764784,3.277858189174,8.884944027844,8.470695202967,-2.826003051758
2023-01-19,147.9438,-2.826003051758,-0.001675603251,0.003350117489,-0.000598193562,-0.006755287009,-1.719756786281,0.115375087412,668275000.0,153.004000854492,-0.424595302062,3.40142931257,0.682718854272,7.681387905074,0.766206713867
2023-01-20,148.65,0.766206713867,0.00484154347,0.002197617614,-0.000735523189,-0.005219835374,-1.782040492446,0.13190516396,661105100.0,151.312002563477,-0.026588966923,3.446428571429,6.64102484992,5.402895910679,0.939996337891
2023-01-23,149.0,0.939996337891,0.00180496209,0.002062057921,8.5060926e-05,-0.005738689443,-1.665715359673,0.14332445268,668164100.0,150.786001586914,0.039807323536,3.508572169713,11.641229292525,6.321657665572,-0.449996948242
2023-01-24,147.42,-0.449996948242,-0.003163926025,0.002579686656,-0.000799191199,-0.004457050243,-1.562271944211,0.153855988765,660547700.0,149.776000976562,-0.267200035146,3.462142944336,6.679430852856,8.3205616651,0.270002441406
2023-01-25,147.335,0.270002441406,-0.002098974565,0.001781110056,0.000320535737,-0.000305333152,-1.457277768521,0.16256541122,655376300.0,148.748001098633,-0.072020363721,3.47785622733,5.768343818938,8.029667988106,0.454993286133
2023-01-26,147.64,0.454993286133,0.000879659576,0.001844510546,-0.000251629974,-0.001892915089,-1.292229731789,0.168564117574,661120600.0,148.466000366211,0.143517085922,3.385712759835,6.229769075841,6.225847915878,-0.240006103516
2023-01-27,146.945,-0.240006103516,-0.000610558627,0.002243567986,2.326775e-05,-0.002477767972,-1.126517968308,0.172948401412,656542799.9999999,148.203997802734,-0.158130257736,3.345711844308,4.430048620906,5.476053838562,-0.665001220703
2023-01-30,146.6299,-0.665001220703,-0.002802868919,0.002188592582,-0.00035762992,0.005209433057,-1.013096137834,0.177881605397,651951300.0,147.541998291016,-0.302674981413,3.134997776576,1.332038557162,3.99728541797,-0.979906103516
2023-01-31,145.16,-0.979906103516,-0.000137240058,0.002110210808,-0.000414467165,-0.003227357001,-0.904815301041,0.180861220931,647377900.0,146.961996459961,-0.052754921363,2.86285509382,2.272723230747,2.678270136272,2.59
2023-02-01,146.5,2.59,-0.007580339203,0.002040851122,-3.5807591e-05,-0.000886585283,-0.629147819439,0.179646600467,653006600.0,146.97399597168,0.319779900612,2.814284188407,22.371051414412,8.658604400773,0.100006103516
2023-02-02,144.845,0.100006103516,-0.004570350613,0.003615843212,0.000984737611,-0.00743507161,-0.468990028858,0.176453518745,647566700.0,146.735998535156,0.000620283514,2.665712629046,20.184371328468,14.942715324542,-0.005003662109
2023-02-03,146.12,-0.005003662109,0.007456516559,0.003252400549,-0.00061629118,0.00219478738,-0.427488075361,0.169888638086,641405900.0,146.223999023438,-0.21027996667,2.502141680036,12.006804945643,18.187409229508,-0.920003051758
2023-02-06,145.58,-0.920003051758,0.003719067192,0.002446274187,-0.000308086123,-0.001097845478,-0.326264461525,0.158857702926,647958900.0,146.007998657227,-0.164196937617,2.47571345738,15.094287769431,15.761821347847,-0.559995727539
2023-02-07,144.39,-0.559995727539,-0.003034081013,0.002735578918,-0.000315227147,-0.001314151335,-0.226632264384,0.130071180042,643661900.0,145.882000732422,-0.231601169895,2.404284885951,17.594683547937,14.89859208767,0.749999389648
2023-02-08,144.94,0.749999389648,0.001860302285,0.002065332508,0.000470353597,-0.003232239873,-0.113559359911,0.11030543869,649063800.0,145.360000610352,0.161755533576,2.264285496303,23.943649860695,18.877540392688,-0.329999389648
2023-02-09,148.77,-0.329999389648,0.026899933429,0.00635016835,-0.001242575883,0.001818181818,-0.039211816186,0.091165889799,643310000.0000001,144.961999511719,-0.206265957481,2.169286455427,16.738194611835,19.425509340156,-0.070003051758
2023-02-10,150.98,-0.070003051758,0.006657737145,0.004349455541,0.000726298752,0.008617810141,0.301892667451,0.072052419544,655526900.0,145.733999633789,0.036743471547,2.635713849749,51.267030433775,30.649624968769,1.070003051758
2023-02-13,152.07,1.070003051758,-0.000197295486,0.0020819629,-0.000336140013,0.000328904092,0.744401449941,0.071667413939,664483599.9999999,147.104000854492,0.282076239098,2.785714285714,83.918179525104,50.641134856905,1.659995727539
2023-02-14,153.61,1.659995727539,0.001235949045,0.001549831081,0.000106931556,-0.002014033264,1.118998443852,0.072068438379,670086200.0,148.845999145508,0.347479645748,2.792143685477,99.516411310807,78.233873756562,-1.020003662109
2023-02-15,152.635,-1.020003662109,0.000196597287,0.002537151094,0.000165657864,9.8283318e-05,1.248876921535,0.071449515748,665423400.0,150.335998535156,-0.289534731849,2.846430097307,86.647689498485,90.027426778132,-1.575002441406
2023-02-16,149.9,-1.575002441406,-0.012908757975,0.003555630072,-0.000348237594,0.005298102072,1.190826836754,0.073604530965,659775300.0,151.625997924805,-0.284427759156,2.922859191895,72.159061346229,86.107720718507,-0.370001220703
2023-02-17,149.68,-0.370001220703,-0.002541328736,0.002318538384,0.000385410376,0.003553469661,1.015315715929,0.074076111186,656017800.0,151.791998291016,0.124561823207,2.970002310617,57.670433193972,72.159061346229,1.629997558594
2023-02-21,151.14,1.629997558594,-0.009847268908,0.002706581231,-7.6439836e-05,0.008810572687,0.984305077819,0.076160536153,660580200.0,151.643997192383,0.397676472285,3.035716465541,74.526486135763,68.118660225321,0.86
2023-02-22,151.28,0.86,-0.006578947368,0.003323642384,0.000764028561,0.001854304636,0.973685721498,0.079661292024,669046300.0,151.297998046875,0.35115048608,3.01857321603,81.060601674259,71.085840334665,-0.610001831055
2023-02-23,150.385,-0.610001831055,0.001526486562,0.002969516236,0.000383463143,-0.003412856196,0.845272729477,0.080801283583,663004600.0,150.913998413086,-0.080050121417,2.976429530552,68.465884454401,74.684324088141,1.685007324219
2023-02-24,151.96,1.685007324219,-0.00506348547,0.001214474554,0.000149206255,0.004362194316,0.822056965687,0.08352141054,668997900.0,151.116000366211,0.147422845828,3.065001351493,81.334687039277,76.953724389312,0.750006713867
2023-02-27,153.875,0.750006713867,0.003601517705,0.001506590108,0.000545675341,0.004012788725,0.815618113415,0.086489668768,674619000.0,151.752001953125,0.347359425987,3.062857491629,87.524238453732,79.10826998247,0.404998779297
2023-02-28,153.35,0.404998779297,-0.002074099481,0.002252792933,0.001247913351,-0.00396206807,0.877523240806,0.09038106119,681447800.0,152.346002197266,0.314440747493,3.099999564035,95.761935285272,88.20695359276,0.549993896484
2023-03-01,153.42,0.549993896484,-0.007407403735,0.002032818364,0.000361615531,0.004320502749,0.852575578878,0.091135192956,673886100.0,152.726000976562,-0.011461008945,3.09642791748,91.731457146232,91.672543628412,1.850004272461
2023-03-02,155.4,1.850004272461,-0.000257670792,0.001649165754,-0.000617662016,0.001095149134,0.884236762144,0.095828239115,679371900.0,153.646002197266,0.401303289316,3.19142804827,95.963577613534,94.485656681679,-1.019995117188
2023-03-03,154.68,-1.019995117188,-0.000323895907,0.001551221409,0.000197931592,0.002267867557,0.803475643446,0.096278950534,674804100.0,154.108001708984,-0.267380929369,2.653570992606,80.586610621302,89.427215127023,1.379997558594
2023-03-06,156.2308,1.379997558594,-0.00173013121,0.001523011747,-6.642935e-05,0.002829449901,0.81866364128,0.094688843055,679655300.0,154.77799987793,0.407381721898,2.487857273647,98.54496498862,91.698384407819,-0.950801220703
2023-03-07,153.76,-0.950801220703,0.001867649068,0.001775985087,-0.00032317856,-0.011634633927,0.734337698859,0.090264703786,675603400.0,154.97799987793,-0.126627717095,2.445000784738,84.968063465689,88.033213025204,-0.830007324219
2023-03-08,152.85,-0.830007324219,-0.000915447567,0.002050985012,-0.000206153109,0.000392695857,0.49019094807,0.080766281958,670996500.0,154.783999633789,-0.352807934101,2.543571472168,55.031703261284,79.514910571864,-3.249993896484
2023-03-09,150.4885,-3.249993896484,0.003141719262,0.001775104951,7.300094e-05,0.002788698607,0.095012878519,0.070663720726,665136399.9999999,153.65,-0.289349097449,2.725000653948,13.383977526313,51.127914751095,-3.138493896484
2023-03-10,148.89,-3.138493896484,0.003325349264,0.002276109307,-0.000676169526,0.007102272727,-0.305407141833,0.061200283355,659786200.0,152.244000244141,-0.298637632461,2.868571690151,7.886742440393,25.434141075997,0.820006713867
2023-03-13,150.825,0.820006713867,-0.004742546804,0.002991006711,-0.001698459573,0.012248322148,-0.393226482461,0.059297363983,666611700.0,150.974002075195,0.305541616794,2.90499986921,31.749237443002,17.67331913657,1.124996948242
2023-03-14,152.59,1.124996948242,0.0,0.00220467259,-0.000109090922,0.004211911813,-0.287272677303,0.059318986938,674265500.0,150.308001708984,0.355649479774,2.985000610352,54.398280642065,31.344753508487,1.260006103516
2023-03-15,152.19,1.260006103516,-0.010854815479,0.001915494809,0.000849666718,6.5711657e-05,-0.086461937592,0.059424345873,680909600.0,150.492004394531,0.383718351663,3.029287065778,73.609698967025,53.252405684031,1.869997558594
2023-03-16,153.24,1.869997558594,-0.005582244736,0.002251958225,-0.001035568355,0.000261096606,0.055620543021,0.060253867169,687214200.0,151.384002685547,0.363317251893,2.904287065778,75.732969624419,67.913649744503,2.060003051758
2023-03-17,155.66,2.060003051758,0.003090764444,0.002310951342,-0.000196704201,-0.000770317114,0.219051409315,0.061867335895,693545400.0,152.974002075195,0.318897215112,3.000002179827,88.270943027497,79.204537206313,-1.439998779297
2023-03-20,154.71,-1.439998779297,0.00194529276,0.002030287341,-0.000196923272,0.001229614289,0.238739004156,0.059392776071,650789000.0,153.876000976562,-0.172572620551,3.153574262347,77.350802505791,80.451571719236,1.409995117187
2023-03-21,156.82,1.409995117187,0.003330798672,0.001714568437,0.000232990122,0.001149131767,0.356931276002,0.061445897013,655197199.9999999,154.710000610352,0.43155280476,3.180002485003,96.562066545715,87.394604026334,-0.049995727539
2023-03-22,156.52,-0.049995727539,-0.006952934662,0.002013296506,-0.000521118532,0.005395683453,0.450083912279,0.064553848367,659872900.0,155.294000244141,0.039553929748,3.090001787458,97.328254824242,90.413707958583,-2.850001831055
2023-03-23,154.69,-2.850001831055,0.002798255611,0.001795976639,-0.000441385027,0.003828682674,0.282315929583,0.062413330585,655496000.0,155.216000366211,-0.296698511493,3.212145124163,67.748031856463,87.212784408807,0.610003051758
2023-03-24,155.42,0.610003051758,-0.000128810509,0.002756697579,0.000229894559,0.000901597115,0.261017428533,0.062588003498,660080000.0,155.216000366211,0.249919817425,3.26000213623,83.301519902013,82.792602194239,2.600004272461
2023-03-27,158.98,2.600004272461,0.005125917838,0.001706226783,0.000763886638,0.000944405969,0.401605771949,0.06713162569,664758700.0,155.976000976562,0.364494417476,3.400715419224,96.137767389335,82.39577304927,-1.440006713867
2023-03-28,158.17,-1.440006713867,0.001650436567,0.001311787072,-0.000353488203,0.002344740177,0.431159135901,0.070306400676,660870900.0,156.260000610352,-0.360894978129,3.267858232771,87.271224229419,88.903503840256,0.08
2023-03-29,158.585,0.08,0.004612927188,0.001254874827,-0.000170365396,-0.002484589257,0.464530140301,0.074260087991,664403400.0,156.555999755859,0.199282809545,2.978572300502,92.919650339117,92.10954731929,-0.585
2023-03-30,158.09,-0.585,6.3256372e-05,0.001489968989,0.000442285479,0.00050629707,0.436220460697,0.07710686321,660443500.0,157.42200012207,-0.136136499383,2.907143729074,86.09977479162,88.763549786719,-0.170001831055
2023-03-31,158.0,-0.170001831055,0.003229448536,0.001486524017,0.000327835289,-0.002714132424,0.380589214824,0.079635772544,656807700.0,157.945999145508,-0.037024428951,2.751429966518,83.364492637328,87.461305922688,1.369995117188
2023-04-03,158.405,1.369995117188,-0.007027641033,0.001772638231,-1.4115517e-05,0.000979462875,0.407523130288,0.083876347102,661765000.0,158.215997314453,0.261206602697,2.574287414551,95.995118651501,88.486462026816,2.014998168945
2023-04-04,161.23,2.014998168945,0.000561004481,0.001475671298,-2.7444511e-05,0.004485701825,0.458339865308,0.08988113621,666154400.0,158.791998291016,0.413202303891,2.585002354213,99.427883051204,92.929164780011,-1.450001220703
2023-04-05,160.305,-1.450001220703,0.001376900879,0.002266625,0.000439018641,0.00190625,0.412565334796,0.092738768533,661929999.9999999,159.097998046875,-0.159023893318,2.55285862514,80.203058258798,91.875353320501,0.495003051758
2023-04-06,161.39,0.495003051758,0.0,0.001856281095,0.000420729637,0.003669154229,0.413646082654,0.090539575554,667673000.0,159.657998657227,0.158647461913,2.499287196568,90.558441207235,90.063127505746,0.160003051758
2023-04-10,161.17,0.160003051758,0.000990428097,0.001719064993,-5.4014579e-05,-0.003339311112,0.425864331684,0.079650368666,673171300.0,160.383999633789,0.243711588063,2.312144688198,92.540801235526,87.767433567187,0.109998779297
2023-04-11,161.559,0.109998779297,0.001302124972,0.001254566846,-0.000195500244,0.000427271038,0.378357929168,0.071934831642,669861800.0,160.766000366211,-0.110483597052,2.292858668736,89.393898965037,90.831047135933,-0.178995117187
2023-04-12,162.145,-0.178995117187,0.004585389838,0.00153787318,-0.000254133802,0.00015420676,0.31865847977,0.06816117908,672737600.0,160.958001708984,-0.034948534255,2.253572736468,86.52570120682,89.486800469128,0.215000610352
2023-04-13,161.1356,0.215000610352,-0.008376451129,0.001861801242,-0.000513830803,0.000842236025,0.309878803448,0.068867060145,676742600.0,161.474002075195,0.069621171818,2.170000348772,88.160717444751,88.02677253887,1.554402441406
2023-04-14,162.74,1.554402441406,-0.000307351718,0.001576672405,0.000406383589,0.000614854894,0.291287531105,0.068905538782,680611100.0,161.852001953125,0.372901164567,2.132857186454,91.113685699868,88.600034783813,-1.150003662109
2023-04-17,161.46,-1.150003662109,0.00204221696,0.00153236166,0.000239633776,-0.002840909091,0.175597456846,0.068004051236,677137999.9999999,161.860000610352,-0.247217905903,2.002857753209,73.455046537594,84.243149894071,-0.280007324219
2023-04-18,160.69,-0.280007324219,-0.001116718476,0.001340062112,-0.000422765994,-0.001925465839,0.048746521239,0.063176705172,672783900.0,161.839999389648,-0.233902680706,1.98785836356,67.696564188891,77.421765475451,-1.100003662109
2023-04-19,159.21,-1.100003662109,-0.005764760888,0.001500913846,-0.000304668157,0.003403289847,-0.153865569456,0.060442488118,667787700.0,161.481997680664,-0.241166237255,2.107142857143,45.365139637361,62.172250121282,2.000006713867
2023-04-20,161.1693,2.000006713867,-0.000186179746,0.001174835588,-0.00013647759,-6.6385408e-05,-0.188136203754,0.059144789735,672614600.0,161.251998901367,0.443989746693,2.077142987932,62.541420316611,58.534374714288,0.570705493164
2023-04-21,162.685,0.570705493164,0.005255291306,0.001119503044,-0.000354117418,0.000584291777,-0.184230344388,0.048681718758,676422700.0,161.061999511719,0.238977771249,2.082857404436,69.739300259611,59.215286737861,-0.274996337891
2023-04-24,162.72,-0.274996337891,0.000985183539,0.00114061635,0.000517222888,0.000922679461,-0.147246617793,0.041762525029,681234800.0000001,161.226000976562,-0.073318077997,2.054999215262,81.195226588036,71.158649054753,1.360001831055
2023-04-25,165.2,1.360001831055,0.004449023156,0.001993507676,0.000210570965,0.002366361264,-0.02731580426,0.044191047618,685963700.0,161.806002807617,0.378106055771,2.008569989886,95.294135733422,82.076220860356,-0.300006103516
2023-04-26,162.52,-0.300006103516,-0.01346271257,0.002790078682,0.000200089252,-0.00098352594,0.084134519478,0.046098989371,691469900.0,162.868002319336,0.031499785027,2.002855573382,83.311884813751,86.600415711736,-0.719996948242
2023-04-27,149.19,-0.719996948242,-0.04901117296,0.00921199714,-0.00542876963,-0.030415285631,-0.065928884747,0.043242787212,686277900.0,162.986001586914,-0.150889696307,2.127140590123,43.517359575237,74.04112670747,-0.320004882812
2023-04-28,148.36,-0.320004882812,-0.006045502291,0.002871865919,0.000774655977,0.002635669392,-0.999215916374,0.079794445997,669214900.0,160.411999511719,-0.350042302609,3.060711451939,8.981050724602,45.270098371197,2.759995117187
2023-05-01,152.04,2.759995117187,-0.001852824169,0.002071731636,2.3244423e-05,0.007955449483,-1.403457837402,0.095340141513,676338700.0,158.153997802734,0.411802787074,3.210711887905,20.798281781718,24.432230693852,1.670006713867
2023-05-02,154.68,1.670006713867,-0.001040944995,0.002583653533,0.000131980178,0.007359166395,-1.430015992861,0.102501972234,681939700.0,156.079998779297,0.381549688987,3.388569423131,34.401288661085,21.393540389135,-3.060004882813
2023-05-03,150.01,-3.060004882813,-0.003627409383,0.002462434633,-0.000348088911,-0.007016614814,-1.513865909721,0.113232616251,676804100.0,153.423999023438,-0.240021047944,3.511427743094,23.424333127744,26.207967856849,-0.76
2023-05-04,148.7211,-0.76,-0.001675041876,0.001849865772,0.00035503866,-0.001871812081,-1.643647129058,0.127830108595,669988800.0,150.913998413086,-0.287135806752,3.572856358119,10.976875392614,22.934165727148,-1.361099389648
2023-05-05,147.74,-1.361099389648,0.008007550698,0.002350679952,0.000401413268,-0.005385754679,-1.761035442722,0.144053983008,664294500.0,150.611999511719,-0.300442995194,3.632141113281,5.088135882206,13.163114800855,0.289998779297
2023-05-08,147.86,0.289998779297,0.000810613512,0.001962605467,6.5742182e-05,-0.001957475532,-1.697115614261,0.154915238751,668742200.0,149.994000244141,-0.106271727817,3.681427001953,8.463443075808,8.176151450209,-0.410003051758
2023-05-09,146.47,-0.410003051758,-0.000271232872,0.00189607218,-0.000253189105,-0.006376772268,-1.598810147864,0.164722113893,665052700.0,148.741998291016,-0.234775583237,3.584284101214,5.541518146158,6.364365701391,0.360001831055
2023-05-10,146.06,0.360001831055,-0.002111268506,0.002072891073,-0.000748214233,-0.00313950314,-1.483014031118,0.173319941969,660851100.0,147.783999633789,-0.124962749438,3.532141549247,2.809823203027,5.604928141664,0.359998168945
2023-05-11,146.89,0.359998168945,0.005941777954,0.001831421006,-0.000557052172,-0.002715730871,-1.345544084321,0.179230997034,656723800.0,147.217999267578,-0.021074892022,3.577855791364,6.033273578526,4.79487164257,-0.300003662109
2023-05-12,146.87,-0.300003662109,0.001364328762,0.001620614483,-0.000253976468,0.000544996253,-1.161614673498,0.181882414148,661024200.0,147.063998413086,-0.13893998398,3.644284929548,6.840865712927,5.22798749816,0.279993896484
2023-05-15,147.25,0.279993896484,0.00353383822,0.001718358502,0.000427272467,-0.00284417959,-0.930670849588,0.182893114144,664550400.0,146.887997436523,0.122846124899,3.608570643834,9.501186270555,7.458441854003,-0.660003662109
2023-05-16,145.73,-0.660003662109,-0.004979846823,0.003351090086,-0.000344600896,-0.000891265597,-0.751720043987,0.183238556252,660158600.0,146.715997314453,-0.155616253242,3.688570295061,7.951421274407,8.097824419296,-2.440006713867
2023-05-17,142.31,-2.440006713867,-0.001884214016,0.001894769962,-3.2652999e-05,-0.004964340652,-0.787885779305,0.188925297164,655473200.0000001,146.007995605469,-0.333415747845,3.639285496303,0.508884776123,5.987164107028,1.040006103516
2023-05-18,142.48,1.040006103516,-0.005162228543,0.001250894047,-7.5850507e-05,-0.000911577028,-0.740762413141,0.189329217145,660955200.0,145.393997192383,0.065464204258,2.807856968471,19.517254005928,9.325853352152,0.960002441406
2023-05-19,144.715,0.960002441406,0.002928040726,0.001449325733,7.4876905e-05,0.005943278187,-0.640303510857,0.185353721434,665746400.0,144.763998413086,0.268166038305,2.638571602958,20.137918405131,13.388019062394,0.395000610352
2023-05-22,146.09,0.395000610352,0.002480880772,0.001841616828,-0.00071668088,0.004262047157,-0.409389742565,0.173893031725,671356300.0,144.355999755859,0.319391323638,2.529285975865,31.655147155683,23.770106522247,-1.190006103516
2023-05-23,144.39,-1.190006103516,-0.003105569132,0.003045967463,7.078103e-06,-0.00041536864,-0.227858710443,0.152205510765,667489000.0,144.017999267578,-0.089021531621,2.462142944336,39.854354100561,30.549139887125,-1.869995727539
2023-05-24,141.86,-1.869995727539,0.000491103447,0.001646188372,0.000373472293,-0.005119573603,-0.224759881078,0.119293942423,662367100.0,143.864001464844,-0.380409131126,2.418571472168,22.57336187356,31.360954376601,-0.710006103516
2023-05-25,139.63,-0.710006103516,-0.007934786862,0.002347174658,9.4601801e-05,-0.003781392694,-0.268694556003,0.087256687627,658223600.0000001,143.423999023438,-0.352915948158,2.354286193848,7.110491879834,23.179402617985,-1.010004882812
2023-05-26,138.92,-1.010004882812,0.00072144068,0.002075475779,0.000808456125,0.001441753172,-0.413221132679,0.099380000709,651237000.0,142.459997558594,-0.35640499188,2.400714329311,3.383464576774,11.022439443389,-1.360002441406
2023-05-30,135.495,-1.360002441406,-0.01504792165,0.003118311314,-9.4407854e-05,3.6903092e-05,-0.518466584354,0.107867146094,643646700.0,140.949996948242,-0.200914118226,2.492857796805,3.898236702526,4.797397719712,0.945002441406
2023-05-31,135.88,0.945002441406,0.001319207509,0.002469843361,-0.000595898741,-0.005416483677,-0.596221461197,0.108768274067,635975200.0,139.257998657227,0.304568590074,2.501428876604,8.717970501258,5.333223926853,2.080006713867
2023-06-01,133.08,2.080006713867,-0.019570977643,0.007120790467,0.0006038059,-0.015024794612,-0.482832236347,0.106985888049,648554300.0,138.345999145508,0.238548210089,2.580714634487,19.853537915256,10.823248373014,0.360002441406
2023-06-02,134.15,0.360002441406,0.002023413276,0.00268341934,-0.000787891596,0.003290703762,-0.639940404608,0.120445891395,636658700.0,136.804000854492,-0.203162169835,2.900714329311,13.146055856755,13.905854757756,2.719995117187
2023-06-05,137.95,2.719995117187,0.000949842094,0.002028175182,-0.000143234283,0.006934306569,-0.449546442454,0.123841482584,643319900.0,136.454000854492,0.46800584786,3.043571472168,32.415690844614,21.805094872208,-1.089999389648
2023-06-06,135.62,-1.089999389648,0.004457113895,0.002836691642,-0.0018228252,-0.013457481632,-0.269832981579,0.124182906253,639043700.0,136.314001464844,-0.027273421202,2.956429617746,36.363610089315,27.308452263561,-0.190007324219
2023-06-07,135.38,-0.190007324219,-0.003913452027,0.002494514455,-0.000123127104,0.003558191253,-0.196241664172,0.126266755799,634683800.0,136.111999511719,-0.339774813528,2.899285452706,27.827681564101,32.202327499343,1.12
2023-06-08,137.07,1.12,0.003663003663,0.002207883212,-0.000275972552,0.000510948905,-0.033031021054,0.125350368035,639329000.0,135.819998168945,0.295971485556,2.884999956403,34.704336397244,32.96520935022,0.569999389648
2023-06-09,137.61,0.569999389648,-0.000581239693,0.001883469032,-0.000358333872,0.000363477755,0.182337522081,0.121996147667,644043200.0,136.659997558594,0.176177796949,2.90714263916,42.030811772849,34.854276578065,0.569992675781
2023-06-12,138.525,0.569992675781,0.010131779053,0.001973778478,-0.000537296431,-0.007558389454,0.38040107967,0.116242944714,648402700.0,136.921997070312,0.154553203141,2.889285496303,45.501206186889,40.745451452327,-0.795004272461
2023-06-13,138.18,-0.795004272461,-0.001597337018,0.001646498436,0.001097940292,0.004872372918,0.493189513631,0.107471061755,643514200.0,137.09599609375,-0.325127116218,2.88071332659,48.323535230709,45.285184396816,0.129997558594
2023-06-14,138.98,0.129997558594,0.003615067666,0.001572148981,-0.00013836767,0.001224695627,0.61122463324,0.097352724712,647743300.0,137.671997070312,0.31955192296,2.788570949009,60.895216930056,51.573319449218,-2.750004272461
2023-06-15,136.17,-2.750004272461,0.003817105548,0.002351078611,0.000374679511,-0.004241316271,0.555212353714,0.095456833312,641615000.0,137.61799621582,-0.392680542142,2.873571123396,56.373569061693,55.197440407486,-0.280000610352
2023-06-16,138.04,-0.280000610352,0.005960685571,0.002971616679,0.00011611751,0.009802487198,0.50282443686,0.092604404899,635000100.0,137.26799621582,-0.306519168487,2.765713282994,54.74278040669,57.33718879948,0.599999389648
2023-06-20,137.31,0.599999389648,-0.011107856989,0.002365061999,3.3851557e-05,0.001531728665,0.651504770367,0.086588395177,649615100.0,137.359997558594,0.407942338255,2.785713195801,87.981333327815,66.3658942654,0.510007324219
2023-06-21,134.885,0.510007324219,-0.007763802549,0.002870932358,-0.001121630402,-0.013638025594,0.689103254476,0.073324749116,644746300.0,137.37799987793,0.165513880626,2.784284319196,78.413155678716,73.71242313774,1.975000610352
2023-06-22,137.065,1.975000610352,0.002118904609,0.003401971522,-0.000399256866,0.000839722526,0.644600799258,0.056173605005,638917900.0,137.088000488281,0.030046874037,2.798570905413,67.211199989309,77.868562998613,0.345003662109
2023-06-23,138.08,0.345003662109,-0.0008005284,0.001791697014,0.000248613358,0.005680990532,0.645868078042,0.044698849546,643744800.0,137.324002075195,0.071993080898,2.452141898019,63.371228879052,69.665194849026,-2.160001831055
2023-06-26,135.15,-2.160001831055,0.001692140455,0.001450532501,9.0085806e-05,-0.00734484025,0.544095863043,0.036797015328,636349900.0,137.330001831055,-0.217367814268,2.415713718959,30.683965584513,53.755464817625,-0.200003051758
2023-06-27,134.38,-0.200003051758,-0.000518651849,0.00262529656,-0.000500493539,-0.003706998814,0.41502091054,0.037462797363,629881800.0,136.592001342773,-0.234788210463,2.44714137486,21.070157305008,38.375117256191,-1.779993896484
2023-06-28,132.9,-1.779993896484,0.0,0.001609653092,-0.000331650694,0.002262443439,0.186585822906,0.046233850603,622041900.0,135.548001098633,-0.474151517616,2.412855965751,1.118907683024,17.624343524182,-0.390005493164
2023-06-29,132.52,-0.390005493164,-0.001056519474,0.001642215003,0.000263267299,0.001133187278,0.051650001316,0.053471629766,615129999.9999999,134.67799987793,-0.012025731977,2.370712280273,17.795514505208,13.328193164413,0.709995727539
2023-06-30,133.5,0.709995727539,0.00180143737,0.00162066382,-0.000257866072,0.000224769611,0.033966671906,0.05620423128,620077600.0,133.841998291016,0.248253543458,2.36285509382,26.061897134099,14.992106440777,1.229995727539
2023-07-03,133.85,1.229995727539,-0.005418212356,0.002126865672,-0.000275837229,-0.001119402985,0.140402205343,0.053946589503,628788100.0,133.603997802734,0.212893531045,2.435711451939,43.28349841309,29.046970017466,1.159994506836
2023-07-05,135.16,1.159994506836,0.001259152477,0.003291685161,0.000476817954,-0.00014795088,0.240875878106,0.054340855614,631462700.0,133.615997314453,0.229933956716,2.401426042829,48.736329510628,39.360575019272,2.459995117188
2023-07-06,137.0803,2.459995117188,-0.001017289599,0.002811972651,-0.001267858099,-0.002907331976,0.480492044846,0.0550192847,638366000.0000001,134.619995117188,0.388314513331,2.542140415737,80.144288317287,57.388038747002,0.1697
2023-07-07,136.68,0.1697,-0.00072864192,0.002310608822,0.000158321813,-0.003426904849,0.603487451683,0.055183372657,632275000.0,135.56799621582,-0.055795880163,2.445711408343,78.723416435284,69.2013447544,-1.18
2023-07-10,135.335,-1.18,-0.000664179615,0.001505058711,-0.000823424565,-0.000553873421,0.557495445413,0.055389569157,625402300.0,136.021997070312,-0.350209189086,2.511425563267,56.821011695764,71.896238816112,-0.844994506836
2023-07-11,134.736,-0.844994506836,-0.003643434256,0.002174626866,-0.000389499104,0.005492537313,0.4539511563,0.055602742387,620249000.0,135.973999023438,-0.219053645701,2.439996991839,44.180263996671,59.90823070924,0.834007324219
2023-07-12,136.07,0.834007324219,0.001844065697,0.001979089972,0.001020228458,0.001840671477,0.452106211169,0.053705961991,625393800.0,136.086001586914,0.385076594418,2.42499760219,59.637815753655,53.546363815363,-1.090004272461
2023-07-13,133.9,-1.090004272461,-0.015187458265,0.002947566388,-0.000178213193,0.007297073648,0.406494362668,0.052554568173,620449700.0,135.558001708984,-0.225341014371,2.329997471401,52.005061255469,51.941047001932,-0.310003662109
2023-07-14,135.03,-0.310003662109,0.008533568537,0.002490981964,-0.000466138238,0.002226675573,0.283861480599,0.051432062751,615817900.0,134.826000976563,0.240953999572,2.349283490862,34.023170469727,48.555349159617,0.979994506836
2023-07-17,134.95,0.979994506836,-0.001396861924,0.00233426594,0.001029157372,-0.00640553674,0.361880090761,0.051321298266,621361300.0,134.92799987793,0.265190256827,2.349997384208,68.988979047239,51.672403590812,-0.119998168945
2023-07-18,135.98,-0.119998168945,-0.000222493354,0.001854080119,0.000299663238,0.008753709199,0.331005501122,0.051476185247,617328300.0,134.995999145508,-0.290216178223,2.293569292341,52.868843054294,51.960330857087,0.600001831055
2023-07-19,137.44,0.600001831055,0.004832359447,0.001613960944,0.000416012634,0.001457301078,0.419728119545,0.047329377738,622721100.0,135.197998046875,0.29067588507,2.347854614258,76.775972790482,66.211264964005,0.239992675781
2023-07-20,140.51,0.239992675781,0.008425361155,0.002291774705,0.001107709186,0.012028233938,0.536322253695,0.047007091212,627505300.0,135.737997436523,0.202223404453,2.295712062291,90.243793497729,73.296203114169,1.680002441406
2023-07-21,142.52,1.680002441406,7.02898e-05,0.001755508673,-7.7765493e-05,0.002250351617,0.880670710972,0.06454031468,634515100.0,137.457998657227,0.416343036946,2.528569902693,94.710593270897,87.243453186369,1.220005493164
2023-07-24,143.1237,1.220005493164,-0.004452479235,0.001921733054,0.000245952668,0.000165618449,1.158811910455,0.083101047756,640169400.0,139.004000854492,0.351545217963,2.464998517718,96.167357601681,93.707248123436,0.056292675781
2023-07-25,142.32,0.056292675781,-0.005447679978,0.002333567416,-0.001216365758,-0.000561797753,1.243577611982,0.095494929442,635700700.0,140.673999023437,0.030705507019,2.415712629046,89.34355962331,93.407170165296,-0.689995117187
2023-07-26,141.315,-0.689995117187,-0.001412216339,0.001434914799,0.00026685816,-0.0008131231,1.136683484447,0.100826291678,630922500.0,141.683999633789,-0.233445426287,2.317139761789,76.129677633587,87.213531619526,0.584993896484
2023-07-27,147.2704,0.584993896484,0.018181831868,0.007684031623,0.000809847121,0.019313399779,1.028820192337,0.10201288307,635929300.0,142.52799987793,0.139725022028,2.311425345285,78.43137509299,81.301537449963,1.579606103516
2023-07-28,149.035,1.579606103516,0.007188391142,0.00295951174,0.000847169264,-0.005903148346,1.349962403775,0.121883721589,649593700.0,143.860000610352,0.340271152781,2.823569161551,86.502467800299,80.354506842292,1.815006103516
2023-07-31,149.86,1.815006103516,-0.002784311639,0.001964302333,-0.000123993699,-0.003789137805,1.604187095926,0.142556604528,657593999.9999999,145.282000732422,0.15592043058,2.907140459333,95.225663584294,86.719835492528,-0.279998168945
2023-08-01,149.58,-0.279998168945,0.002807849738,0.002196,-0.001092407427,-0.0028,1.590802004717,0.154683760397,648484800.0,146.562002563477,-0.137940633068,2.989283970424,88.562471375113,90.096867586569,-1.040006713867
2023-08-02,148.99,-1.040006713867,-0.002894793963,0.002183062139,-0.000450699523,0.005941529944,1.421437984826,0.1608771664,644075200.0,147.944000244141,-0.230726028016,3.076425824847,83.105972539423,88.96470249961,0.390004882812
2023-08-03,148.37,0.390004882812,-0.002811609019,0.001416353383,-0.000666819327,-0.003960794844,1.279926484707,0.169234579612,649831600.0000001,149.440002441406,0.2663643013,3.089283534459,86.507994856932,86.058812923823,0.680003051758
2023-08-04,149.4018,0.680003051758,-0.000536744914,0.002003490636,-0.000144508832,0.002898570182,1.085705936106,0.174437405052,645157300.0,149.480001831055,0.042092214784,2.958570207868,84.244232925881,84.619400107412,-1.671804272461
2023-08-07,148.05,-1.671804272461,0.00182768754,0.001617972973,-0.000593177145,0.000337837838,0.802975357968,0.173401628247,640926100.0,148.855999755859,-0.170277453834,3.082856314523,76.363626596129,82.371951459647,2.280001831055
2023-08-08,149.805,2.280001831055,0.002993394151,0.003297055312,-0.001456817878,-0.006466374851,0.727925567963,0.172426706612,644726700.0,149.005999755859,0.388490961053,3.080000741141,90.344409774363,83.650756432124,-0.185004882813
2023-08-09,151.02,-0.185004882813,0.00581480019,0.001552262609,-0.000132799207,0.003521828693,0.574083931694,0.169677938978,640713300.0,149.22200012207,-0.195490212572,3.176429748535,83.800145535569,83.50272730202,-0.249995727539
2023-08-10,151.71,-0.249995727539,0.002851977606,0.001838161376,-0.000491130368,0.003373015873,0.49631513945,0.164799098426,644450400.0,149.5,0.072246225229,2.990715026855,88.821542135807,87.655365815246,-0.269997558594
2023-08-11,152.23,-0.269997558594,0.003367634037,0.003480684436,-0.000294375644,0.001842711418,0.438539718309,0.153759060117,647726200.0,149.97799987793,0.060359582889,2.992857796805,88.636405852085,87.086031174487,-0.050007324219
2023-08-14,152.29,-0.050007324219,0.005519855678,0.001910534571,-0.000574277672,-0.00477061822,0.399791647263,0.146493058755,651181000.0,150.867999267578,0.070453919479,3.02642931257,89.830448693319,89.096132227071,-0.019995727539
2023-08-15,151.18,-0.019995727539,-0.004597077091,0.001624859801,-0.000365774349,-0.002573068549,0.332609464323,0.131427430026,653751900.0,151.255999755859,-0.233699420157,3.005715506417,90.523912686391,89.663589077265,0.939995117187
2023-08-16,152.82,0.939995117187,0.003089674177,0.001180024903,-5.2869865e-05,0.001507307163,0.235051484046,0.116596389172,650115599.9999999,151.755999755859,0.137264139586,3.030715942383,84.70061829269,88.3516598908,-1.269996948242
2023-08-17,151.485,-1.269996948242,-0.002573404037,0.001710108494,0.001062698582,0.002150039693,0.09623063496,0.099380700895,646900700.0,151.911999511719,-0.226908273913,2.512858799526,68.167666532874,81.130732503985,-1.464995727539
2023-08-18,150.03,-1.464995727539,0.001799686748,0.002492314858,6.8131016e-05,-0.001729988689,-0.122660477412,0.091502111808,641615000.0,151.62799987793,-0.279798749519,2.426430838449,44.409930522991,65.759405116185,0.109999389648
2023-08-21,149.84,0.109999389648,-0.002863944835,0.00189506379,-0.000300230176,0.000868345468,-0.274685121955,0.08595077063,645665900.0,151.220001220703,-0.038454558507,2.317144121443,46.27320803353,52.950268363132,0.320003662109
2023-08-22,149.04,0.320003662109,-0.001065554463,0.002216666667,-0.000724662353,-0.0064,-0.382584895963,0.077487537861,649610700.0,150.798001098633,0.157954842118,2.2057157244,46.583833264496,45.755657273673,-0.799994506836
2023-08-23,148.73,-0.799994506836,0.00290065205,0.002091881348,-0.000663003958,0.000403578395,-0.580106206757,0.060630485091,646400800.0,150.022003173828,-0.426649443925,2.186429704939,16.770208407734,36.542416568587,-1.649998168945
2023-08-24,147.34,-1.649998168945,-0.001087868236,0.002363463109,-8.774851e-05,0.002858698611,-0.773622913719,0.03973559386,640985999.9999999,149.128002929688,-0.249401036772,2.319285801479,14.882491442382,26.078844371538,-0.709995117188
2023-08-25,147.03,-0.709995117188,0.002659751597,0.001265133995,-0.000742555051,6.8017957e-05,-0.907410934151,0.044128507986,636999700.0,148.450003051758,-0.093624469391,2.180714198521,9.007860462643,13.553520104253,-0.339997558594
2023-08-28,147.71,-0.339997558594,0.002726797258,0.001594805901,-0.000942053949,0.004215106397,-0.962133950841,0.04762992061,640274800.0000001,147.760003662109,-0.107234856903,2.060713631766,9.791118033168,11.227156646064,-0.280007324219
2023-08-29,148.78,-0.280007324219,0.003798499934,0.001796067302,0.000218188475,0.005338198527,-0.918843442094,0.049524915479,643081700.0,147.214001464844,0.135176397763,1.957142421177,19.451560337377,12.750179611063,-1.190003662109
2023-08-30,148.09,-1.190003662109,0.003591021021,0.001649540913,-0.000153983983,-0.000202538482,-0.851308472463,0.050598200359,646500800.0,147.083999633789,-0.074824802761,1.954999651228,21.540379992646,16.927686121064,0.230007324219
2023-08-31,148.075,0.230007324219,0.000471899015,0.001388772828,-0.000135048449,-0.002122784554,-0.733800999147,0.05112236134,649987200.0,147.332000732422,0.059039638339,1.928572518485,31.07054496951,24.020828433178,-1.114993286133
2023-09-01,148.65,-1.114993286133,0.002721787413,0.002491585233,0.000144406992,0.008754071661,-0.722838841115,0.053289230599,645876500.0,147.398001098633,-0.382322270947,1.912859235491,13.315976301334,21.975633754497,-0.450003051758
2023-09-05,148.19,-0.450003051758,0.002024312132,0.002436363636,-0.000227628854,-0.002087542088,-0.611659039422,0.05280933639,649234300.0,147.7,0.279670765298,1.938573564802,29.503830627655,24.630117299499,-2.089993896484
2023-09-06,144.39,-2.089993896484,0.0,0.002001368925,3.8002691e-05,-0.011704312115,-0.655248684129,0.056018648681,645323200.0,147.434002685547,-0.376485835243,2.009288242885,3.100843963806,15.306883630932,1.220000610352
2023-09-07,147.055,1.220000610352,0.003708490378,0.002369863534,0.000224592268,0.006192268218,-0.689320830042,0.059924188508,640018900.0,147.038003540039,-0.094770299288,2.020715985979,22.888562252885,18.497745614782,1.855003662109
2023-09-08,149.05,1.855003662109,0.000604367307,0.000978993289,0.000343103255,0.00033557047,-0.472200881111,0.058877636231,645161000.0,147.156002807617,0.451405160739,2.120715550014,71.905526907273,32.631644374655,-0.029995727539
2023-09-11,148.73,-0.029995727539,-0.001073705929,0.00079725917,-0.00025855614,-0.000873303775,-0.311522642088,0.056681613567,649500800.0,147.568002319336,0.011645824229,2.11071559361,79.878945400237,58.224344853465,0.309993286133
2023-09-12,148.845,0.309993286133,0.00308646494,0.00168606466,4.125114e-06,-0.004381270903,-0.199678298875,0.052516725968,652412400.0000001,147.736001586914,0.094226161934,2.076430184501,84.664416020405,78.816296109305,0.425004272461
2023-09-13,149.2,0.425004272461,0.001004849549,0.000962053273,-0.000300606659,-0.001472359791,-0.110446941893,0.04743209854,654837199.9999999,148.370001220703,-0.051447093193,2.061430794852,91.860612466554,85.467991295732,1.960003662109
2023-09-14,153.1,1.960003662109,0.005623120033,0.002518715874,0.000128442361,0.007170580883,0.066121691011,0.044895551903,660790900.0,149.480001831055,0.270783965333,2.082144601004,85.681386885502,87.402138457487,0.539999389648
2023-09-15,153.55,0.539999389648,-0.005597504646,0.002007243531,-6.3747157e-05,0.005039926692,0.325677100193,0.051700987425,667127800.0,150.426000976562,0.291412925542,2.229287283761,90.410928353451,89.317642568502,-1.430004882813
2023-09-18,153.0,-1.430004882813,0.006310851595,0.001776195453,0.000658996081,-0.000522602561,0.367627750321,0.055413661502,658266300.0,151.045999145508,-0.110029382686,2.322144644601,76.459818947907,84.184044728953,0.940002441406
2023-09-19,153.6,0.940002441406,-0.00032482169,0.001527454675,-0.0001074559,-0.001884462928,0.483302669996,0.063444159237,661233900.0,152.026000976562,0.236021066588,2.357143947056,93.065738136005,86.645495145788,-0.109994506836
2023-09-20,153.77,-0.109994506836,0.00371354515,0.001576090484,-0.000676137443,-0.001882383487,0.493154749042,0.068979742733,657724200.0,152.870001220703,-0.055885712043,2.402143205915,88.959923363744,86.161826815885,-0.159999389648
2023-09-21,153.38,-0.159999389648,0.000455647843,0.002234079472,7.0444394e-05,-0.001952108277,0.471414222029,0.074024542077,660469000.0,153.360000610352,-0.144089571883,2.374286106655,88.599601948569,90.208421149439,0.049992675781
2023-09-22,153.195,0.049992675781,0.003063294291,0.002020337882,-0.000277216775,-0.004580896686,0.41079179367,0.076586902929,656808700.0,153.317999267578,-0.04994074856,2.399285452706,86.983731711436,88.181085674583,-0.454994506836
2023-09-25,151.815,-0.454994506836,-0.001964141947,0.001498753608,0.000250624336,-0.00409997376,0.295494908885,0.076353568955,653759500.0,153.442001342773,-0.415771366592,2.359999520438,80.7899505592,85.457761406401,2.834993896484
2023-09-26,153.915,2.834993896484,-0.001616553572,0.001122668394,-0.000248965061,-0.00314119171,0.317224062458,0.078483978751,657499500.0,153.583999633789,0.368722609124,2.358570643834,97.935269300632,88.569650523756,-0.004996337891
2023-09-27,153.47,-0.004996337891,-0.00045485883,0.001227184087,-6.8568961e-05,-0.002405096204,0.253860940474,0.079068914406,653563200.0,153.667999267578,-0.188783090388,2.282856532506,89.23418235021,89.319800736681,-0.339995117187
2023-09-28,152.48,-0.339995117187,0.003330467515,0.002287555324,0.001036586253,-0.007550117157,0.137353375933,0.077972618849,649941900.0,153.57200012207,-0.140729990511,2.211427961077,75.89534921778,87.688266956207,-0.23
2023-09-29,150.4,-0.23,0.001379354442,0.003406204906,-0.000580958833,-0.013511740784,-0.013051788591,0.076602296495,646244500.0,153.336001586914,-0.274440590194,2.275714329311,63.77408614651,76.301205904834,-1.340002441406
2023-10-02,148.0,-1.340002441406,-0.003958113159,0.002158685256,-5.2679657e-05,-0.003165622685,-0.324207724769,0.073346509677,640662900.0,152.6,-0.447049975911,2.469285147531,19.834717689032,53.168051017774,0.25
2023-10-03,147.05,0.25,-0.002833039925,0.001477034431,-0.000919453046,-0.005276330921,-0.567182535544,0.073271390038,636835100.0,151.320001220703,-0.044184633122,2.494998386928,18.749976623342,34.119593486295,0.379992675781
2023-10-04,147.16,0.379992675781,-0.005833177741,0.001579450092,-0.000359784887,0.004025380364,-0.754031672857,0.070211440141,632254200.0,150.023999023438,-0.066805927208,2.462855747768,21.825675115153,20.136789809176,0.530002441406
2023-10-05,148.36,0.530002441406,0.001624959242,0.001828943119,-0.000464296327,0.002906780234,-0.825264626582,0.064914689858,635413800.0,148.935998535156,0.322374333092,2.337141854422,24.554004589471,21.709885442655,-0.910003051758
2023-10-06,146.94,-0.910003051758,-0.00651062377,0.001860126971,0.000148695035,0.00307188204,-0.850326307822,0.067478439531,631814300.0,147.975997924805,-0.090085682143,2.313570295061,22.035583562385,22.80508775567,1.300005493164
2023-10-09,149.24,1.300005493164,0.000202366286,0.002172912779,0.001239809145,0.006542119107,-0.777463799944,0.068599381731,637184399.9999999,147.811999511719,0.283412159053,2.40928540911,30.325286039107,25.638291396988,-0.129999389648
2023-10-10,148.7,-0.129999389648,0.001877800135,0.001509739608,-0.000313734761,-0.004618783051,-0.640167327051,0.068516887853,640087700.0,147.983999633789,0.170846535624,2.37714276995,39.454302078293,30.605057226595,0.189999389648
2023-10-11,149.03,0.189999389648,0.00161196517,0.001859317374,0.000747018064,-0.000670555891,-0.537784150184,0.068960987015,636358700.0,148.276000976562,-0.159368767908,2.377856663295,37.263087218528,35.680891778643,0.309996337891
2023-10-12,147.7301,0.309996337891,-0.008102259842,0.001610004726,-0.000367007768,-0.002699655708,-0.418667609431,0.069885826867,639548500.0,148.605999755859,0.069872277823,2.337855747768,42.491911536743,39.736433611188,0.569903051758
2023-10-13,149.575,0.569903051758,0.004382966171,0.001047062773,0.0006682651,0.004196038939,-0.389440673968,0.070051843871,634994100.0,148.776000976562,0.058818947977,2.405713762556,31.416369964625,37.057122906632,-1.614993286133
2023-10-16,149.16,-1.614993286133,0.001757194478,0.002230670625,0.000224252477,0.006341924167,-0.372527141915,0.071688577923,630689400.0,148.720001220703,-0.2055193095,2.351428440639,28.216222811561,34.041501437643,-1.930004272461
2023-10-17,148.09,-1.930004272461,0.000679250876,0.003026335437,-0.001188692695,0.005158487749,-0.388258806874,0.071467283806,626985000.0,148.344000244141,-0.183099585706,2.441429138184,21.733999425944,27.12219740071,1.089992675781
2023-10-18,148.755,1.089992675781,0.000603375795,0.002495477993,8.2962077e-05,-0.003450123936,-0.251710403251,0.068968161407,632357400.0,148.401998901367,0.376935327698,2.450001307896,45.164958743741,31.705060327082,0.524998779297
2023-10-19,147.755,0.524998779297,-0.004890110755,0.001850459201,5.4742261e-05,-0.005351733423,-0.144362290619,0.065544804934,637267900.0,148.389999389648,0.008188597655,2.36500113351,54.735329863081,40.544762677588,-2.234995727539
2023-10-20,146.28,-2.234995727539,-0.001649295534,0.002086488161,-0.000174518349,0.006883259912,-0.30695091055,0.066633824977,631120800.0,147.833999633789,-0.272294017594,2.525715419224,30.976024029857,43.625437545559,-0.050004272461
2023-10-23,145.95,-0.050004272461,-0.000478643695,0.001598172475,0.000119493551,-0.001436781609,-0.344243816185,0.066159199235,635344600.0,147.487997436523,0.220629168023,2.517858232771,41.018347251822,42.24323371492,-1.220004272461
2023-10-24,146.465,-1.220004272461,0.002901942799,0.001970375474,-0.000672622753,0.009059593524,-0.441300730173,0.061760398222,631441300.0,146.987997436523,-0.314404223986,2.469287327358,19.801916088873,30.598762456851,-0.155002441406
2023-10-25,146.3052,-0.155002441406,-0.001366939728,0.001385942098,-0.000286722337,0.001335979741,-0.373164347923,0.0536523803,634804200.0,146.413998413086,0.316552740742,2.502858843122,42.149916146143,34.323393162279,-1.045205493164
2023-10-26,145.1,-1.045205493164,-0.002753641137,0.00187332597,0.000796574757,0.001656772056,-0.372050080083,0.047111739249,629342700.0,145.609997558594,-0.197170179265,2.477143423898,27.298371167139,29.750067800718,0.099996948242
2023-10-27,139.665,0.099996948242,-0.044283697045,0.010487929668,-0.001583983275,0.00644952079,-0.348974571751,0.040939312004,623773300.0,145.54599609375,0.104758943875,2.3707144601,26.449748452573,31.966011921952,-0.735007324219
2023-10-30,143.62,-0.735007324219,0.012524333009,0.005498684865,-0.001358304289,0.020971067036,-0.708856576747,0.065422379622,614346100.0,144.085995483398,0.036561508607,2.84071459089,20.180896880153,24.643005499955,-1.730000610352
2023-10-31,140.27,-1.730000610352,0.001409521102,0.003047223591,-0.001364813287,-0.012808783166,-0.699249956915,0.072064047348,623604600.0,143.51799621582,0.1387919289,3.216429574149,40.779419632055,29.136688321594,0.909992675781
2023-11-01,143.11,0.909992675781,0.004816602705,0.00224911885,-0.000125300488,0.0088115043,-0.691176571153,0.079493214266,613210600.0,142.491995239258,-0.17013833728,3.281430925642,37.784241021078,32.914852511095,-0.639998779297
2023-11-02,141.93,-0.639998779297,-0.008142090631,0.002284410162,-0.00083648705,0.004387516807,-0.555275774392,0.082642648752,617418400.0,141.933996582031,0.162490532102,3.295717511858,47.248717049652,41.937459234262,1.329994506836
2023-11-03,143.49,1.329994506836,0.004816434929,0.001463085176,7.3083604e-05,-0.003195554012,-0.377023597055,0.084102369853,621485199.9999999,141.54599609375,0.310456339334,3.362860543387,53.044703865995,46.025887312242,-2.070001831055
2023-11-06,141.51,-2.070001831055,0.003323442418,0.001409542603,-0.000831581235,-0.002678130947,-0.348551149169,0.087221984035,616070700.0,142.043997192383,-0.402579994029,3.397145952497,39.545102408949,46.612841108199,-0.310003051758
2023-11-07,140.875,-0.310003051758,0.002266340872,0.001376395562,-0.000186456798,-0.004557659695,-0.311271584404,0.088292919376,611693700.0,141.905996704102,-0.243280331598,3.317145211356,38.070673574888,43.553493283278,1.285003662109
2023-11-08,142.44,1.285003662109,0.009003930405,0.002380856107,-0.001419850017,-0.006971556051,-0.194411345214,0.086945386576,616718100.0,142.101998901367,0.204421964681,3.341429574149,48.961683629825,42.192486537887,-0.410001220703
2023-11-09,139.245,-0.410001220703,-0.007251980484,0.002844326241,-0.001452703631,-0.012446808511,-0.102916378721,0.08366042749,611419000.0,142.013998413086,-0.350933568939,3.057144165039,52.264827808987,46.432395004567,-1.205006713867
2023-11-10,138.15,-1.205006713867,0.004419013619,0.002093256401,-0.000229581735,-0.003606202669,-0.278217845123,0.089067969157,596448700.0,140.969998168945,-0.236564590669,3.339286804199,19.694137986044,40.306883141619,0.439996337891
2023-11-13,137.6093,0.439996337891,0.0,0.002251645541,-0.001035165425,-0.007076268129,-0.32118570062,0.09132973759,601035100.0,140.403997802734,0.000544305927,3.392144339425,24.640210766762,32.199725520598,1.030699389648
2023-11-14,138.68,1.030699389648,0.002091699996,0.00277010005,0.000656834379,-0.001799467358,-0.310133751272,0.092966094452,605489800.0,139.891998291016,0.020690877541,3.355716160366,25.248835909625,23.194394887477,-0.620002441406
2023-11-15,137.295,-0.620002441406,0.001376230949,0.003804629295,0.001507166344,-0.006907775769,-0.305301178495,0.089175926801,600980600.0,139.071997070312,-0.195519693634,3.360002790179,21.881123347881,23.923390008089,0.305006103516
2023-11-16,137.57,0.305006103516,0.004941807018,0.001914553402,-0.000819332505,-0.00513450969,-0.296265496941,0.08267072202,594507400.0,138.185998535156,-0.159579617999,3.376431056431,17.748477601363,21.626145619623,0.709998779297
2023-11-17,138.2913,0.709998779297,0.00057854955,0.001956923966,-8.1191574e-05,-0.000496530789,-0.211642680577,0.082348210584,599764400.0000001,138.233999633789,0.006400073359,2.847860063825,24.64495461576,21.424851855001,0.008703051758
2023-11-20,138.055,0.008703051758,-0.005567637422,0.00183116411,0.000131718481,0.003817348942,-0.125715921912,0.078889074377,604096700.0,138.176000976562,-0.014576192812,2.470716203962,30.246910087988,24.213447435037,0.254997558594
2023-11-21,138.2932,0.254997558594,0.0030366436,0.00188495639,0.001396723854,-0.003148561955,-0.043828567993,0.077315985677,608586700.0,138.110000610352,0.257215379809,2.400001525879,30.37029920072,28.42072130149,0.436795727539
2023-11-22,139.36,0.436795727539,0.002378734529,0.001252265209,-0.000587828766,0.002157342154,0.057499664928,0.069363637049,613277500.0,138.244000244141,0.005514304139,2.328571864537,35.555467640348,32.057558976352,-0.889998779297
2023-11-24,139.08,-0.889998779297,0.01104931585,0.001738142857,0.000368801481,-0.006571428571,0.122174673419,0.06267258432,609849000.0,138.417999267578,-0.189911311678,2.203570774623,32.345655286386,32.757140709151,-0.410001831055
2023-11-27,138.31,-0.410001831055,0.000216332153,0.001516438356,0.000235034622,-0.002811824081,0.189562899357,0.053322813395,611485500.0,138.495999145508,-0.404654441103,2.10071345738,35.074557461917,34.325226796217,0.779996337891
2023-11-28,139.145,0.779996337891,-0.000287535317,0.001230172999,-8.7282618e-05,0.000683207479,0.268727027021,0.053215539055,617014900.0,138.653997802734,0.128356188414,2.115000043597,40.298419646199,35.906210798167,-1.064998168945
2023-11-29,138.02,-1.064998168945,-0.00043451302,0.001818577018,-0.00054664349,0.0,0.259250872267,0.052476702737,611667700.0,138.607998657227,-0.272434387779,2.124287196568,27.736288425862,34.369755177993,0.48
2023-11-30,138.33,0.48,-0.003537945799,0.001952032461,0.000112294832,0.00231867256,0.285381368097,0.051909664289,615664200.0,138.561999511719,0.171863465261,2.086430140904,46.086850365626,38.040519479229,4.059999389648
2023-12-01,143.585,4.059999389648,0.001053401904,0.002315841167,-0.000653387619,0.007331275431,0.553256548415,0.05171488953,624961600.0,139.345999145508,0.483420098664,1.98000226702,95.156283512776,56.326474101421,-0.174996337891
2023-12-04,143.67,-0.174996337891,0.0,0.001785579806,-0.000402628943,0.001812983753,0.774192786867,0.052191955134,629863800.0,140.294000244141,0.245358346073,1.898573739188,91.153818303157,77.465650727187,0.479993896484
2023-12-05,143.315,0.479993896484,-0.000277442163,0.001995697731,0.000383463459,-0.005516619249,0.934492379505,0.058971053015,634709100.0,141.305999755859,0.174364692218,1.933573041643,85.418811299806,90.576304371913,1.255007324219
2023-12-06,145.48,1.255007324219,0.001521656988,0.001300366047,-0.000304231034,0.004765522481,1.02583285831,0.066245989778,638670799.9999999,142.604000854492,0.103412422515,1.95357295445,89.98914118129,88.853923594751,0.900004882813
2023-12-07,145.735,0.900004882813,0.008607695483,0.00453996207,1.0965228e-05,-0.012903007315,1.155530341078,0.077177576439,643649600.0,144.180001831055,0.34773731835,1.992858886719,93.113751016716,89.507234499271,2.235001220703
2023-12-08,148.48,2.235001220703,0.000675853907,0.0017622746,4.2330725e-05,0.002768960627,1.28579664314,0.091592228897,650874700.0,145.296002197266,0.062632398965,2.093573434012,96.35228236034,93.151724852782,0.799998779297
2023-12-11,151.605,0.799998779297,0.009311357188,0.002177407579,0.000497097351,0.00620561492,1.388791236701,0.106058611054,656569300.0,146.470001220703,0.299200737479,2.136431012835,93.890115536986,94.452049638014,-0.364994506836
2023-12-12,150.32,-0.364994506836,0.003239818941,0.002110409939,-8.4725392e-05,-0.009292822777,1.507610034527,0.122929763578,662912800.0,147.888003540039,0.144525892961,2.270717075893,90.239044020542,93.493813972623,2.920005493164
2023-12-13,153.51,2.920005493164,-0.001696748605,0.001881618512,-0.000475696997,0.003464505164,1.629234589162,0.141076574287,668795000.0,149.622003173828,0.231920739724,2.405717032296,97.804323763493,93.977827773674,0.790003051758
2023-12-14,154.575,0.790003051758,0.000388837054,0.00168437419,-0.000559802894,0.001392847888,1.682539862697,0.156225384258,676899500.0,151.206002807617,0.330140378179,2.443575177874,97.254667425113,95.099345069716,0.305004882813
2023-12-15,155.45,0.305004882813,-0.000903921651,0.002859635518,0.00048788024,0.004588341735,1.655762529218,0.167309963305,684769100.0,152.588003540039,0.11608177332,2.499290466309,98.40092162124,97.819970936615,-1.410006713867
2023-12-18,152.7761,-1.410006713867,-0.006751449828,0.002509803922,0.001574113745,-0.001463398693,1.48579892391,0.173317269795,669566100.0,153.540002441406,-0.116877904666,2.584289550781,89.857425727709,95.171004924687,0.643898168945
2023-12-19,152.99,0.643898168945,0.00110805743,0.002224754216,0.002110103663,-0.00390650433,1.24565321187,0.175124690704,664186500.0,153.976000976562,0.089242180516,2.645718165806,86.458330714355,91.572226021101,0.610006103516
2023-12-20,153.8269,0.610006103516,0.002539058425,0.001851938438,0.000269225647,-0.001059159686,1.022322780201,0.174612197822,669663200.0,154.048001098633,0.009073529675,2.68786076137,87.192434778326,87.83606374013,-2.136897558594
2023-12-21,152.36,-2.136897558594,0.002373265242,0.001515948701,-0.000242859094,0.002038803025,0.685529452904,0.169913402312,664946800.0000001,153.526000976562,-0.421909127781,2.543575831822,69.140361788528,80.930375760403,0.229996337891
2023-12-22,153.7005,0.229996337891,0.004587436693,0.00159442886,-0.000285981021,0.00267793072,0.473040062742,0.163547946048,668982900.0,153.067999267578,0.17197190366,2.529290335519,75.056658214642,77.129818260499,1.239502441406
2023-12-26,154.62,1.239502441406,-0.004453352462,0.001675850891,8.2531711e-05,0.002398703404,0.441059254733,0.158087447577,672355700.0,153.248001098633,0.355749828379,2.575719560896,92.81937070325,79.005463568807,-4.882813e-06
2023-12-27,153.825,-4.882813e-06,-0.003686405921,0.001563842908,-0.000422418594,-0.001460564752,0.352494933209,0.149912016075,670282300.0,153.488000488281,0.164587070753,2.485004970006,88.620037127236,85.498688681709,1.055004882813
2023-12-28,155.05,1.055004882813,0.002388914679,0.002031046699,-0.000544025062,-0.001288244767,0.269319778091,0.135347004586,674029700.0,153.744000244141,0.33603611426,2.39571925572,90.551971215372,90.663793015286,-0.3
2023-12-29,154.77,-0.3,-0.001357070849,0.000987705448,0.000692383179,0.001488287822,0.168378969173,0.116476735364,671428500.0,154.355999755859,-0.225833510968,2.246433803013,85.551337405683,88.241115249431,0.200001220703
2024-01-02,156.61,0.200001220703,-0.000451747588,0.002089161466,0.000236579806,0.011039380245,0.083547278749,0.105781657751,675139900.0,154.832000732422,0.271335088119,2.153576442174,83.916119345314,86.673142655457,3.210007324219
2024-01-03,160.55,3.210007324219,0.004817851198,0.003157108164,0.000380050955,-0.000249081512,0.308545163039,0.103835984412,683199800.0,155.808001708984,0.474902359493,2.292146955218,96.790451081058,88.752635944018,-0.089993286133
2024-01-04,159.92,-0.089993286133,-0.000934869432,0.003816480569,0.000984898535,-0.002432786476,0.446567431502,0.101165730737,688501199.9999999,156.97600402832,-0.028076981926,2.18571799142,87.667376108858,89.45798217841,1.540006713867
2024-01-05,162.05,1.540006713867,-0.000805183187,0.002043327341,0.000227790229,0.004462902126,0.544796293998,0.09764795587,696833400.0,158.292004394531,0.209907192936,2.244288853237,92.454667516453,92.304164902123,0.089999389648
2024-01-08,162.21,0.089999389648,0.000246658975,0.002690914416,-3.8479501e-05,0.000184979652,0.59127028048,0.096804715807,702441000.0,159.770004272461,0.174817674984,2.245716639927,92.419088806297,90.847044143869,-0.780007324219
2024-01-09,162.545,-0.780007324219,0.0,0.002059530447,-9.4020505e-05,0.006907018522,0.512814931844,0.094660463492,696439400.0,161.062002563477,-0.116156832318,2.260717119489,86.371334278242,90.415030200331,-0.235002441406
2024-01-10,162.44,-0.235002441406,-0.000246400633,0.001837986073,0.00015560781,0.001047636655,0.460471071837,0.094655234352,700893400.0,161.560000610352,0.175402793555,2.262859889439,90.476166606413,89.755529896984,2.449999389648
2024-01-11,164.53,2.449999389648,-0.003881371775,0.001964485033,-0.000382762329,0.001704718417,0.534677665693,0.102267587827,707503300.0,162.445999145508,0.419078056781,2.346431187221,98.622173135183,91.82322467328,-0.750001220703
2024-01-12,162.71,-0.750001220703,-0.00628891676,0.002010568356,0.000172637506,-0.00024577573,0.447607626223,0.107160966417,702911800.0,162.909997558594,-0.109566582807,2.30071585519,90.3109460493,93.136428596965,-0.310006103516
2024-01-16,161.96,-0.310006103516,-0.002586195719,0.002203564226,-0.000173037477,-0.000123472034,0.245765642567,0.109169528379,697940700.0,162.961996459961,-0.152802969154,2.299286978585,77.389846238738,88.77432180774,-0.480004272461
2024-01-17,162.88,-0.480004272461,0.001672060191,0.002261020093,0.0008065316,0.006986089645,0.011364122314,0.109677930268,693193000.0,162.971997070312,-0.191349350674,2.192856924874,68.070163691476,78.590318659838,-0.840006713867
2024-01-18,162.05,-0.840006713867,-0.005430694029,0.002312263865,0.000241971526,0.005522462149,-0.136733401013,0.109048088404,697616100.0,162.91799621582,0.105809241485,2.21571459089,72.982425606962,72.814145179059,1.250003051758
2024-01-19,163.1342,1.250003051758,0.003735459883,0.003067842108,0.000388512122,-0.00473308523,-0.177988947386,0.107885744361,702690400.0,162.599996948242,0.410399500771,2.316429138184,83.006596467481,74.686395255306,1.635804272461
2024-01-22,164.22,1.635804272461,-0.002002802831,0.001852347361,-0.000550999362,-0.001337873997,-0.136308491666,0.107605032668,708553400.0,162.797998046875,0.196316720284,2.400713239397,96.7321090109,84.240377028447,1.169999389648
2024-01-23,166.01,1.169999389648,-0.005683550667,0.002277287929,-0.000227886132,0.009486166008,-0.098765044065,0.101810579032,713417400.0,163.395999145508,0.286172923055,2.464284624372,99.43822471223,93.058976730204,1.49
2024-01-24,167.12,1.49,0.001611965806,0.002134708232,-4.7562362e-05,-0.003874351791,0.029531092595,0.099166947613,719202100.0,164.6,0.449839765614,2.328570774623,99.629644966809,98.599992896646,-2.899998779297
2024-01-25,165.01,-2.899998779297,-0.001339673725,0.001778319123,0.000390813848,0.004933008526,-0.136060715257,0.094158073952,713779900.0,165.036001586914,-0.444454798213,2.468571254185,56.220729370317,85.096199683119,0.120004882813
2024-01-26,164.91,0.120004882813,0.00084781315,0.002833141728,0.000391518213,-0.002178253767,-0.209468919885,0.087448714673,718245700.0,165.402001953125,0.287180519511,2.407857622419,65.48356550674,73.777979947955,-0.510006103516
2024-01-29,164.97,-0.510006103516,0.008820025918,0.002491273909,-0.000418682606,-0.005305999397,-0.325434529968,0.078162396559,713591400.0,165.32799987793,-0.177146566755,2.40357208252,56.548300514716,59.417531797258,-1.059996337891
2024-01-30,164.03,-1.059996337891,0.001891266864,0.001872488126,0.000861132303,-0.001156984533,-0.445935893631,0.064761864232,708887300.0,165.032000732422,-0.305539868646,2.410000392369,43.178720959845,55.070195660434,0.889998168945
2024-01-31,165.415,0.889998168945,0.005032754307,0.001222262443,-0.000467193894,-0.002021116139,-0.466221399113,0.047160602182,712706900.0,164.516000366211,0.208701993704,2.34500013079,56.402876110222,52.043299194928,-1.015006103516
2024-02-01,163.17,-1.015006103516,-0.004257889138,0.001899816738,0.000344158363,-0.003237629811,-0.519208481336,0.042955356172,707713000.0,164.551998901367,-0.347595047575,2.252857753209,48.920796963157,49.500798011075,4.419996337891
2024-02-02,167.7,4.419996337891,0.010919517102,0.00835810412,0.002086281493,-0.010152284264,-0.351967265538,0.044551334901,713297400.0,165.043997192383,0.403171094059,2.46571459089,94.820132814723,66.714601962701,0.969998168945
2024-02-05,171.32,0.969998168945,0.006936611025,0.004317180876,0.000128495379,0.008714083844,-0.189311384969,0.04931137093,721167800.0,165.897998046875,-0.02662401401,2.895714896066,64.725689601312,69.488873126397,-0.060005493164
2024-02-06,170.35,-0.060005493164,0.002277235794,0.00328389164,0.000713317382,-0.00757355083,0.058739607019,0.060711309048,727654500.0,167.36799621582,0.165372408156,3.131430489676,84.583597493253,81.376473303096,2.939993286133
2024-02-07,173.67,2.939993286133,0.00415489208,0.001325383599,5.4934785e-05,-0.001953910695,0.311439742203,0.073452651127,734691900.0,169.041995239258,0.207793438731,3.325716291155,94.83014597542,81.379811023329,1.339994506836
2024-02-08,175.495,1.339994506836,-0.003771146929,0.00222387917,-0.000154755386,0.006567249785,0.53331375747,0.087929870041,741101000.0,171.163995361328,0.229614865363,3.297859191895,95.756146486502,91.723296651725,-0.705006713867
2024-02-09,173.32,-0.705006713867,0.001602002682,0.002681467096,-0.000560999435,-0.009996001599,0.599213601923,0.099490723023,735391900.0,172.603994750977,0.141247458848,3.250717163086,91.54071063286,94.042334364927,0.760001831055
2024-02-12,174.1,0.760001831055,-0.003102071112,0.001662440936,-0.000250259009,0.003226921747,0.531261518032,0.106039606994,731889200.0000001,173.685995483398,-0.203890543313,3.297859191895,86.178239632443,91.158365583935,-1.029992675781
2024-02-13,174.74,-1.029992675781,0.008031428502,0.002815086553,-0.000578427961,0.001604952425,0.362619452756,0.107328423164,728412100.0,174.047998046875,-0.085573468527,3.230716160366,78.549885495573,85.422945253625,-1.450006713867
2024-02-14,173.35,-1.450006713867,-0.001327230287,0.001506125043,0.000690820139,0.001675719404,0.217375350541,0.10572181657,733892500.0,174.047998046875,-0.17179724356,3.183573041643,80.211410198195,81.646511775404,1.069998168945
2024-02-15,174.18,1.069998168945,-0.002293280018,0.002321098813,-0.001601450075,-0.001089636979,0.151990413289,0.104877095385,738241000.0,173.929998779297,0.318174916182,3.195715767997,88.746186738209,82.502494143992,2.409996337891
2024-02-16,176.34,2.409996337891,0.001698867761,0.00152480198,0.000337445123,-0.003109276952,0.206110764971,0.107928535599,743517199.9999999,174.289999389648,0.446860086721,3.236430576869,98.933837397479,89.297144777961,1.150005493164
2024-02-20,177.405,1.150005493164,-0.009352659929,0.004819882841,8.0951284e-05,0.008957515782,0.250780138238,0.112502515336,750206600.0,174.97200012207,0.113293162091,3.220001220703,91.200045066503,92.960023067397,-1.655
2024-02-21,175.7914,-1.655,0.003072508029,0.002632026774,-0.000170838099,-0.002828294288,0.118133033,0.113066893351,744722500.0,175.507998657227,-0.003668554341,3.322857448033,80.492318955383,90.208733806455,-0.651400610352
2024-02-22,173.84,-0.651400610352,-0.00205550195,0.002304192993,-0.00130670607,-0.001493394601,-0.046854002681,0.114057357539,740903400.0,175.87799987793,-0.174769086099,3.410000392369,76.738469045758,82.810277689215,2.91
2024-02-23,177.75,2.91,0.002885400322,0.00183442401,0.000370015905,0.002764301027,-0.081680105871,0.111411334192,745755700.0,176.344000244141,0.246405304683,3.352143423898,84.149030074505,80.459939358549,0.339996337891
2024-02-26,179.26,0.339996337891,0.004211353896,0.002338403042,-0.000542291948,0.002348467904,-0.05014309274,0.11028795294,749697500.0,176.644000244141,0.223754889206,2.962142944336,92.072571774546,84.320023631603,-0.450002441406
2024-02-27,177.625,-0.450002441406,-0.000223663591,0.002389438944,0.000158752855,-0.006404877776,-0.018116540014,0.106445740927,754024900.0,176.907998657227,-0.003374284518,2.75571332659,90.219592784941,88.813731544664,1.365005493164
2024-02-28,179.03,1.365005493164,0.004804740957,0.001034195163,-5.3027406e-05,-0.004559355018,-0.021881856907,0.098599185696,757913400.0,177.555999755859,0.050260753897,2.638570513044,89.769966680618,90.687377080035,-1.03
2024-02-29,177.235,-1.03,-0.00073036451,0.001520254125,-0.000141126017,-0.0035420122,-0.122501090555,0.088572349564,753582100.0,178.12799987793,-0.299907384191,2.690713065011,76.136365816086,85.375308427215,-1.184996948242
2024-03-01,176.585,-1.184996948242,0.0,0.001763476285,-0.00019215946,0.003038909401,-0.339537063544,0.07076416939,746096399.9999999,177.988000488281,-0.338535970931,2.763570513044,51.515186538015,72.47383967824,2.325003662109
2024-03-04,179.03,2.325003662109,-0.003130051686,0.002068342523,-0.001778515879,0.003812727782,-0.310426728238,0.061682066712,750125100.0,178.152001953125,0.4253112469,2.841428484235,87.626313699693,71.759288684598,-1.979996948242
2024-03-05,178.69,-1.979996948242,0.00417955505,0.002429776703,0.000513526768,0.005062151977,-0.429074593234,0.050212296965,745401500.0,177.800003051758,-0.165227216025,2.924999782017,63.420790439807,67.520763559172,0.470003662109
2024-03-06,178.44,0.470003662109,-0.004242072729,0.002293497758,-0.000753276576,0.000224215247,-0.379780567438,0.046420424264,750711300.0,177.834002685547,0.385581243501,2.875713893345,88.767236664101,79.938113601201,2.619997558594
2024-03-07,181.85,2.619997558594,0.006241052127,0.001733245513,8.8569846e-05,-0.001866183654,-0.240344433485,0.049574027924,756758400.0,178.446002197266,0.338798601222,3.00999886649,87.804816149011,79.99761441764,-1.279992675781
2024-03-08,180.85,-1.279992675781,-0.004596565306,0.002648269723,-5.9576213e-05,0.006175586959,-0.203693855245,0.052505942289,750633200.0000001,179.350003051758,-0.273273915524,3.006427219936,80.064751197442,85.545601336851,-1.999993896484
2024-03-11,179.9,-1.999993896484,-0.002460175714,0.00239246679,-0.001715096747,0.008351549801,-0.311420724029,0.05206089071,744437600.0,179.338003540039,-0.118939450263,3.049999782017,61.530252848638,76.466606731697,-0.269995117188
2024-03-12,181.08,-0.269995117188,0.000501009494,0.002530108564,0.000144780181,0.007567326953,-0.343739408713,0.050853507563,749572400.0000001,179.85400390625,0.210393829231,3.039999825614,69.935413213022,70.510139086367,-0.160001831055
2024-03-13,181.615,-0.160001831055,0.008733151929,0.001078191781,0.000327062307,-0.004849315068,-0.293769396017,0.048270639273,754963500.0,180.206002807617,0.196343381391,3.049284798758,79.794859266656,70.420175109439,-1.754999389648
2024-03-14,179.93,-1.754999389648,0.001667980934,0.002270575646,-0.001070269957,-0.001248924537,-0.344143298463,0.042956108031,748975600.0000001,179.966003417969,-0.41859486915,2.969999040876,59.600016268095,69.776762915924,1.269996948242
2024-03-15,179.35,1.269996948242,-0.007505522259,0.003311888345,-0.000170770944,-0.002724644128,-0.30082376389,0.040887965179,755975000.0,180.092001342773,0.163172315245,3.057140895299,77.466634104254,72.287169879668,-1.469995117187
2024-03-18,177.71,-1.469995117187,0.006352538751,0.002544550584,1.8305439e-05,-0.007262164125,-0.49775381483,0.039824868156,735017200.0000001,179.898001098633,-0.313820999056,3.190713065011,33.200073237761,56.755574536703,0.780005493164
2024-03-19,179.6,0.780005493164,-0.001680783475,0.001592869035,0.000603844363,0.007912901959,-0.583006819863,0.039451848515,743586200.0,179.670001220703,-0.106080909751,3.173569815499,41.333414708031,50.666707350015,0.060003662109
2024-03-20,177.93,0.060003662109,-0.002449084006,0.002131235353,0.000391554368,-0.007197857382,-0.556727186261,0.03683886853,751211800.0,179.418002319336,0.427258967383,3.083569117955,56.933390291888,43.822292745893,-1.659995727539
2024-03-21,176.725,-1.659995727539,0.003063443995,0.002131497087,0.000127468502,-0.000480742039,-0.751658174659,0.034250603641,743885199.9999999,178.700003051758,-0.411500184145,3.176426478795,7.542014925274,35.269606641731,0.775
2024-03-22,177.6,0.775,-0.001521150831,0.001822615935,0.00090420649,0.002087682672,-0.778470614593,0.033246504338,749628800.0,177.960003662109,0.190723904633,3.063569205148,24.720717415,29.732040877387,0.849996948242
2024-03-25,178.49,0.849996948242,0.003082112979,0.001899441341,-3.0465765e-05,-0.002849162011,-0.714598628907,0.033075555342,753712800.0,178.074002075195,0.282209766693,2.957141331264,37.988824429203,23.417185589826,0.039998779297
2024-03-26,179.0,0.039998779297,0.003920892584,0.001405958824,0.00029740127,-0.00128326731,-0.651128018213,0.033120124287,758079200.0,178.082000732422,-0.21663169406,2.852141244071,39.106167866705,33.938569903636,0.190002441406
2024-03-27,180.055,0.190002441406,0.003404211184,0.001535038932,0.000374264595,0.001418242492,-0.552737801549,0.033155369309,762471600.0000001,177.988000488281,-0.010507517559,2.661427089146,48.324091392498,41.806361229469,0.295006103516
2024-03-28,181.03,0.295006103516,0.003604069168,0.002576850829,0.00020642276,0.000165745856,-0.404449796943,0.033605229198,767545100.0,178.804000854492,0.160274855313,2.582141331264,64.525251569079,50.651836942761,1.070006103516
2024-04-01,180.79,1.070006103516,-0.001208134066,0.002285588704,0.000164997627,-0.006702928411,-0.194086316928,0.033286472252,772963800.0,179.724002075195,0.280493013751,2.477855137416,88.966579846836,67.271974269471,-0.030005493164
2024-04-02,178.74,-0.030005493164,-0.00757908364,0.001599587491,-0.000339769266,-0.003623390379,-0.152597692052,0.033999524821,769461700.0,180.186001586914,-0.203171393243,2.466427394322,70.251343658007,74.581058357974,1.950002441406
2024-04-03,180.445,1.950002441406,0.000166023459,0.002038758546,-0.000231889466,-0.001521691014,-0.137733976506,0.032256564615,764937900.0,180.618002319336,0.264909956894,2.413570949009,73.156454368123,77.458125957655,-3.114998168945
2024-04-04,176.7,-3.114998168945,0.001804500435,0.002056102824,-8.7983203e-05,-0.005347593583,-0.349984154532,0.034097297141,759044900.0,180.246002197266,-0.324901929682,2.549999782017,24.353185990738,55.920328005623,-8.800006103516
2024-04-05,169.05,-8.800006103516,0.000595628988,0.002547619048,-0.000136857931,0.00625,-1.080034418168,0.066321922247,748505900.0,177.755999755859,-0.445085633441,3.040714808873,3.030281234062,33.513307197641,0.95
2024-04-08,169.06,0.95,-0.00464701933,0.002456651498,-2.364785e-05,-0.000886472431,-1.358081126236,0.079051528003,755535600.0000001,175.335998535156,0.27769607836,3.047143118722,18.054663228088,15.146043484296,0.740003051758
2024-04-09,169.36,0.740003051758,-0.000412292833,0.002419077358,2.0034648e-05,-0.002179932835,-1.481930574489,0.089873918827,750790600.0,173.144000244141,0.093144759638,3.137143816267,16.722239389917,12.602394617356,0.779999389648
2024-04-10,167.82,0.779999389648,-0.009110162556,0.003279652807,0.001774039031,-0.004567293434,-1.464801045316,0.097438534816,756724600.0,171.033999633789,0.074336866537,3.237859453474,18.987370080549,17.921424232851,1.209998779297
2024-04-11,168.27,1.209998779297,0.001005727801,0.001654846336,-0.000403100058,-0.005496453901,-1.449403422434,0.104358170032,753492900.0,169.373999023438,0.092306615995,3.155715942383,11.592300872668,15.767303447712,-0.749995727539
2024-04-12,161.58,-0.749995727539,-0.018326213264,0.006088659167,0.00046803056,-0.017452113104,-1.458121686127,0.113201549408,750185900.0,169.298001098633,-0.386134469933,3.17571585519,1.924408785366,10.834693246195,0.699998779297
2024-04-15,163.8,0.699998779297,0.013803336887,0.002503039144,0.000619846731,-0.004376367615,-1.716215527426,0.130498488606,743156500.0,167.754000854492,-0.230109325335,3.555001395089,10.224208372989,7.913639343675,-2.130001831055
2024-04-16,162.53,-2.130001831055,0.003154540191,0.002475104822,0.000155977072,0.002158095943,-1.817695746492,0.147272998027,737722800.0000001,166.12799987793,-0.435417184385,3.707144601004,7.488780001484,6.54579905328,0.009993286133
2024-04-17,163.8,0.009993286133,0.009905258256,0.001724885775,0.000227414343,-0.002132196162,-1.717101054402,0.158056921033,742604100.0,164.607998657227,0.113540126316,3.755716596331,11.390102862872,9.701030412449,0.45
2024-04-18,165.69,0.45,0.004322719719,0.001761790737,0.000986076102,0.004425315228,-1.437601864507,0.162133940034,747396300.0,163.651998901367,0.037711070804,3.7864314488,19.058293355141,12.645725406499,-1.029996337891
2024-04-19,163.93,-1.029996337891,0.002186326991,0.004005575082,-0.000199429506,-0.006605259968,-1.140307183003,0.166801097101,751876400.0000001,163.079998779297,-0.040694156675,3.871431623186,21.278561464095,17.24231922737,2.480003662109
2024-04-22,167.16,2.480003662109,0.007631686712,0.001596957167,2.0986322e-05,-0.003101145038,-0.759328884036,0.167344096013,757408800.0,163.905999755859,0.217527736412,3.906432015555,29.675934493228,23.337596437488,0.729999389648
2024-04-23,169.31,0.729999389648,0.004169378467,0.00163109149,-0.000409247131,0.004270715938,-0.361371204598,0.164657694276,762989500.0,165.15,0.047278756505,3.953574044364,36.527764628728,29.160753528684,0.229993286133
2024-04-24,167.95,0.229993286133,-0.006016214782,0.004160402985,0.001678890161,-0.003382387847,0.038039746492,0.160125942558,767073600.0,166.55,0.227270818745,3.773573739188,53.898276443156,40.033991855038,-0.149996948242
2024-04-25,168.8,-0.149996948242,-0.000834322927,0.003477275438,0.001416405024,0.006799475128,0.20099623016,0.154184445682,762998900.0,167.260000610352,-0.144837340729,3.241430010114,65.16292611245,51.862989061445,-1.510006713867
2024-04-26,165.09,-1.510006713867,-0.001195510528,0.006629826906,0.005092621486,-0.011969597223,0.285241555376,0.144509296979,757495200.0,167.785998535156,-0.038614389469,3.239286150251,60.902193334075,59.987798629894,-5.470004882813
2024-04-29,160.5,-5.470004882813,-0.000187938731,0.003461996366,-0.000111283565,0.005702111661,-0.141847883857,0.13626672169,746773500.0,166.427996826172,-0.350004236665,3.685000828334,15.271316452865,47.112145299797,1.020004272461
2024-04-30,160.385,1.020004272461,-0.001547795898,0.001929338652,-0.001253027821,-0.005487691449,-0.255984502941,0.122502632399,752992500.0,165.153997802734,0.331999045195,3.673571995326,30.424606951873,35.532705579604,2.254999389648
2024-05-01,161.51,2.254999389648,-0.003381720695,0.00234094913,-0.000902892797,-0.003578258992,-0.217180360278,0.099955581518,758477300.0,163.773999023438,0.214197848055,3.715000697545,39.22959916584,28.308507523526,0.210001220703
2024-05-02,160.32,0.210001220703,0.002782568296,0.002065795153,-0.001851555403,-0.011407781957,-0.214242696138,0.082507768539,753300900.0,162.557998657227,-0.064663968934,3.74428667341,31.996909853078,33.883705323597,0.489997558594
2024-05-03,162.04,0.489997558594,0.00217651955,0.003296785803,0.000837883638,0.005460412013,-0.232813314578,0.085741082933,747396600.0,161.261999511719,-0.143975187668,3.515715462821,24.842793699718,32.023100906212,1.749993286133
2024-05-06,163.815,1.749993286133,0.003785398384,0.002118180159,-0.000138747038,-0.003619001277,-0.015110103411,0.082029873836,753246500.0,162.095999145508,0.385357906328,3.537858145578,48.270430817037,35.036711456611,-1.085004272461
2024-05-07,163.115,-1.085004272461,0.003871473603,0.001952062248,3.8287338e-05,-0.001499755142,0.081484110322,0.078390542705,747411900.0,162.337997436523,-0.220252280608,3.64928654262,39.937117477529,37.683447331428,-0.564996948242
2024-05-08,162.175,-0.564996948242,-0.002522323312,0.001861902608,-0.000260009455,0.000215862835,0.153080059437,0.07280962158,742110200.0,162.319998168945,-0.186396431394,3.642143249512,38.522080854151,42.243209716239,-1.725003051758
2024-05-09,160.295,-1.725003051758,0.00224369347,0.001560896738,-0.000389747909,-0.003171543173,0.08237473075,0.070596618289,736203500.0,162.065997314453,-0.269436212716,3.630714416504,22.01260049394,33.49059960854,0.104993896484
2024-05-10,160.92,0.104993896484,0.001932748312,0.00138869876,-7.090429e-06,0.001306701512,0.056822865043,0.069940725104,732633500.0,161.983996582031,-0.153640967144,3.484285627093,21.619494778883,27.384725375658,-0.17
2024-05-13,161.775,-0.17,0.003297037507,0.001683889991,0.00020107272,0.003069196429,0.086309925179,0.071321475072,736143000.0,161.375997924805,0.021735952025,3.335000174386,24.371114825259,22.667736699361,-0.495001220703
2024-05-14,161.38,-0.495001220703,0.002294116567,0.0022598206,-0.000349766083,-0.001670275286,0.160038551629,0.07166820906,739648900.0,161.085998535156,0.005487364477,3.287858145578,31.18561059143,25.725406731858,0.209996337891
2024-05-15,162.12,0.209996337891,0.004455728925,0.002485299051,0.000739357002,-0.00117059947,0.24322723414,0.072248391571,743673900.0,160.893997192383,-0.004028779603,3.26857321603,33.848819997118,29.801848471269,1.669993286133
2024-05-16,163.109,1.669993286133,-0.002075806532,0.002288820931,0.000681014508,-0.002391437309,0.448045389916,0.072128476089,748935200.0,161.561996459961,0.297979260939,3.205002920968,62.589106694568,42.541179094372,1.241006103516
2024-05-17,164.59,1.241006103516,0.006327917539,0.002053570349,-7.5764355e-05,-0.004837051817,0.612680495005,0.071979004643,753577200.0000001,162.351998901367,0.172004319312,2.700716291155,91.483307179038,62.640411290241,1.829998168945
2024-05-20,166.25,1.829998168945,-0.002463668229,0.001746882718,0.000803333549,0.001445696042,0.838466123385,0.071992231422,758729400.0,163.485998535156,0.263508587923,2.640001569475,99.163593328255,84.41200240062,-1.690002441406
2024-05-21,164.49,-1.690002441406,0.004922202058,0.00200006047,-0.001261601682,-0.005321400496,0.838029674062,0.067599178657,755670700.0,164.141998291016,-0.3545895655,2.543572562081,76.941391364589,89.196097290627,-1.560007324219
2024-05-22,161.63,-1.560007324219,-0.008347053414,0.004514658249,-0.001033978967,0.000371356069,0.708592239354,0.056889464294,752025500.0,164.409997558594,-0.370211013299,2.590715680804,57.46704414877,77.857342947205,-2.019999389648
2024-05-23,158.63,-2.019999389648,-0.003633868986,0.003302270012,-0.001359914489,-0.002515248695,0.395618751461,0.051947098052,745120600.0,163.573999023438,-0.346426318211,2.550000871931,5.882451170112,46.76362889449,-0.370005493164
2024-05-24,157.82,-0.370005493164,0.000631910192,0.002336027616,-0.001086677434,-0.003409952008,0.108833215199,0.048872955352,739447700.0,162.355996704102,-0.161657343724,2.462144034249,5.727369653094,23.025621657325,-0.760002441406
2024-05-28,155.6175,-0.760002441406,-0.004520511054,0.002047329709,0.000383767315,-0.004685001599,-0.137179267696,0.054609992143,735757800.0,160.483996582031,-0.260891818536,2.375714983259,6.910134360949,6.173318394719,-0.277503662109
2024-05-29,155.4,-0.277503662109,-0.002896851802,0.002077316519,0.000986841622,0.003292659307,-0.377612408321,0.065575629823,730224300.0,158.639996337891,-0.202692878409,2.447857448033,11.084517084324,7.907340366123,-0.610006713867
2024-05-30,153.95,-0.610006713867,-0.000904447288,0.001671516327,0.000405367244,-0.004526349822,-0.526417417896,0.075267155517,725969800.0,157.011996459961,-0.009798031617,2.424286978585,8.665101480294,8.886584308523,2.359997558594
2024-05-31,156.985,2.359997558594,0.002175141342,0.001659751037,-1.1784427e-05,0.002138525375,-0.476688242276,0.079945553659,730280900.0,156.351995849609,0.300346118209,2.535000392369,21.146359046668,13.631992537095,4.255005493164
2024-06-03,160.365,4.255005493164,-0.007690433211,0.0031124375,-0.000217250831,0.00228125,-0.086423634927,0.079956870541,745945300.0,156.947998046875,0.438745146667,2.845715114049,59.333861259838,29.715107262267,-0.174997558594
2024-06-04,161.37,-0.174997558594,0.0,0.001890333354,0.00055567205,0.007366252575,0.115390314357,0.078312419645,741477500.0,157.573999023438,0.035398108949,3.027143205915,51.200609874649,43.893610060385,0.769999389648
2024-06-05,164.52,0.769999389648,0.004687273404,0.004087538367,0.0009512383,0.009944751381,0.379697614944,0.077903238433,745693000.0,158.933999633789,0.330098484355,3.063571384975,66.305152050841,58.946541061776,0.920002441406
2024-06-06,165.635,0.920002441406,0.000302242813,0.001864160976,0.000551497872,0.000876185872,0.754607939983,0.081634839797,750793500.0,161.064001464844,0.344007488741,3.135713849749,91.866748607065,69.790836844185,2.935007324219
2024-06-07,168.33,2.935007324219,0.002550825515,0.002197717667,0.001912907859,-0.003964497041,1.166619889132,0.091932512573,755980200.0,163.516003417969,0.353392693869,3.262856619699,97.973872563784,85.38192440723,1.089998168945
2024-06-10,168.205,1.089998168945,-0.002479035376,0.001647928994,0.000626158007,-0.004704142012,1.43212393821,0.101977216862,759761900.0,165.152001953125,0.08987816848,3.292142595564,94.510748977184,94.783790049344,2.255006713867
2024-06-11,170.26,2.255006713867,-0.001231999915,0.001438883994,-0.000109996122,5.8737151e-05,1.600743898443,0.11230657872,764009400.0,167.206002807617,0.247539084062,3.367142813546,98.311046487818,96.931889342929,-2.560003051758
2024-06-12,166.26,-2.560003051758,0.001073392593,0.002989188384,-0.000444275045,-0.009620253165,1.453642741613,0.115930956825,760219200.0,168.318002319336,-0.386362575705,3.367856706892,82.23643926709,91.686078244031,-0.170003662109
2024-06-13,165.355,-0.170003662109,-0.00054185285,0.002162771084,0.001091832145,-0.003885542169,1.186442742664,0.117267696482,755493600.0,168.448001098633,-0.2444208272,3.35071345738,72.859614677966,84.469033477625,1.204997558594
2024-06-14,167.65,1.204997558594,-0.000540323843,0.002435273623,0.000348728787,0.00708836427,0.988010896241,0.118934999658,759184399.9999999,168.045999145508,0.153071884,3.323570251465,75.59695463602,76.897669527025,0.939996337891
2024-06-17,168.51,0.939996337891,-0.001127008989,0.002556413302,-0.001112262178,0.000653206651,0.940387243905,0.122663651783,763561999.9999999,167.879998779297,0.336768312894,3.382142203195,87.419895787233,78.625488367073,1.169992675781
2024-06-18,171.315,1.169992675781,0.004479077077,0.002636965762,0.00062973993,0.005133771415,0.927651663992,0.126580703456,767638000.0000001,167.72399597168,0.21948459916,3.377141680036,93.768157022336,85.595002481863,0.045000610352
2024-06-20,171.41,0.045000610352,-0.001050466468,0.002757798808,-0.000890665083,0.001343614908,0.972989728059,0.133792317144,771888900.0,168.455996704102,0.155658548466,3.422140938895,91.508005561648,90.898686123739,0.720004882813
2024-06-21,171.95,0.720004882813,0.003311404457,0.001492955028,-0.001546114117,-0.004342790967,0.992058582678,0.141201864261,777736399.9999999,169.663998413086,0.178357813346,3.417855398996,94.765081780031,93.347081454672,-1.560000610352
2024-06-24,172.1,-1.560000610352,0.004343010129,0.003092678081,-0.000469738568,0.005668205458,0.83121872328,0.142357647066,765428300.0,170.429998779297,-0.336007362857,3.26785496303,81.523297099599,89.265461480426,0.640005493164
2024-06-25,171.95,0.640005493164,-0.003704986507,0.002417328427,-0.001262057423,-0.000871586287,0.82516752803,0.143461453179,771678200.0,171.260000610352,0.304891525099,3.172140938895,95.087989736974,90.458789538868,-1.2
2024-06-26,171.145,-1.2,-0.002694036392,0.002045530174,-0.000175259238,0.005020846791,0.637601957617,0.137658022508,765965500.0,171.474002075195,-0.233765972661,3.154284885951,76.355522996685,84.322269944419,0.004993896484
2024-06-27,171.245,0.004993896484,0.000817992373,0.00213218648,0.000794505011,-0.000262712359,0.497170144244,0.12553998639,771541600.0,171.432000732422,0.201880746191,3.037143162319,75.055073119398,82.166195284352,-2.254994506836
2024-06-28,169.4,-2.254994506836,0.005917509719,0.002326901582,0.000408496199,-0.0034707924,0.229137283248,0.105600501283,766159600.0000001,170.804000854492,-0.29056301291,2.985714503697,47.443564271753,66.284720129279,2.120004272461
2024-07-01,170.46,2.120004272461,-0.001457555934,0.002666725054,-0.000434101044,-0.004729374672,0.193959058232,0.086413925647,790623000.0,171.030001831055,0.284247511114,3.005714416504,77.526770898579,66.675136096577,-0.090004882813
2024-07-02,167.3218,-0.090004882813,-0.010213008653,0.002833224614,-0.000358479828,-0.007757812963,0.071282127447,0.077329703141,785428500.0,170.555999755859,-0.090950395009,3.097143990653,60.472884727536,61.814406632623,-1.361793286133
2024-07-03,166.68,-1.361793286133,0.00078325873,0.00211725905,0.000129786461,0.003552290927,-0.308013095648,0.063185617931,779463000.0,169.598001098633,-0.410229339879,3.218572344099,10.810880471667,49.603512032594,-2.840003662109
2024-07-05,164.25,-2.840003662109,0.005371123672,0.00261176542,0.000392507122,-0.002853326858,-0.681425338443,0.058156924476,775935400.0,168.136001586914,-0.303320350441,3.223572867257,3.088726318018,24.790830505741,3.0
2024-07-08,166.005,3.0,-0.004245182146,0.002710099676,-0.00079937254,-0.003212441456,-0.677109673381,0.055514823817,781913700.0,167.788000488281,0.354751991081,3.350715637207,36.003817639278,16.634474809654,0.515004272461
2024-07-09,165.84,0.515004272461,0.003002642248,0.003897617052,-0.001617693588,-0.007065022153,-0.698929527117,0.057240171112,778413500.0,166.788000488281,0.001546291913,3.269287109375,28.957527248723,22.683357068673,2.210003051758
2024-07-10,166.73,2.210003051758,-0.003570402217,0.002372230517,0.00010006999,-0.004299790982,-0.59016621348,0.057477575369,782638100.0,166.324002075195,0.151246242732,3.314287458147,43.725854362724,36.229066416908,1.409999389648
2024-07-11,168.09,1.409999389648,-0.003687374328,0.002064708691,-0.000413868739,0.003402578797,-0.495809936498,0.057095133094,786525900.0,166.760000610352,0.15439512589,3.243572780064,44.594544831641,39.092642147696,1.820003662109
2024-07-12,170.7999,1.820003662109,0.004237544613,0.001896501201,-2.4595428e-05,0.000995721737,-0.307085790218,0.056898553004,790215400.0,167.974002075195,0.407161434451,3.258573259626,61.679527148356,49.999975447574,-0.519901220703
2024-07-15,169.04,-0.519901220703,-0.008045543382,0.002037048001,-0.000294784113,0.000769640637,-0.157752326252,0.054798408567,794348900.0,168.580001831055,-0.096077290183,3.143574305943,65.25090837764,57.174993452546,-1.010001220703
2024-07-16,167.495,-1.010001220703,0.003392294997,0.001615328852,-0.00010098983,-0.006553973903,-0.207778903911,0.05321393413,791953800.0,168.882000732422,-0.140375338863,3.138573782785,43.532762941098,56.821066155698,1.704996948242
2024-07-17,172.175,1.704996948242,0.001832136904,0.003241696655,0.001203322242,0.015721786325,-0.161408153993,0.053068528316,795783300.0,169.111999511719,0.123481528451,3.124288286482,54.826180893828,54.536617404188,3.095004272461
2024-07-18,174.41,3.095004272461,-0.004678537709,0.002966551062,-0.000232759296,-0.000200636304,0.256026760795,0.061614029305,802766500.0,170.538000488281,0.480051872572,3.434288024902,96.153836540798,64.837593458575,-3.270000610352
2024-07-19,173.11,-3.270000610352,0.014783211338,0.002568088904,0.000522998819,-0.003224506247,0.232630390664,0.061443912336,796808700.0,170.783999633789,-0.2602721373,3.587859017508,57.90274947876,69.627588971129,-0.789992675781
2024-07-22,173.95,-0.789992675781,0.005803156671,0.002775040388,0.000106024462,0.003634894992,0.272498388979,0.061678934213,801102300.0,171.192001342773,-0.249020610066,3.579287937709,66.869383022168,73.641989680576,-0.339999389648
2024-07-23,173.17,-0.339999389648,-0.001670372013,0.002075279829,-0.001716509176,-0.000865451189,0.356327250695,0.065079217427,805169200.0000001,172.308001708984,0.060974844556,3.464286804199,76.671772253068,67.147968251332,-0.020006103516
2024-07-24,174.31,-0.020006103516,0.0002887846,0.002610469592,-0.00026126498,0.006408775982,0.350822428911,0.065654634756,802235400.0,173.098001098633,-0.041451653206,3.242857796805,73.176277426369,72.239144233868,1.900006713867
2024-07-25,178.5,1.900006713867,0.004483248715,0.009023276836,0.002495748267,0.008474576271,0.513453384642,0.073704574614,808353100.0,173.286001586914,0.422686056553,3.247858319964,96.39857162831,82.082207102582,3.669998168945
2024-07-26,184.99,3.669998168945,0.007026397278,0.004508040338,0.000577662005,0.008394657945,0.956842802608,0.097159182141,817795300.0,175.492001342773,0.219919367553,4.007144383022,81.458812036608,83.677887030429,0.170003662109
2024-07-29,184.28,0.170003662109,-0.006048878558,0.002388719844,0.000169102826,0.001304064334,1.361244575595,0.122399475014,824744100.0,178.060000610352,0.193180001315,4.195715767997,92.314679308039,90.057354324319,-2.339997558594
2024-07-30,183.275,-2.339997558594,0.009068890152,0.003446689786,-0.001407613431,-0.001715779727,1.320599566333,0.133782884229,819285600.0,179.726000976562,-0.172109272698,4.333573477609,76.325928821518,83.366473388722,3.504998779297
2024-07-31,183.87,3.504998779297,-0.002088014735,0.004234938962,-6.9424668e-05,-0.013498867941,1.514498835518,0.15331773357,825317800.0,182.452001953125,0.325812470447,4.578574044364,95.452286648489,88.030964926016,1.450007324219
2024-08-01,189.315,1.450007324219,0.013220358577,0.003967560787,-0.000177175903,0.008228151462,1.439739042237,0.160774953905,818843900.0,184.274002075195,-0.121170633372,4.653574262347,88.312968391726,86.697061287245,0.395006713867
2024-08-02,192.89,0.395006713867,0.00669437019,0.005301706985,-0.000195026502,0.01000104723,1.57055927785,0.170004869138,825439400.0,185.78200378418,0.242022358091,4.933573041643,94.685811256874,92.81702209903,-3.600006713867
2024-08-05,186.34,-3.600006713867,-0.009720515628,0.004990960552,0.000944376032,-0.005921579088,1.512831876682,0.1782855598,819135500.0,186.608001708984,-0.093744236729,5.255001613072,82.664132121362,88.554303923321,-1.979999389648
2024-08-06,183.87,-1.979999389648,0.005803818951,0.002504988405,-0.000980329141,-0.008412878175,1.048688245977,0.174344192548,812676200.0,187.092001342773,-0.230249175479,5.516429356166,60.860657913719,79.403533763985,1.840006713867
2024-08-07,187.44,1.840006713867,0.011792510384,0.002662320383,-0.000764657063,-0.002448110697,0.752526650501,0.171945398638,816949400.0,186.878002929688,0.042299158846,5.387857709612,64.639947884407,69.388245973162,0.069994506836
2024-08-08,187.5,0.069994506836,-0.003146479415,0.001766055591,8.0630501e-05,0.003102931736,0.6041798403,0.169383712554,823300400.0000001,187.316000366211,-0.044390371633,5.239286150251,71.793704418858,65.764770072328,2.899993896484
2024-08-09,189.445,2.899993896484,0.001995824028,0.003091256945,-7.4089894e-05,-0.006997588846,0.624442004346,0.170899759832,829045000.0,187.453997802734,0.469054057367,5.316429138184,84.124786659558,73.519479654274,0.484992675781
2024-08-12,189.09,0.484992675781,0.000789812884,0.00205697601,-0.000458402072,-0.005208333333,0.533472211814,0.169183061157,825838500.0,187.581997680664,-0.138389053781,5.329285757882,81.999046235735,79.305845771384,1.089992675781
2024-08-13,191.71,1.089992675781,0.001998132808,0.00304245382,0.001100589236,0.006034844668,0.422286075434,0.160230739525,830646799.9999999,188.74599609375,0.024965455604,5.404287065778,83.129756290404,83.084529728566,-0.480004272461
2024-08-14,191.42,-0.480004272461,-0.001202717841,0.002206806283,0.000181131957,0.00219895288,0.354349137807,0.151047771266,834124100.0,189.849993896484,0.137552646317,5.326429094587,87.878752322628,84.335851616256,1.58
2024-08-15,192.82,1.58,0.007720235716,0.00282790889,-0.000416360127,-0.00858655972,0.3622224891,0.152135301934,838277500.0,190.947994995117,0.354682785961,4.510001046317,93.198779290355,88.069095967796,0.579993896484
2024-08-16,192.74,0.579993896484,0.002481959677,0.003071951723,0.000141978233,-0.005879925727,0.328943086792,0.142873939623,842997400.0,191.547994995117,-0.137732679538,4.435715811593,89.004074278576,90.027201963853,1.159993896484
2024-08-19,194.9,1.159993896484,-0.002578648869,0.00265454441,-8.9971381e-05,0.007755946225,0.277246925108,0.132500367334,846672300.0,192.341995239258,0.010153455359,4.177143641881,91.202488690174,91.135114086368,1.969995117187
2024-08-20,196.775,1.969995117187,0.001269873552,0.001473024046,-0.000194681949,-0.001750202922,0.373715299368,0.125203455172,850981600.0,193.679995727539,0.462731555719,4.038570949009,97.807655071055,92.671406013268,-0.625006103516
2024-08-21,196.68,-0.625006103516,0.001478503971,0.00201701396,0.000450395972,0.001221747098,0.321654194694,0.109342872208,847349800.0,194.663995361328,-0.136237337164,3.988570077079,90.789462554737,93.266535438655,-0.150001220703
2024-08-22,196.99,-0.150001220703,0.002442353486,0.001321032461,-0.000314176099,-7.6140199e-05,0.24869352399,0.096697965889,851600200.0,195.369995117188,0.031193751449,3.704284667969,93.421074871481,94.006064165758,-0.620004882813
2024-08-23,197.175,-0.620004882813,0.00448136123,0.001429657795,-0.000352222795,-0.000380228137,0.131429222485,0.094388696826,847923500.0,195.963995361328,-0.140543261555,3.32856968471,91.931047104382,92.047194843533,0.375003051758
2024-08-26,196.75,0.375003051758,5.0592289e-05,0.002123011856,0.000587974482,-0.004100020247,0.077760307758,0.096661222266,852643800.0,196.693997192383,0.090144415943,3.007141113281,97.114141926905,94.155421300923,0.690002441406
2024-08-27,197.64,0.690002441406,0.002785671824,0.001399212081,0.000478826615,-0.001767766049,-0.015737400502,0.090544122214,848461500.0,196.807998657227,-0.026766191026,2.80428314209,95.500055940935,94.848414990741,-1.720001831055
2024-08-28,194.94,-1.720001831055,-0.002041618519,0.002813011457,0.000428063533,-0.002966448445,-0.219244991543,0.089259484355,845957000.0,196.761999511719,-0.323768379461,2.749998910086,79.086082052584,90.566759973475,0.459993896484
2024-08-29,194.98,0.459993896484,0.003070655692,0.00207755102,-3.4627994e-05,-0.005204081633,-0.416719074161,0.083913999192,842046799.9999999,196.535998535156,-0.021645652911,2.636426653181,72.641438809757,82.409192267758,0.199992675781
2024-08-30,195.83,0.199992675781,0.000358680843,0.001562099872,0.000168541908,0.002970550576,-0.579964271902,0.083447896661,837508500.0,196.297998046875,-0.151667904028,2.613570077079,70.565956790842,74.097825884394,0.479997558594
2024-09-03,197.77,0.479997558594,-0.000865967964,0.001846895075,0.00100529235,0.008310390537,-0.625721793154,0.082931228236,841329300.0,196.049996948242,0.2334016045,2.574998038156,77.690516788791,73.63263746313,-0.079997558594
2024-09-04,199.385,-0.079997558594,0.005007791098,0.002132407221,-0.000929115629,0.003548419569,-0.578061067531,0.073152633704,846201700.0,196.099996948242,0.211037020744,2.667140415737,76.160384745403,74.805619441679,-2.375005493164
2024-09-05,195.73,-2.375005493164,-0.000253732269,0.001477457352,-0.000277866875,-0.006244922827,-0.604493735908,0.062708200162,841987400.0,196.31799621582,-0.234001591925,2.70714024135,66.050794471019,73.300565335071,-2.869999389648
2024-09-06,194.41,-2.869999389648,0.00316291926,0.001412794404,-5.1435038e-05,0.004858634414,-0.896049698132,0.053738639225,836084600.0,195.809997558594,-0.399590364317,2.797853742327,8.985847900516,50.39900903898,-1.010006103516
2024-09-09,194.09,-1.010006103516,0.00811792851,0.002094835103,-0.001628802307,-0.0045135149,-1.03714965549,0.050051772215,840397199.9999999,195.453997802734,-0.013388527463,2.792854309082,15.917731744688,30.318124705408,2.329998168945
2024-09-10,197.84,2.329998168945,-0.001527354926,0.002530593514,2.6633342e-05,0.00877014073,-0.915917629647,0.044488704345,844004100.0,195.475997924805,0.278331850768,2.748570033482,54.685470831822,26.529683492342,1.510006103516
2024-09-11,196.16,1.510006103516,-0.008377293086,0.002263354917,0.001588510391,-0.007689194658,-0.640271976555,0.041543403765,850337400.0,195.807998657227,0.262643420511,2.97785622733,92.29792859106,54.300377055857,-1.570003662109
2024-09-12,192.965,-1.570003662109,0.000976424508,0.002592041163,-0.000719063846,-0.009318205155,-0.771592309007,0.036241383552,845428100.0,195.323999023438,-0.351730016216,3.28214263916,31.193771113962,59.392390178948,1.055004272461
2024-09-13,191.975,1.055004272461,-0.000824676109,0.001777055607,-5.2498872e-05,-0.009723511813,-0.881951252201,0.034792160683,841262900.0,195.555999755859,-0.090206384366,3.39714377267,31.682054379564,51.724584694862,2.235006713867
2024-09-16,195.12,2.235006713867,0.008289998222,0.00197630477,-0.000192044907,-0.00357471147,-0.922875585293,0.033729581132,843981000.0,195.718002319336,0.070107963239,3.470715114049,33.871024445339,32.248949979622,0.609995727539
2024-09-17,194.55,0.609995727539,-0.004751405998,0.002671971253,-0.000173940441,-0.001283367556,-0.83115427269,0.03239115895,847216700.0,195.580001831055,-0.022131337226,3.474286760603,51.382433386246,38.978504070383,-1.100003051758
2024-09-18,193.755,-1.100003051758,-0.001654133215,0.002528038109,0.000229837851,0.003236162171,-0.901713396678,0.03401309581,843682600.0,194.4,-0.147441041853,3.555714198521,25.115144182237,36.789534004607,-0.814997558594
2024-09-19,192.23,-0.814997558594,0.002539598985,0.001522605661,-0.000623691295,-0.006178105209,-0.95527520371,0.036356452541,840445800.0,194.070001220703,-0.015152672347,3.670000348772,19.239626473563,31.912401347349,1.389995117188
2024-09-20,193.37,1.389995117188,-0.003202123401,0.001957068838,0.000441835511,0.001917098446,-0.917256155946,0.037204062436,844375100.0,193.989999389648,0.048863656469,3.642143249512,27.073650085129,23.80947358031,0.100001220703
2024-09-23,192.89,0.100001220703,0.001188792713,0.001983594333,0.000763556289,-0.004181724316,-0.87470621564,0.038048782507,832713900.0,193.841998291016,0.143421023125,3.596429007394,25.345608345121,23.886294967938,0.940001831055
2024-09-24,192.69,0.940001831055,-0.004540086026,0.002438144597,-0.000619393995,-0.001347499352,-0.797006647461,0.037089223093,835891900.0,193.461999511719,0.036370587334,3.471430097307,29.732838290611,27.384032240287,0.819994506836
2024-09-25,193.4046,0.819994506836,0.002532197339,0.002621134021,0.000368374047,-0.003069072165,-0.742929091644,0.03610091426,831605400.0,193.473999023438,0.086701056223,3.48428780692,27.316964240847,27.46513695886,-2.144605493164
2024-09-26,190.33,-2.144605493164,-0.006064981892,0.001591969139,0.000407022112,0.001209889532,-0.82796652845,0.039533340115,826016100.0,193.137997436523,-0.370064664695,3.38714490618,3.52512322649,20.191641919316,1.569993896484
2024-09-27,192.685,1.569993896484,0.003647796922,0.003255451713,-1.1194311e-05,0.00044132918,-0.809420631892,0.04144352115,832231800.0,192.793997192383,0.285389151161,3.482858930315,23.147181383488,17.996422950275,2.104993286133
2024-09-30,194.48,2.104993286133,0.000308089838,0.001480831409,-0.000495676643,-0.001898896587,-0.581488338327,0.041351810438,837123700.0,193.057995605469,0.201900797147,3.672144208636,52.48725852642,26.386521045466,2.999995727539
2024-10-01,198.245,2.999995727539,0.000860837415,0.00181522894,0.001411862168,0.003010371869,-0.245703303539,0.042791808191,841673900.0,193.787994384766,0.41284246975,3.435715811593,97.518647521126,57.717695810345,-1.284993286133
2024-10-02,195.145,-1.284993286133,-0.006600340208,0.002866860881,-0.001330212088,-0.002632116938,-0.064214814396,0.041736610421,837749300.0,194.477996826172,-0.128818039329,3.194286891392,78.502746571842,76.16955087313,1.675007324219
2024-10-03,196.735,1.675007324219,0.000253977193,0.00157921471,0.000451073836,-0.000685731701,0.035446071292,0.041496897592,834802400.0,195.589999389648,0.233929433872,3.105001177107,77.005427874041,84.342273989003,-1.285003051758
2024-10-04,194.99,-1.285003051758,-0.001790692505,0.001445361353,0.000270045724,-0.000563813429,1.7395705e-05,0.040853659678,831348600.0,196.3,-0.301449802137,3.071429661342,62.352920050384,72.620364832089,-0.700006713867
2024-10-07,193.99,-0.700006713867,0.000669128042,0.001938122058,0.000503562897,-0.002186045315,-0.104823471835,0.040437034945,826598900.0,196.2,-0.149708066857,3.11714390346,49.946471871178,63.101606598535,-0.379999389648
2024-10-08,193.455,-0.379999389648,0.003770444322,0.001469360685,1.4856389e-05,-0.004553874653,-0.216802531386,0.039873738979,821565100.0,195.426000976562,-0.174188807127,2.973572867257,42.673827680573,51.657739867378,-0.445005493164
2024-10-09,192.738,-0.445005493164,-0.000828912532,0.001284821249,-0.00046582489,-0.00058076225,-0.321786851059,0.033059562821,817146100.0,194.635998535156,-0.234694531233,2.898572649275,36.25665429257,42.958984614774,2.012
2024-10-10,193.98,2.012,-0.001078339994,0.002004729105,0.000177709686,-0.002878585381,-0.266816061041,0.033103427403,821625000.0,194.221997070312,0.330676090156,2.951430184501,54.86632656138,44.598936178174,0.370006103516
2024-10-11,195.04,0.370006103516,0.003344450096,0.001297282051,0.000256423406,0.000205128205,-0.250431800605,0.033083206107,818062500.0,194.001998901367,-0.057721861676,2.940716334752,50.588319766377,47.237100206776,-0.849997558594
2024-10-14,194.37,-0.849997558594,0.0002574955,0.001847199341,0.00023542095,0.000669275124,-0.243205318545,0.033084334254,815089500.0,193.982000732422,-0.239700456021,2.909287588937,48.877051770176,51.443899365978,1.279993896484
2024-10-15,194.52,1.279993896484,-0.004702265258,0.002297848303,0.000131962713,-0.001078416269,-0.138158960794,0.033008228235,818713400.0,194.389999389648,0.269907203236,2.842143467494,64.491923447886,54.65243166148,-2.659999389648
2024-10-16,189.535,-2.659999389648,-0.007349127789,0.002949278026,0.001216599534,-0.004804410606,-0.312034572745,0.034670647355,812159900.0,194.160000610352,-0.272179340783,2.943571908133,23.957262360313,45.775412526125,0.925006713867
2024-10-17,191.05,0.925006713867,0.000419965187,0.002325390994,-0.000783264582,0.002676603338,-0.498382857311,0.038373702509,806583900.0,193.302001953125,0.008230877065,2.935000828334,16.894629473725,35.114605093975,-2.479992675781
2024-10-18,188.42,-2.479992675781,0.002121195741,0.002357517066,0.000464237282,-0.002910514897,-0.712915176922,0.046041662583,802164900.0,192.146002197266,-0.30332896308,2.742142813546,1.046628618783,13.966173484274,0.440000610352
2024-10-21,189.06,0.440000610352,-0.000794206799,0.001951936834,-5.666134e-05,0.001854697684,-0.793119647386,0.051469771316,807772800.0,191.080001831055,-0.031897324275,2.619285583496,6.475458892412,8.13890566164,-2.520006713867
2024-10-22,186.705,-2.520006713867,-0.001179296504,0.001530968227,-0.000214147645,0.002066337484,-0.949682034903,0.060957026965,803276300.0,189.258001708984,-0.301535109388,2.686428615025,5.824316157108,4.448801222768,2.054994506836
2024-10-23,188.72,2.054994506836,-0.00031785103,0.0019236354,0.000125307137,0.000105988341,-0.853999569961,0.064392038492,807486700.0,188.638000488281,0.432685612003,2.709286281041,25.716793684169,12.672189577896,-0.839995117187
2024-10-24,188.7,-0.839995117187,0.00292733542,0.001732738948,0.000523373936,0.001432892851,-0.801118487013,0.068282722995,803220000.0,188.12200012207,-0.226925152689,2.670715332031,19.043120326541,16.861410055939,0.949993896484
2024-10-25,189.555,0.949993896484,0.000158179701,0.001734025728,0.000160184976,-0.000659004639,-0.606895237943,0.069784055842,809961800.0,188.337997436523,0.271281114636,2.670715332031,35.980819182044,26.913577730918,-1.704993896484
2024-10-28,188.97,-1.704993896484,0.001277563091,0.002121324898,-0.00061194471,0.004678611303,-0.560707303728,0.072577192004,805944399.9999999,188.135998535156,-0.330421842687,2.70357295445,18.756050584391,24.593330030992,0.709992675781
2024-10-29,189.46,0.709992675781,0.004270417802,0.002874166623,0.000182937503,-0.005407107985,-0.376791835706,0.069142396249,811328100.0,188.763998413086,0.310341337031,2.694286891392,36.267888924194,30.334919563543,-0.010003051758
2024-10-30,190.88,-0.010003051758,0.011454200073,0.005505166475,-0.001109820994,-0.003861809832,-0.246797043527,0.065616515902,805196600.0,188.901998901367,-0.19000382468,2.672858101981,34.066972228656,29.69697057908,10.62
2024-10-31,205.385,10.62,0.002332512262,0.005401693321,0.000271320278,0.01690845175,0.626830106001,0.076765273193,815593000.0,191.625997924805,0.392214295969,3.548571995326,94.835930997842,55.056930716897,-1.515004882812
2024-11-01,202.75,-1.515004882812,0.002452543346,0.002427704653,-0.001462386039,-0.007926799432,1.301570467057,0.093784628107,824422300.0,194.469998168945,0.175486210219,3.851429530552,83.90102225625,70.934641827583,0.800003051758
2024-11-04,202.92,0.800003051758,0.001179023487,0.002417930222,0.000829679518,-0.004269100545,1.641646197424,0.10706093689,819928399.9999999,197.609997558594,-0.164203760878,3.832143511091,82.407826050296,87.048259768129,-2.449998779297
2024-11-05,199.59,-2.449998779297,9.9786863e-05,0.002426804329,0.001266354368,-0.004489001945,1.574254269962,0.112752333137,816396600.0,199.767999267578,-0.402907449061,3.760001046317,68.035447653075,78.114765319874,2.089992675781
2024-11-06,204.38,2.089992675781,0.020378821696,0.004084951456,-0.00231992591,-0.00786407767,1.525191610125,0.119369015052,821505900.0,202.213998413086,0.156280579203,3.827142987932,73.681695935931,74.708323213101,-3.180003051758
2024-11-07,200.515,-3.180003051758,0.003727634251,0.001767764298,-0.000653767755,-0.007105719237,1.378862071768,0.124320006555,814311100.0,202.153997802734,-0.419848575678,3.980000087193,71.441866025545,71.05300320485,-0.005005493164
2024-11-08,200.3,-0.005005493164,0.003241779328,0.002015908131,-0.001035038419,-0.00425045363,1.162693531085,0.127919102362,809790900.0,201.481997680664,-0.224527697731,4.092143467494,68.222070477728,71.115210813068,-0.8
2024-11-11,176.49,-0.8,-0.104912243989,0.008660469284,-0.000866402642,-0.011648093185,0.891012009052,0.130133911474,805193999.9999999,200.671997070312,-0.338358467121,4.015000479562,62.920801209616,67.528245904296,-2.060007324219
2024-11-12,175.46,-2.060007324219,0.00905808575,0.00499943185,-0.00158257072,-0.003124822453,-0.938706585938,0.159815393362,784433700.0,195.463995361328,-0.335814905015,5.724285670689,4.997097657399,45.379989781581,-4.370003662109
2024-11-13,170.89,-4.370003662109,0.003390039415,0.004313832094,0.000313188348,-0.004543601095,-2.260157723778,0.191122963584,773876700.0,189.34599609375,-0.422919398247,5.99785723005,0.165328036553,22.694408967856,-0.539993896484
2024-11-14,169.0,-0.539993896484,-0.00205462924,0.002719235294,-0.000687928795,-0.005882352941,-3.022686341941,0.217799998852,765393200.0000001,183.175997924805,-0.211957988381,6.02642931257,1.858274376131,2.340233356694,0.630004882812
2024-11-15,166.79,0.630004882812,0.0,0.005489359194,-0.000266785333,-0.016742321523,-3.38675517696,0.241267461914,756950700.0,177.0,-0.052124125092,6.049285888672,2.685278207802,1.569626873495,-1.799994506836
2024-11-18,165.5,-1.799994506836,0.003818350222,0.00290562734,-0.001178380175,-0.000724550175,-3.72443807462,0.27080231108,745685300.0,170.098001098633,-0.457624976703,6.212857927595,0.633812755328,1.72578844642,0.779998779297
2024-11-19,166.13,0.779998779297,-0.006074058902,0.002496036788,0.001055516118,0.00520360622,-3.640953855662,0.293089712077,754026700.0,168.468002319336,0.175937363653,6.162858145578,3.661965575231,2.32701884612,0.440007324219
2024-11-20,165.95,0.440007324219,0.002041161811,0.002366604757,-0.000115660017,-0.00575160266,-3.35338484779,0.312249320227,759272700.0,167.564004516602,0.207444092796,5.412144252232,6.343390361043,3.546389563867,1.809994506836
2024-11-21,167.8,1.809994506836,0.004947555187,0.002665757162,0.001522529112,-0.004685924432,-2.887896714053,0.327204050808,766408300.0,167.046002197266,0.194786101573,5.152144295829,9.329233088795,6.444863008356,3.929995727539
2024-11-22,174.05,3.929995727539,0.015198280296,0.003070150281,-8.03211e-06,-0.001663416313,-2.151297874179,0.335238116179,773256000.0,167.466000366211,0.299523006308,5.375717163086,18.705712928158,11.459445459332,2.899996948242
2024-11-25,178.375,2.899996948242,0.000395633373,0.003578974127,0.000581181304,0.007654502316,-1.198710501553,0.338171619541,784584600.0,169.857998657227,0.258615701739,5.597860063825,31.034484000602,19.689810005851,-1.315002441406
2024-11-26,177.2825,-1.315002441406,0.000169427198,0.00302716133,-0.000499568394,0.001087017901,-0.484058102494,0.340139941746,797049600.0,172.013998413086,0.015527201705,5.552860804967,31.294287070662,27.011494666474,3.857499389648
2024-11-27,181.4725,3.857499389648,0.0,0.002310533289,-3.3882774e-05,0.001835596776,0.298457474624,0.33994916409,803997100.0,174.927996826172,0.420373423053,5.530004228864,45.001291705913,35.776687592392,1.607501831055
2024-11-29,182.77,1.607501831055,0.000327712246,0.001604728623,-0.000782076503,-0.002020312329,0.945237610848,0.32884432451,809268600.0,177.991998291016,0.298701098037,5.547861371722,50.604000381744,42.29985971944,0.159992675781
2024-12-02,180.47,0.159992675781,-0.00355323852,0.002570676176,0.000182257404,-0.009902619668,1.337502073688,0.311872111664,806557900.0,180.231997680664,-0.098122818824,5.450003487723,93.587800736475,63.064364274711,1.300004272461
2024-12-03,183.09,1.300004272461,0.002805713236,0.002156517446,-2.9552898e-05,0.004443712969,1.482174938022,0.292075059457,802621300.0,181.195999145508,-0.055842809236,3.826431274414,87.909935084251,77.367245400823,-1.59
2024-12-04,179.6052,-1.59,-0.007713464994,0.002059522488,3.8446913e-05,-0.002747362576,1.517496726018,0.27441185894,798513700.0,182.083999633789,-0.186525758229,3.571430751256,86.588328781833,89.362021534186,-3.145193286133
2024-12-05,174.18,-3.145193286133,-0.008387231837,0.003574065607,8.7233467e-05,-0.00457195108,1.17455951407,0.25048761968,792388200.0,181.148001098633,-0.388017497129,3.757144383022,61.918767702722,78.805677189602,1.989998168945
2024-12-06,176.415,1.989998168945,-0.000964966627,0.001868693182,4.9839516e-05,0.002357954545,0.912970095012,0.220784458549,786944000.0,179.766000366211,0.195574377952,3.76857321603,60.499245273575,69.668780586044,-0.224997558594
2024-12-09,174.83,-0.224997558594,-0.003405449204,0.002304174497,-0.000213761995,-0.004328264708,0.733784296408,0.183204521853,791783600.0000001,178.418002319336,0.044143798924,3.602144513811,60.597161400304,61.005058125534,1.740007324219
2024-12-10,175.7514,1.740007324219,-0.005890063441,0.003047855068,-0.000457738368,0.001261322851,0.636942661419,0.133266130981,796178100.0,177.378002929688,0.141287148988,3.731430053711,62.45719436755,61.184533680476,-0.081401831055
2024-12-11,175.03,-0.081401831055,0.001650871224,0.003415833144,-8.8696926e-05,-0.005285292112,0.513650124713,0.133318065032,792088500.0,176.212002563477,0.031448538957,3.717143467494,53.899935563846,58.984763777234,-0.660004882813
2024-12-12,175.365,-0.660004882813,0.003096912084,0.002303641873,2.5022723e-05,0.002601337831,0.353544485204,0.131797690206,782596300.0,175.794000244141,-0.36186387913,3.710000174386,43.013821001072,53.123650310823,-2.174997558594
2024-12-13,173.6,-2.174997558594,0.000346426224,0.002378008658,-0.000590687748,0.00202020202,0.185611090665,0.129803663163,777596800.0,175.198001098633,-0.208070968033,3.594285147531,9.795893454239,35.569883339719,-0.230004882812
2024-12-16,171.38,-0.230004882812,-0.009805600716,0.003795507765,-0.001811899531,-0.001712548202,0.107942799701,0.126788839622,783068400.0000001,174.633999633789,0.03101099158,3.265713282994,11.26522141968,21.35831195833,0.250004882813
2024-12-17,174.42,0.250004882813,-0.006117829178,0.003533298159,0.001553815252,0.022511431586,-0.031852420284,0.116007857991,774910500.0,173.645999145508,0.001069957922,3.222855704171,8.023381216311,9.694832030077,0.960004882813
2024-12-18,174.38,0.960004882813,0.003706202979,0.003938192354,0.000220584259,-0.009373402261,0.147171649899,0.104665080442,782575200.0,173.588000488281,0.399491148227,3.316426958357,36.849598135431,18.712733590474,-1.359995727539
2024-12-19,173.0,-1.359995727539,-0.000520238091,0.002585503447,0.001064693059,0.000404788065,0.126379338183,0.093266018374,777103600.0000001,173.318002319336,-0.398332871511,3.339997427804,21.080272985641,21.984417445795,-1.479995727539
2024-12-20,174.205,-1.479995727539,0.001574096356,0.004469306262,-8.2981547e-05,0.014034250323,0.036031142478,0.085483606667,770993100.0,172.984002685547,-0.188830902733,3.518569946289,9.849614743164,22.593161954746,1.375001831055
2024-12-23,174.93,1.375001831055,-0.001651717405,0.002164641451,-0.000311833216,-0.002053739517,0.26156680068,0.081753697647,789944000.0,173.42600402832,0.326117553539,3.666427612305,40.375940191634,23.768609306813,3.459999389648
2024-12-24,178.04,3.459999389648,0.000112137858,0.0019330755,1.7518842e-05,-0.002073874783,0.592901143521,0.082173463598,796889600.0,174.778002929688,0.396841369066,3.808569771903,79.882817148816,43.369457361205,1.96
2024-12-26,179.31,1.96,-0.005444420709,0.002356049603,-0.000109697407,0.001619930734,0.895246615014,0.083733917222,799582400.0,175.702001953125,0.347672889904,3.575713021415,98.293189600664,72.850648980372,-0.110003051758
2024-12-27,178.87,-0.110003051758,-0.007142850453,0.002096138736,-0.000782263416,0.003872488495,1.007731722703,0.081681207406,796823100.0,176.938000488281,0.057122525728,3.470712934222,88.658686140218,88.944897629899,-0.860005493164
2024-12-30,175.92,-0.860005493164,-0.005561430621,0.001895492035,-0.000239011755,-0.00621398712,0.968133702971,0.075034308969,794077700.0,178.235998535156,0.025643444779,3.455713544573,76.92296116075,87.958278967211,0.279996948242
2024-12-31,177.295,0.279996948242,0.000851357309,0.001629089878,9.0642469e-05,0.005358661752,0.793515506439,0.066993786787,790672000.0,178.359997558594,-0.218852524874,3.366427830287,59.072885545725,74.884844282231,0.404996948242
2025-01-02,179.66,0.404996948242,0.005402401409,0.002637635733,0.000683964092,0.005597223777,0.752850782349,0.060794114888,793998400.0,178.221997070312,0.35696280938,3.282856532506,73.865785842972,69.953877516482,-0.219997558594
2025-01-03,179.98,-0.219997558594,0.001226043344,0.002077257041,0.000436627943,0.001781142157,0.811877902367,0.056514927059,798090400.0,178.109997558594,0.212684478332,3.277142116002,91.025604360996,74.654758583231,1.240001220703
2025-01-06,179.91,1.240001220703,-0.002428001536,0.002800254453,0.0002879991,-0.004812479257,0.930997483875,0.062557700688,802470600.0,178.513998413086,0.289230228579,3.194999694824,96.918960513383,87.270116905784,0.190006103516
2025-01-07,180.76,0.190006103516,-0.002609667989,0.001682470758,0.000209072248,0.006290708679,0.894344643615,0.065637523587,796168500.0,178.932000732422,-0.117447234004,3.208571297782,84.027261005257,90.657275293212,-1.230001220703
2025-01-08,177.79,-1.230001220703,-0.001838143114,0.002421261161,-0.000158437124,-0.007868303571,0.795038613382,0.067527528863,790263300.0,179.598001098633,-0.002700839725,3.275714329311,77.92641073078,86.290877416474,0.71
2025-01-10,175.52,0.71,-0.009187671651,0.002863564401,-0.001205205936,-0.007576614271,0.630500929809,0.068244846124,785774799.9999999,179.758001708984,-0.105806642708,3.065715244838,68.977196943444,76.976956226494,-0.350001831055
2025-01-13,174.61,-0.350001831055,-5.7056042e-05,0.002109499886,0.000611707787,-0.003139986298,0.285484786236,0.06848530928,780402600.0,178.904000854492,-0.188696412756,3.172144208636,40.828411522028,62.577339732084,2.130005493164
2025-01-14,175.285,2.130005493164,-0.000735571341,0.002680482419,-0.000189529636,-0.007502406432,0.157491016141,0.067422835402,785136700.0,178.008001708984,0.227330865149,3.17928641183,52.82367273864,54.20976040137,0.265003051758
2025-01-15,172.7029,0.265003051758,-0.011563649923,0.004271158113,0.001879411839,-0.004680287007,-0.004264018991,0.065090206862,780357600.0,177.098001098633,-0.189363747939,2.932858058384,25.113146381481,39.588410214049,-1.352893896484
2025-01-16,171.585,-1.352893896484,0.000583547366,0.002364712744,-0.001199794304,0.000787401575,-0.370781593724,0.068710731991,772308900.0,175.462002563477,-0.172274690934,3.133573259626,19.553944084431,32.496921068184,2.114996948242
2025-01-17,173.16,2.114996948242,-0.004720737362,0.003702741786,-0.000741266933,0.001619620546,-0.427576899224,0.06525817652,777544900.0,174.502001953125,0.336936788837,3.212859017508,37.02599893764,27.231029801184,-1.600002441406
2025-01-21,174.85,-1.600002441406,0.003497354349,0.003235039756,-0.002150247798,0.015625,-0.572833136001,0.070270930949,769692400.0000001,173.780001831055,-0.234721036759,3.284287588937,21.115219197508,25.898387406526,-2.239999389648
2025-01-22,168.805,-2.239999389648,-0.013382756216,0.003763945978,0.001653676489,-0.008778625954,-0.561036292802,0.070874932242,777240900.0,172.954000854492,0.063536674928,3.432144165039,28.921935107707,29.021051080952,0.394996948242
2025-01-23,169.54,0.394996948242,0.007446866361,0.002357444562,-0.000661735934,-0.005397160624,-0.734768525603,0.076195862584,767775900.0,171.683999633789,-0.187427017947,3.57857295445,8.079371653119,19.372175319445,1.129998168945
2025-01-24,170.73,1.129998168945,-0.0079099482,0.00219631467,0.000472319273,0.008327427356,-0.702574261085,0.081758906182,774892100.0,171.547998046875,0.053983737284,3.599287850516,18.497523013938,18.499609924921,-0.429996948242
2025-01-27,176.31,-0.429996948242,0.013857901163,0.004417120352,0.001784433138,0.021139812348,-0.658819892912,0.086383722577,769307200.0,170.867999267578,0.268900578072,3.583573477609,15.87530401212,14.150732893059,0.589993896484
2025-01-28,175.78,0.589993896484,-0.00056523939,0.002771436652,0.001109068014,-0.005769230769,-0.163803747271,0.083787089172,776292400.0000001,171.935998535156,0.449949508738,3.896429879325,62.650573741144,32.341133589067,-0.970002441406
2025-01-29,176.39,-0.970002441406,-0.001773339986,0.003014326648,1.9366552e-05,0.010830945559,0.033903635037,0.081816207333,770688700.0,172.375997924805,-0.280276918773,3.947144644601,47.838410400703,42.121429384655,-1.130005493164
2025-01-30,175.475,-1.130005493164,0.004279356519,0.003624737231,0.000164466424,-0.003039600023,0.19691866103,0.080730707376,774437000.0,173.587997436523,0.152511985328,3.864287240165,64.400642555312,58.296542232386,0.174993896484
2025-01-31,188.48,0.174993896484,0.066325132708,0.008283769354,0.001213615602,0.00630005339,0.325365951671,0.080628817298,779646200.0,174.583996582031,-0.078020658064,3.777858189174,76.512073972817,62.917042309611,-4.580006103516
2025-02-03,187.565,-4.580006103516,-0.003915178057,0.005591986025,0.002745828314,0.023938202861,0.926278737997,0.091041848563,791574500.0,177.303994750977,-0.187854094353,4.560001918248,66.807219957295,69.239978828475,2.574999389648
2025-02-04,189.295,2.574999389648,-0.013200770563,0.003388287824,0.000154475905,0.008873847466,1.661438572295,0.115828135993,801404500.0,179.951995849609,0.390938491238,4.979288373675,93.12524495073,78.814846293614,0.654996948242
2025-02-05,191.65,0.654996948242,0.003000828288,0.00255051963,0.000592231564,0.005931135839,2.028068722864,0.133039056675,794026700.0,182.979995727539,0.293718783183,5.080001831055,92.323885239233,84.085450049086,0.1
2025-02-06,190.62,0.1,0.000782236748,0.001816258468,-0.000458325148,-0.006670140698,2.266867371659,0.152457917053,800476300.0,186.277996826172,0.186766884164,4.839287894113,93.562383837903,93.003838009289,2.350001220703
2025-02-07,192.6301,2.350001220703,0.000984621652,0.002319269,-0.001048294594,-0.002743321599,2.370844480737,0.171267035526,805062700.0,189.741998291016,0.146315922956,4.874288286482,94.24894507347,93.378404716869,-2.030093896484
2025-02-10,189.32,-2.030093896484,0.004512070214,0.002373863992,-0.002328802347,-0.011177269404,2.150358595233,0.182314797382,801256800.0,191.082000732422,-0.365297185865,4.924288068499,85.28188337994,91.031070763771,1.019996337891
2025-02-11,188.6435,1.019996337891,-0.002836993257,0.003008166491,-6.4493159e-05,-0.006093256059,1.867817058686,0.189974057631,797571100.0,191.12200012207,-0.230062345523,4.776431492397,84.298116117142,87.942981523517,3.186501831055
2025-02-12,191.9,3.186501831055,-0.006933231603,0.001909868766,0.000351186342,0.007349081365,1.668616289071,0.198707978278,801548100.0,191.498001098633,0.286132485583,4.713574000767,89.773153924292,86.451051140458,1.1
2025-02-13,193.325,1.1,0.006632118027,0.003826893601,0.001825465136,-0.004915585753,1.507869097211,0.206393479877,806073100.0,191.748001098633,0.32438155859,4.840001787458,94.096651466623,89.389307169352,0.124996948242
2025-02-14,193.105,0.124996948242,0.002584647236,0.002643671049,0.000663104806,-0.004356792988,1.330264961804,0.207924991961,810182000.0000001,191.844000244141,-0.13824778403,4.910716465541,95.251104515525,93.040303302147,-0.235004882812
2025-02-18,195.79,-0.235004882812,-0.004510785188,0.0049346875,0.001106729395,0.019739583333,1.082641464247,0.208869924438,806205100.0,192.297998046875,-0.218779161813,4.571430751256,89.230779076286,92.859511686145,0.46
2025-02-19,196.5242,0.46,0.002751558146,0.001877127903,0.000530669067,-0.001350678388,1.054362838203,0.208647855674,812270600.0,193.479998779297,0.350823707082,4.780002049037,96.657968802719,93.71328413151,0.825806103516
2025-02-20,197.825,0.825806103516,0.003293609711,0.002270959596,0.000470869914,-0.000883838384,1.017140438728,0.20795352228,817159300.0,194.583999633789,0.138656509374,4.742859976632,96.85041709898,94.246388325995,3.055004882813
2025-02-21,201.2,3.055004882813,-0.002787721749,0.001909001154,0.000690824822,0.004392971246,1.129021701879,0.202034608371,822226300.0,196.160000610352,0.329156804212,4.91357421875,97.501324514543,97.003236805414,0.880001831055
2025-02-24,202.545,0.880001831055,-0.001237133797,0.002839353251,0.000436814684,0.003542585344,1.177224709072,0.195257584061,828115700.0,197.886001586914,0.232020086629,4.045001438686,91.296409812048,95.21605047519,1.535001831055
2025-02-25,204.13,1.535001831055,0.005389998211,0.004341513342,-4.5542432e-05,-0.005093213111,1.231359730364,0.184502630533,834420700.0,200.128002929688,0.276926686158,3.667143685477,92.303531681594,93.700422002728,0.009999389648
2025-02-26,202.84,0.009999389648,-0.002694244408,0.002936146176,0.001421911488,-0.003683874454,1.159762034387,0.18194454495,842167500.0,201.706002807617,-0.133111627871,3.635714939662,89.464816236157,91.021585909933,0.169994506836
2025-02-27,204.99,0.169994506836,0.000246308325,0.003507140747,0.001208287799,0.009504579927,0.934524268586,0.168334521601,837400800.0,202.838000488281,-0.114922192237,3.582143511091,83.098591544614,88.288979820788,0.030004272461
2025-02-28,206.85,0.030004272461,0.000487712626,0.00333200078,-1.0427738e-05,0.008434087363,0.823053648766,0.152186784587,843097700.0,203.666000366211,0.226481694266,3.626428876604,90.39914800531,87.654185262027,2.179998779297
2025-03-03,210.7,2.179998779297,0.004544787608,0.003717115916,-0.000545312344,0.00342889799,0.914491994201,0.1358162533,856234100.0,205.055999755859,0.389100601897,3.752857753209,97.32892682551,90.275555458478,0.779995727539
2025-03-04,213.305,0.779995727539,0.014138479069,0.005492796195,-8.69618e-05,-0.005431995151,1.026676686909,0.13864886445,863250500.0,206.535998535156,0.229253918851,3.825714111328,96.588989044441,94.772354625087,-5.545005493164
2025-03-05,210.56,-5.545005493164,-0.003321078171,0.004870237118,-0.000946367977,0.016854203892,0.749889008448,0.140733760612,855696500.0,207.259997558594,-0.400671074539,4.134286063058,68.737602610657,87.551839493536,0.979993286133
2025-03-06,210.66,0.979993286133,-0.000425434153,0.002363442894,0.000338223157,-0.003736107827,0.720733980757,0.145771330006,861449300.0,208.965997314453,0.376256927865,4.291428702218,83.513367462289,82.946653039129,0.09
2025-03-07,209.69,0.09,0.001708187949,0.003424233812,-0.001389021248,-0.006726351191,0.555029740041,0.148616059696,857103300.0,210.111996459961,-0.092318179999,4.336427961077,80.352130517714,77.534366863553,4.599993286133
2025-03-10,213.95,4.599993286133,-0.020066209005,0.00528963284,-0.000930542492,0.018858040859,0.587490190467,0.155627969862,863909400.0,211.163995361328,0.279417949561,4.59285736084,94.517766803627,86.127754927877,2.710003662109
2025-03-11,214.955,2.710003662109,0.0,0.003527185452,-0.000884917885,-0.007869472907,0.666450214748,0.159690733456,872513400.0,212.199996948242,0.374368106963,4.815000261579,91.169981490069,88.679959603803,-1.365003662109
2025-03-12,209.8,-1.365003662109,-0.007444151717,0.003817735849,-0.001094763002,-0.010377358491,0.421727860526,0.154554142,865368900.0,213.365997314453,-0.351228364357,4.968571254185,76.775048558292,87.487598950663,2.259997558594
2025-03-13,213.035,2.259997558594,-0.000282927281,0.003637264151,0.000562994279,0.004882075472,0.084274956916,0.147013888856,859229100.0,213.469998168945,0.017330351613,4.970714024135,64.592240771066,77.512423606476,-1.484996948242
2025-03-14,211.255,-1.484996948242,-0.008366836431,0.004502192773,-0.0012187821,0.007031175517,-0.228707609662,0.138184248047,853669600.0,213.629998779297,-0.064740488056,4.910715375628,59.09091706888,66.819402132746,0.515004272461
2025-03-17,210.575,0.515004272461,0.002124932423,0.004080718123,0.001062683362,-0.007751390067,-0.462837686903,0.127389187173,858181199.9999999,213.126000976562,0.230342323584,4.932859148298,60.011636697645,61.231598179197,3.895001220703
2025-03-18,214.51,3.895001220703,0.0,0.002272578915,-5.9052035e-05,0.000186506271,-0.475948631604,0.113858745007,863256600.0,212.688000488281,0.202068558416,5.098573957171,75.681951419022,64.928168395183,-0.659993896484
2025-03-19,212.97,-0.659993896484,0.000841677207,0.002877213475,0.00142822841,-0.004952576742,-0.560631122798,0.103079310539,858168399.9999999,212.740002441406,-0.099724987988,5.11285836356,70.688625923912,68.79407134686,-0.72
2025-03-20,211.685,-0.72,0.003580657276,0.002468006197,-0.000198430042,-0.006220365241,-0.746998296573,0.089824806532,852755500.0,212.778002929688,-0.230483815424,5.053572518485,55.017518156775,67.12936516657,0.275006713867
2025-03-21,211.92,0.275006713867,-0.001085162196,0.001886312232,-0.000435191802,0.000897369291,-0.902025266428,0.081245802563,846919400.0,212.860003662109,-0.221821189743,4.847857883998,47.077448573213,57.594530884633,-1.910005493164
2025-03-24,209.95,-1.910005493164,-0.002952217196,0.002760399255,7.9025058e-05,0.002674435264,-1.133164665077,0.072825434738,830261700.0,212.508001708984,-0.197872974306,4.90142931257,31.674513006034,44.589826578674,-0.780001831055
2025-03-25,208.17,-0.780001831055,0.000239054607,0.002203231049,-9.8011241e-05,-0.005018640665,-1.326471819279,0.067268721692,822867900.0,211.448001098633,-0.022835916631,4.582143511091,25.039472762417,34.597144780555,-6.830003662109
2025-03-26,198.285,-6.830003662109,0.00884076096,0.005840829087,0.000409315919,-0.023779632228,-1.928995498198,0.073294604776,812778800.0000001,208.945999145508,-0.374250504889,4.846429007394,10.165931426724,22.293305731725,3.015003051758
2025-03-27,203.06,3.015003051758,0.003576757128,0.002368973369,0.000398247773,0.005148005148,-2.254886162704,0.076949237045,806035900.0,206.755999755859,-0.120786586111,5.071428571429,21.695976344799,18.967126844647,-0.339998779297
2025-03-28,203.62,-0.339998779297,4.9302026e-05,0.003009076111,0.000367525262,0.00439007547,-2.291992300367,0.080636554073,811031200.0,204.907998657227,0.152928963586,4.813570295061,28.101020486257,19.987642752593,1.669993286133
2025-03-31,204.88,1.669993286133,-0.004189198882,0.00366706622,8.8313148e-05,0.002372856479,-2.067534888286,0.083422014691,817509300.0,203.963998413086,0.299727893152,4.454284667969,43.629095644051,31.142030825036,4.640004272461
2025-04-01,211.785,4.640004272461,0.004772813954,0.003705728672,2.9219165e-05,0.006008930268,-1.580250079339,0.083300150352,828603000.0,204.033999633789,0.414128712957,4.606427873884,68.542885553838,46.757667228049,-5.514995727539
2025-04-02,203.83,-5.514995727539,0.004605599111,0.004213155101,0.000844636667,-0.016359424766,-1.42752954163,0.084361193189,820749800.0,205.020001220703,-0.308550867145,4.748570033482,51.446615490949,54.539532229613,1.360002441406
2025-04-03,209.615,1.360002441406,0.024903750424,0.003081312411,0.000127912741,-0.003257251545,-1.350775428275,0.086612850271,811487000.0,205.798001098633,-0.130763915071,5.017141069685,45.765383807218,55.251628284002,-7.975000610352
2025-04-04,197.32,-7.975000610352,-0.008133303881,0.004895979196,-0.000263862043,-0.013202640528,-1.480210192541,0.09318322417,803893900.0,205.582000732422,-0.434768556757,5.36856842041,27.090980454316,41.434326584161,-10.359993286133
2025-04-07,176.93,-10.359993286133,-0.031718055849,0.006793514887,0.000863793027,-0.02264817986,-2.439011204209,0.131345310475,790388700.0,201.916003417969,-0.434452071011,6.046425955636,2.723228867584,25.193197709706,9.620003051758
2025-04-08,186.94,9.620003051758,0.00562853409,0.005082515991,0.002268690457,-0.003518123667,-2.951144617427,0.155170069703,777807600.0000001,197.322003173828,0.263492372759,6.689998081752,26.870758618995,18.894989313632,-11.270001831055
2025-04-09,170.2564,-11.270001831055,-0.04195363576,0.008949138443,0.003086633415,0.011624480095,-3.81791331608,0.202522838989,765290500.0,191.202001953125,-0.325449832292,7.572140284947,8.150831121353,12.581606202644,9.583596337891
2025-04-10,171.625,9.583596337891,-0.011621421155,0.007057609001,-0.00231418348,-0.034458509142,-3.892365261822,0.227707839624,784268300.0,186.132000732422,0.401020618482,8.564998081752,31.862229733304,22.294606491217,2.574996948242
2025-04-11,170.115,2.574996948242,-0.002238802506,0.005724411714,-0.000671224199,-0.021258845866,-4.083485161014,0.258691701655,770298300.0,180.644000244141,-0.098824690182,9.331426348005,20.540198255224,20.184419703294,4.935003051758
2025-04-14,177.2077,4.935003051758,0.013653238206,0.004401825969,-0.000963498394,-0.001309174932,-3.914227374845,0.28028759808,779345999.9999999,178.261999511719,0.102974532785,9.625711713518,22.319943232741,24.907457073757,1.892306103516
2025-04-15,178.74,1.892306103516,-0.00781691294,0.003990883512,1.1368597e-05,0.005852560495,-3.314826964589,0.286806699767,786510400.0,176.77200012207,0.219159266027,9.287140982492,30.799850095154,24.553330527707,-1.939996948242
2025-04-16,175.815,-1.939996948242,-0.00152717346,0.002839257895,0.000261274628,-0.004022093188,-2.874930444352,0.29272674263,778431900.0,176.998001098633,-0.095548222861,9.112856183733,25.984097757954,26.367963695283,-4.135007324219
2025-04-17,172.515,-4.135007324219,0.005184148919,0.00256559335,0.000329413175,-0.000318711248,-2.731481706119,0.303595232539,768972600.0,175.366000366211,-0.320871407689,9.450000217983,15.263806793229,24.015918215446,0.475005493164
2025-04-21,171.95,0.475005493164,0.002774702077,0.004001441171,-2.654771e-05,-0.008762322015,-2.364785856572,0.306869071815,777970700.0,175.124002075195,0.073338839674,9.384999956403,18.006715017743,19.751539856308,-1.789996337891
2025-04-22,171.32,-1.789996337891,0.005406665192,0.002836684592,-0.00036723609,0.001402852467,-2.136202082756,0.31154623508,770606100.0,174.146002197266,-0.277417184402,9.331428527832,12.081249865961,15.117257225644,2.459998779297
2025-04-23,175.76,2.459998779297,0.007020377657,0.0054272,-0.001274505788,0.004342857143,-1.589674447951,0.306899918365,776798000.0000001,173.082000732422,0.370789097049,9.185000828334,20.280774882344,16.789579922016,1.290003051758
2025-04-24,176.74,1.290003051758,0.003162934476,0.003034739035,0.001370938799,-0.004898372839,-0.891228050826,0.305070283262,783917700.0,173.132000732422,0.283923968728,9.005714416504,27.343418633652,19.901814460653,3.629995117187
2025-04-25,184.365,3.629995117187,0.037423075804,0.00712109876,0.000213290947,-0.014723172296,-0.12895423773,0.298724187373,792707100.0,174.870001220703,0.271418635106,8.715000697545,44.875022334162,30.833071950053,1.694997558594
2025-04-28,189.38,1.694997558594,0.010426757319,0.005384840426,0.000862148299,0.007340425532,0.784908148486,0.28709413089,803189199.9999999,177.483999633789,-0.037443112324,8.232142857143,89.140272909626,53.786237959147,2.959996337891
2025-04-29,192.39,2.959996337891,0.001299781661,0.003081081081,0.00010628501,-0.001012539917,1.781740362707,0.271503139897,813597199.9999999,181.919998168945,0.410230971885,7.884999956403,97.285071715058,77.100122319615,1.119994506836
2025-04-30,192.77,1.119994506836,0.005064394678,0.004210396421,5.883523e-05,-0.008843642347,2.448151618118,0.244999052066,820268600.0,185.865997314453,0.105557764089,7.091428484235,93.483148706296,93.302831110327,2.330006103516
2025-05-01,191.42,2.330006103516,-0.011378786014,0.004300255772,0.000118214788,-0.007569473248,2.893751481644,0.224531564229,828669300.0,189.475997924805,0.076165817307,6.274285452706,97.792947969353,96.187056130236,1.919996337891
2025-05-02,196.2,1.919996337891,0.009465200505,0.003675821079,-0.000174612726,0.005277450428,2.957205979347,0.201487390068,822845700.0,192.069998168945,0.053773683253,5.642143249512,90.909055311427,94.061717329026,2.270001220703
2025-05-05,197.565,2.270001220703,0.0,0.002913941654,0.00029083444,-0.004559883106,3.210777343439,0.19432221857,829270500.0,194.551998901367,0.390270305795,5.499286106655,98.324591107373,95.675531462718,-1.494992675781
2025-05-06,193.6278,-1.494992675781,-0.002907162253,0.004306649616,-0.000819958245,-0.009576470588,3.082352704612,0.204641401519,824149000.0,195.298001098633,-0.33697144114,5.380000523158,90.440249110275,93.224631843025,-6.477806103516
2025-05-07,186.79,-6.477806103516,0.005450196664,0.003413509061,-0.000819158185,-0.00733379391,2.298114883586,0.204936052753,814757000.0,194.026000976562,-0.387256459804,5.818571908133,61.136659386156,83.300499867935,1.299996337891
2025-05-08,182.88,1.299996337891,-0.021053705844,0.00468397328,0.00137316471,-0.00678868191,1.767942416934,0.202911584048,820528700.0,192.623999023438,-0.002544143252,5.556428091867,64.224709208704,71.933872568378,2.700001831055
2025-05-09,188.45,2.700001831055,0.000916037112,0.004073270525,0.000156723948,0.014535666218,1.200605465309,0.20224515734,811712000.0,191.07200012207,0.15794705958,5.765713282994,55.978998612639,60.446789069166,-3.849993896484
2025-05-12,186.907,-3.849993896484,-0.024918775468,0.006619444444,-0.00039636089,0.038372222222,0.734619800008,0.196197895073,803905900.0,188.298001098633,-0.088784462988,5.759284973145,48.770952300264,56.324886707202,3.163007324219
2025-05-13,186.015,3.163007324219,-0.005471713079,0.003371422526,0.001553229952,-0.01594984923,0.7665362858,0.192182607586,816698600.0,187.098001098633,0.430151764938,6.344285147531,63.751066964117,56.167005959007,1.985
2025-05-14,186.5,1.985,-0.0078723177,0.002921266386,-0.001317233118,-8.0422486e-05,0.625922257252,0.190244605673,809174799.9999999,187.268002319336,-0.106821788845,6.365000043597,51.989514331784,54.837177865388,-9.059997558594
2025-05-15,176.96,-9.059997558594,0.003268720824,0.002409684577,-0.000840375905,-0.005926466871,-0.15869728151,0.189552531741,796962800.0000001,185.138003540039,-0.379723014187,6.794999258859,3.753336583103,39.831305959668,4.719992675781
2025-05-16,181.395,4.719992675781,-0.002091532581,0.002646883618,2.81879e-05,0.000523993381,-0.360973596186,0.177485731343,809036100.0,184.358001708984,0.345570832916,6.56857081822,22.802266825704,26.18170591353,2.625004272461
2025-05-19,184.7,2.625004272461,0.001086821778,0.002688687439,0.000679584423,0.002605580284,-0.308074267327,0.165430077568,815188900.0,184.242001342773,0.392744132795,6.317856924874,33.244091044714,19.933231484507,1.010006713867
2025-05-20,185.69,1.010006713867,-0.004577061401,0.001669641891,0.000741450845,0.004489884237,-0.13878876108,0.143858828135,820405600.0,183.370001220703,0.235301935032,6.198572431292,40.785382057076,32.277246642498,-0.839993896484
2025-05-21,184.38,-0.839993896484,-0.004977080862,0.0018289023,-5.8625481e-05,0.002446582939,-0.067847789422,0.128029472717,814900500.0,182.740002441406,0.00426607596,6.02642931257,36.947804835547,36.992425979112,-2.579996948242
2025-05-22,182.005,-2.579996948242,-0.002145211128,0.001538228323,0.000159229768,0.003279863293,-0.201872310481,0.120397077217,809759600.0000001,183.612002563477,-0.316692650285,5.83285849435,23.337788637725,33.690325176783,0.534993286133
2025-05-23,182.175,0.534993286133,-0.000931292731,0.002511323134,0.000201599575,-0.001069254812,-0.215010819439,0.117578927102,814448800.0,183.784002685547,0.179759922147,5.666429792132,27.222927293701,29.169506922324,1.084994506836
